ISO-10303-21;
HEADER;
FILE_DESCRIPTION(('STEP AP242'),
    '1');
FILE_NAME('5_WRIST2',
    '2026-05-30T12:44:02',
    (''),
    (''),
    'C3D Converter',
    'C3D Toolkit',
    '');
/**/
FILE_SCHEMA(('AP242_MANAGED_MODEL_BASED_3D_ENGINEERING_MIM_LF { 1 0 10303 442 1 1 4 }'));
ENDSEC;

DATA;
#1=PRODUCT_DEFINITION('','UNSPECIFIED',#31,#34);
#2=SHAPE_DEFINITION_REPRESENTATION(#29,#3);
#3=SHAPE_REPRESENTATION('NONE',(#4),#8);
#4=AXIS2_PLACEMENT_3D('',#5,#6,#7);
#5=CARTESIAN_POINT('',(0.,0.,0.));
#6=DIRECTION('',(0.,0.,1.));
#7=DIRECTION('',(1.,0.,0.));
#8=(GEOMETRIC_REPRESENTATION_CONTEXT(3)GLOBAL_UNCERTAINTY_ASSIGNED_CONTEXT((#10))
GLOBAL_UNIT_ASSIGNED_CONTEXT((#9,#11,#12))REPRESENTATION_CONTEXT('NONE','NONE'));
#9=(LENGTH_UNIT()NAMED_UNIT(*)SI_UNIT(.MILLI.,.METRE.));
#10=UNCERTAINTY_MEASURE_WITH_UNIT(LENGTH_MEASURE(1.E-5),#9,'NONE','NONE');
#11=(NAMED_UNIT(*)PLANE_ANGLE_UNIT()SI_UNIT($,.RADIAN.));
#12=(NAMED_UNIT(*)SI_UNIT($,.STERADIAN.)SOLID_ANGLE_UNIT());
#13=MANIFOLD_SOLID_BREP('',#14);
#14=CLOSED_SHELL('',(#51,#52,#53,#54,#55,#56,#57,#58,#59,#60,#61,#62,#63,#64,#65,
#66,#67,#68,#69,#70,#71,#72,#73,#74,#75,#76,#77,#78,#79,#80,#81,#82,#83,#84,#85,
#86,#87,#88,#89,#90,#91,#92,#93,#94,#95,#96,#97,#98,#99,#100,#101,#102,#103,#104,
#105,#106,#107,#108,#109,#110,#111,#112,#113,#114,#115,#116,#117,#118,#119,#120,
#121,#122,#123,#124,#125));
#15=COLOUR_RGB('',0.564705882352941,0.564705882352941,0.564705882352941);
#16=FILL_AREA_STYLE_COLOUR('',#15);
#17=FILL_AREA_STYLE($,(#16));
#18=SURFACE_STYLE_FILL_AREA(#17);
#19=SURFACE_SIDE_STYLE('',(#18));
#20=SURFACE_STYLE_USAGE(.BOTH.,#19);
#21=PRESENTATION_STYLE_ASSIGNMENT((#20));
#22=MECHANICAL_DESIGN_GEOMETRIC_PRESENTATION_REPRESENTATION('NONE',(#23),#8);
#23=STYLED_ITEM('',(#21),#13);
#24=ADVANCED_BREP_SHAPE_REPRESENTATION('NONE',(#13),#8);
#25=SHAPE_REPRESENTATION_RELATIONSHIP('','',#3,#24);
#26=GEOMETRIC_CURVE_SET('',(#126));
#27=GEOMETRICALLY_BOUNDED_WIREFRAME_SHAPE_REPRESENTATION('NONE',(#26),#8);
#28=SHAPE_REPRESENTATION_RELATIONSHIP('','',#3,#27);
#29=PRODUCT_DEFINITION_SHAPE('NONE','NONE',#1);
#30=MECHANICAL_CONTEXT('NONE',#35,'mechanical');
#31=PRODUCT_DEFINITION_FORMATION_WITH_SPECIFIED_SOURCE('ANY','UNSPECIFIED',#32,.NOT_KNOWN.);
#32=PRODUCT('5_WRIST2','5_WRIST2','NONE',(#30));
#33=PRODUCT_RELATED_PRODUCT_CATEGORY('detail','',(#32));
#34=DESIGN_CONTEXT('detailed design',#35,'design');
#35=APPLICATION_CONTEXT('configuration controlled 3d designs of mechanical parts and assemblies');
#36=APPLICATION_PROTOCOL_DEFINITION('international standard','config_control_design',
1994,#35);
#37=CC_DESIGN_DATE_AND_TIME_ASSIGNMENT(#38,#42,(#1));
#38=DATE_AND_TIME(#39,#40);
#39=CALENDAR_DATE(0,1,1);
#40=LOCAL_TIME(0,0,0.,#41);
#41=COORDINATED_UNIVERSAL_TIME_OFFSET(0,0,.AHEAD.);
#42=DATE_TIME_ROLE('creation_date');
#43=CC_DESIGN_APPROVAL(#44,(#1));
#44=APPROVAL(#45,'UNSPECIFIED');
#45=APPROVAL_STATUS('not_yet_approved');
#46=APPROVAL_DATE_TIME(#47,#44);
#47=DATE_AND_TIME(#48,#49);
#48=CALENDAR_DATE(0,1,1);
#49=LOCAL_TIME(0,0,0.,#50);
#50=COORDINATED_UNIVERSAL_TIME_OFFSET(0,0,.AHEAD.);
#51=ADVANCED_FACE('',(#127),#129,.F.);
#52=ADVANCED_FACE('',(#202),#204,.T.);
#53=ADVANCED_FACE('',(#209),#211,.T.);
#54=ADVANCED_FACE('',(#216),#218,.T.);
#55=ADVANCED_FACE('',(#223),#225,.T.);
#56=ADVANCED_FACE('',(#230,#232,#234),#236,.T.);
#57=ADVANCED_FACE('',(#241),#243,.T.);
#58=ADVANCED_FACE('',(#248,#250),#252,.T.);
#59=ADVANCED_FACE('',(#257,#259),#261,.T.);
#60=ADVANCED_FACE('',(#266,#268),#270,.F.);
#61=ADVANCED_FACE('',(#275),#277,.F.);
#62=ADVANCED_FACE('',(#350),#352,.F.);
#63=ADVANCED_FACE('',(#357),#359,.T.);
#64=ADVANCED_FACE('',(#364),#366,.T.);
#65=ADVANCED_FACE('',(#371),#373,.T.);
#66=ADVANCED_FACE('',(#378,#380),#382,.T.);
#67=ADVANCED_FACE('',(#387),#389,.T.);
#68=ADVANCED_FACE('',(#394),#396,.F.);
#69=ADVANCED_FACE('',(#401),#403,.T.);
#70=ADVANCED_FACE('',(#408,#410,#412,#414,#416),#418,.F.);
#71=ADVANCED_FACE('',(#423),#425,.F.);
#72=ADVANCED_FACE('',(#430),#432,.F.);
#73=ADVANCED_FACE('',(#437),#439,.T.);
#74=ADVANCED_FACE('',(#444),#446,.F.);
#75=ADVANCED_FACE('',(#451),#453,.T.);
#76=ADVANCED_FACE('',(#458),#460,.T.);
#77=ADVANCED_FACE('',(#465),#467,.T.);
#78=ADVANCED_FACE('',(#472),#474,.T.);
#79=ADVANCED_FACE('',(#479),#481,.T.);
#80=ADVANCED_FACE('',(#486),#488,.T.);
#81=ADVANCED_FACE('',(#493),#495,.T.);
#82=ADVANCED_FACE('',(#500),#502,.T.);
#83=ADVANCED_FACE('',(#507),#509,.T.);
#84=ADVANCED_FACE('',(#514),#516,.T.);
#85=ADVANCED_FACE('',(#521),#523,.F.);
#86=ADVANCED_FACE('',(#528),#530,.F.);
#87=ADVANCED_FACE('',(#535),#537,.F.);
#88=ADVANCED_FACE('',(#542),#544,.F.);
#89=ADVANCED_FACE('',(#549),#551,.T.);
#90=ADVANCED_FACE('',(#560),#562,.T.);
#91=ADVANCED_FACE('',(#567),#569,.T.);
#92=ADVANCED_FACE('',(#578),#580,.T.);
#93=ADVANCED_FACE('',(#597),#599,.T.);
#94=ADVANCED_FACE('',(#620),#622,.T.);
#95=ADVANCED_FACE('',(#635),#637,.T.);
#96=ADVANCED_FACE('',(#658),#660,.F.);
#97=ADVANCED_FACE('',(#665),#667,.F.);
#98=ADVANCED_FACE('',(#672),#674,.F.);
#99=ADVANCED_FACE('',(#679),#681,.F.);
#100=ADVANCED_FACE('',(#686),#688,.F.);
#101=ADVANCED_FACE('',(#693),#695,.F.);
#102=ADVANCED_FACE('',(#700),#702,.F.);
#103=ADVANCED_FACE('',(#707),#709,.F.);
#104=ADVANCED_FACE('',(#714),#716,.F.);
#105=ADVANCED_FACE('',(#721),#723,.F.);
#106=ADVANCED_FACE('',(#728),#730,.F.);
#107=ADVANCED_FACE('',(#735),#737,.F.);
#108=ADVANCED_FACE('',(#742),#744,.T.);
#109=ADVANCED_FACE('',(#749),#751,.T.);
#110=ADVANCED_FACE('',(#756),#758,.T.);
#111=ADVANCED_FACE('',(#763),#765,.T.);
#112=ADVANCED_FACE('',(#770),#772,.F.);
#113=ADVANCED_FACE('',(#777),#779,.T.);
#114=ADVANCED_FACE('',(#784),#786,.F.);
#115=ADVANCED_FACE('',(#791),#793,.F.);
#116=ADVANCED_FACE('',(#798),#800,.T.);
#117=ADVANCED_FACE('',(#805),#807,.F.);
#118=ADVANCED_FACE('',(#812,#814),#816,.T.);
#119=ADVANCED_FACE('',(#821),#823,.F.);
#120=ADVANCED_FACE('',(#828),#830,.T.);
#121=ADVANCED_FACE('',(#835),#837,.T.);
#122=ADVANCED_FACE('',(#850),#852,.T.);
#123=ADVANCED_FACE('',(#865),#867,.T.);
#124=ADVANCED_FACE('',(#880),#882,.T.);
#125=ADVANCED_FACE('',(#895),#897,.F.);
#126=CARTESIAN_POINT('',(0.,0.,0.));
#127=FACE_BOUND('',#128,.T.);
#128=EDGE_LOOP('',(#902,#903,#904,#905,#906,#907,#908,#909,#910,#911,#912));
#129=(BOUNDED_SURFACE()B_SPLINE_SURFACE(5,3,(
(#130,#131,#132,#133),
(#134,#135,#136,#137),
(#138,#139,#140,#141),
(#142,#143,#144,#145),
(#146,#147,#148,#149),
(#150,#151,#152,#153),
(#154,#155,#156,#157),
(#158,#159,#160,#161),
(#162,#163,#164,#165),
(#166,#167,#168,#169),
(#170,#171,#172,#173),
(#174,#175,#176,#177),
(#178,#179,#180,#181),
(#182,#183,#184,#185),
(#186,#187,#188,#189),
(#190,#191,#192,#193),
(#194,#195,#196,#197),
(#198,#199,#200,#201)),
.UNSPECIFIED.,.F.,.F.,.F.)B_SPLINE_SURFACE_WITH_KNOTS((6,4,4,4,6),
(4,4),
(0.,0.0244681701622128,0.0570923970467265,0.881471912526579,0.999999771654143),
(0.,1.),
.UNSPECIFIED.)GEOMETRIC_REPRESENTATION_ITEM()RATIONAL_B_SPLINE_SURFACE((
(1.,0.333333333333333,0.333333333333333,1.),
(1.,0.333333333333333,0.333333333333333,1.),
(1.,0.333333333333333,0.333333333333333,1.),
(1.,0.333333333333333,0.333333333333333,1.),
(1.,0.333333333333333,0.333333333333333,1.),
(1.,0.333333333333333,0.333333333333333,1.),
(1.,0.333333333333333,0.333333333333333,1.),
(1.,0.333333333333333,0.333333333333333,1.),
(1.,0.333333333333333,0.333333333333333,1.),
(1.,0.333333333333333,0.333333333333333,1.),
(1.,0.333333333333333,0.333333333333333,1.),
(1.,0.333333333333333,0.333333333333333,1.),
(1.,0.333333333333333,0.333333333333333,1.),
(1.,0.333333333333333,0.333333333333333,1.),
(1.,0.333333333333333,0.333333333333333,1.),
(1.,0.333333333333333,0.333333333333333,1.),
(1.,0.333333333333333,0.333333333333333,1.),
(1.,0.333333333333333,0.333333333333333,1.)))REPRESENTATION_ITEM('')SURFACE());
#130=CARTESIAN_POINT('',(0.,39.377777306775,-4.99999999999991));
#131=CARTESIAN_POINT('',(78.7555546135496,39.3777773067749,-4.99999999999991));
#132=CARTESIAN_POINT('',(78.75555461355,-39.3777773067751,-4.99999999999991));
#133=CARTESIAN_POINT('',(0.,-39.377777306775,-4.99999999999991));
#134=CARTESIAN_POINT('',(0.,39.388253537623,-5.29999999999991));
#135=CARTESIAN_POINT('',(78.7765070752458,39.3882535376231,-5.29999999999991));
#136=CARTESIAN_POINT('',(78.7765070752459,-39.3882535376231,-5.29999999999991));
#137=CARTESIAN_POINT('',(0.,-39.3882535376231,-5.29999999999991));
#138=CARTESIAN_POINT('',(0.,39.3987297684699,-5.59999999999991));
#139=CARTESIAN_POINT('',(78.7974595369398,39.39872976847,-5.59999999999991));
#140=CARTESIAN_POINT('',(78.7974595369401,-39.39872976847,-5.59999999999991));
#141=CARTESIAN_POINT('',(0.,-39.39872976847,-5.59999999999991));
#142=CARTESIAN_POINT('',(0.,39.4092059993179,-5.90000000000001));
#143=CARTESIAN_POINT('',(78.8184119986357,39.4092059993178,-5.90000000000002));
#144=CARTESIAN_POINT('',(78.8184119986358,-39.4092059993179,-5.90000000000002));
#145=CARTESIAN_POINT('',(0.,-39.4092059993179,-5.90000000000001));
#146=CARTESIAN_POINT('',(0.,39.419682230165,-6.20000000000001));
#147=CARTESIAN_POINT('',(78.83936446033,39.419682230165,-6.2));
#148=CARTESIAN_POINT('',(78.8393644603301,-39.419682230165,-6.2));
#149=CARTESIAN_POINT('',(0.,-39.4196822301651,-6.20000000000001));
#150=CARTESIAN_POINT('',(0.,39.44412676881,-6.90000000001931));
#151=CARTESIAN_POINT('',(78.8882535376198,39.4441267688098,-6.90000000001931));
#152=CARTESIAN_POINT('',(78.8882535376199,-39.44412676881,-6.90000000001931));
#153=CARTESIAN_POINT('',(0.,-39.4441267688101,-6.90000000001931));
#154=CARTESIAN_POINT('',(0.,39.4580950766079,-7.30000000003841));
#155=CARTESIAN_POINT('',(78.9161901532157,39.4580950766079,-7.30000000003841));
#156=CARTESIAN_POINT('',(78.916190153216,-39.4580950766081,-7.30000000003841));
#157=CARTESIAN_POINT('',(0.,-39.4580950766081,-7.30000000003841));
#158=CARTESIAN_POINT('',(0.,39.4720633844049,-7.70000000005751));
#159=CARTESIAN_POINT('',(78.9441267688096,39.4720633844049,-7.70000000005751));
#160=CARTESIAN_POINT('',(78.9441267688098,-39.4720633844049,-7.70000000005751));
#161=CARTESIAN_POINT('',(0.,-39.472063384405,-7.70000000005751));
#162=CARTESIAN_POINT('',(0.,39.486031692202,-8.10000000007681));
#163=CARTESIAN_POINT('',(78.972063384404,39.486031692202,-8.10000000007681));
#164=CARTESIAN_POINT('',(78.972063384404,-39.486031692202,-8.10000000007681));
#165=CARTESIAN_POINT('',(0.,-39.4860316922021,-8.10000000007681));
#166=CARTESIAN_POINT('',(0.,39.852964281876,-18.6075745757337));
#167=CARTESIAN_POINT('',(79.705928563752,39.8529642818761,-18.6075745757337));
#168=CARTESIAN_POINT('',(79.7059285637522,-39.8529642818761,-18.6075745757337));
#169=CARTESIAN_POINT('',(0.,-39.8529642818761,-18.6075745757337));
#170=CARTESIAN_POINT('',(0.,40.205928563753,-28.7151491513715));
#171=CARTESIAN_POINT('',(80.4118571275059,40.2059285637529,-28.7151491513715));
#172=CARTESIAN_POINT('',(80.411857127506,-40.205928563753,-28.7151491513715));
#173=CARTESIAN_POINT('',(0.,-40.205928563753,-28.7151491513715));
#174=CARTESIAN_POINT('',(0.,38.243477180553,-38.9310767539426));
#175=CARTESIAN_POINT('',(76.486954361106,38.243477180553,-38.9310767539426));
#176=CARTESIAN_POINT('',(76.4869543611061,-38.243477180553,-38.9310767539426));
#177=CARTESIAN_POINT('',(0.,-38.2434771805531,-38.9310767539426));
#178=CARTESIAN_POINT('',(0.,35.621738590276,-48.7155383770193));
#179=CARTESIAN_POINT('',(71.2434771805518,35.6217385902759,-48.7155383770193));
#180=CARTESIAN_POINT('',(71.243477180552,-35.621738590276,-48.7155383770193));
#181=CARTESIAN_POINT('',(0.,-35.6217385902761,-48.7155383770193));
#182=CARTESIAN_POINT('',(0.,32.6230509656504,-59.9067929481522));
#183=CARTESIAN_POINT('',(65.2461019313006,32.6230509656502,-59.9067929481522));
#184=CARTESIAN_POINT('',(65.2461019313007,-32.6230509656504,-59.9067929481522));
#185=CARTESIAN_POINT('',(0.,-32.6230509656505,-59.9067929481522));
#186=CARTESIAN_POINT('',(0.,32.2461019313008,-61.3135858962085));
#187=CARTESIAN_POINT('',(64.4922038626015,32.2461019313008,-61.3135858962085));
#188=CARTESIAN_POINT('',(64.4922038626019,-32.2461019313009,-61.3135858962085));
#189=CARTESIAN_POINT('',(0.,-32.2461019313009,-61.3135858962085));
#190=CARTESIAN_POINT('',(0.,31.8691528969513,-62.7203788442647));
#191=CARTESIAN_POINT('',(63.7383057939026,31.8691528969513,-62.7203788442647));
#192=CARTESIAN_POINT('',(63.7383057939027,-31.8691528969513,-62.7203788442647));
#193=CARTESIAN_POINT('',(0.,-31.8691528969514,-62.7203788442647));
#194=CARTESIAN_POINT('',(0.,31.4922038626019,-64.127171792321));
#195=CARTESIAN_POINT('',(62.9844077252037,31.4922038626019,-64.127171792321));
#196=CARTESIAN_POINT('',(62.9844077252038,-31.4922038626019,-64.127171792321));
#197=CARTESIAN_POINT('',(0.,-31.492203862602,-64.127171792321));
#198=CARTESIAN_POINT('',(0.,31.1152548282523,-65.5339647403772));
#199=CARTESIAN_POINT('',(62.2305096565045,31.1152548282522,-65.5339647403772));
#200=CARTESIAN_POINT('',(62.2305096565046,-31.1152548282523,-65.5339647403772));
#201=CARTESIAN_POINT('',(0.,-31.1152548282524,-65.5339647403772));
#202=FACE_BOUND('',#203,.T.);
#203=EDGE_LOOP('',(#913,#914,#915,#916,#917,#918,#919,#920,#921,#922));
#204=CONICAL_SURFACE('',#205,29.8749999992342,0.785398162499983);
#205=AXIS2_PLACEMENT_3D('',#206,#207,#208);
#206=CARTESIAN_POINT('',(0.,-32.8749999936254,-39.0000000000959));
#207=DIRECTION('',(0.,-1.,0.));
#208=DIRECTION('',(1.,0.,0.));
#209=FACE_BOUND('',#210,.T.);
#210=EDGE_LOOP('',(#923,#924,#925));
#211=CYLINDRICAL_SURFACE('',#212,26.9999999999999);
#212=AXIS2_PLACEMENT_3D('',#213,#214,#215);
#213=CARTESIAN_POINT('',(0.,-20.,-39.0000000000959));
#214=DIRECTION('',(0.,-1.,0.));
#215=DIRECTION('',(1.,0.,0.));
#216=FACE_BOUND('',#217,.T.);
#217=EDGE_LOOP('',(#926,#927,#928,#929,#930));
#218=CONICAL_SURFACE('',#219,30.0576274868952,1.5533430325);
#219=AXIS2_PLACEMENT_3D('',#220,#221,#222);
#220=CARTESIAN_POINT('',(0.,0.,-65.5524256051035));
#221=DIRECTION('',(0.,0.,1.));
#222=DIRECTION('',(-1.,0.,0.));
#223=FACE_BOUND('',#224,.T.);
#224=EDGE_LOOP('',(#931,#932,#933,#934,#935));
#225=CONICAL_SURFACE('',#226,30.0576275289967,1.5533430325);
#226=AXIS2_PLACEMENT_3D('',#227,#228,#229);
#227=CARTESIAN_POINT('',(0.,0.,-65.5524256043686));
#228=DIRECTION('',(0.,0.,1.));
#229=DIRECTION('',(-1.,0.,0.));
#230=FACE_BOUND('',#231,.T.);
#231=EDGE_LOOP('',(#936,#937,#938,#939,#940,#941,#942));
#232=FACE_BOUND('',#233,.T.);
#233=EDGE_LOOP('',(#943,#944,#945,#946,#947));
#234=FACE_BOUND('',#235,.T.);
#235=EDGE_LOOP('',(#948,#949,#950,#951));
#236=CYLINDRICAL_SURFACE('',#237,32.7500000000001);
#237=AXIS2_PLACEMENT_3D('',#238,#239,#240);
#238=CARTESIAN_POINT('',(0.,-45.3000000000001,-39.0000000000959));
#239=DIRECTION('',(0.,1.,0.));
#240=DIRECTION('',(1.,0.,1.22464679914735E-16));
#241=FACE_BOUND('',#242,.T.);
#242=EDGE_LOOP('',(#952,#953,#954,#955,#956));
#243=CYLINDRICAL_SURFACE('',#244,4.99999999999989);
#244=AXIS2_PLACEMENT_3D('',#245,#246,#247);
#245=CARTESIAN_POINT('',(22.75,-39.4041558721921,-6.50000000009581));
#246=DIRECTION('',(0.,0.,-1.));
#247=DIRECTION('',(1.,0.,0.));
#248=FACE_BOUND('',#249,.T.);
#249=EDGE_LOOP('',(#957,#958,#959,#960));
#250=FACE_OUTER_BOUND('',#251,.T.);
#251=EDGE_LOOP('',(#961));
#252=CYLINDRICAL_SURFACE('',#253,28.9999999999999);
#253=AXIS2_PLACEMENT_3D('',#254,#255,#256);
#254=CARTESIAN_POINT('',(0.,0.,-53.5000000000959));
#255=DIRECTION('',(0.,0.,-1.));
#256=DIRECTION('',(1.,0.,0.));
#257=FACE_OUTER_BOUND('',#258,.T.);
#258=EDGE_LOOP('',(#962));
#259=FACE_OUTER_BOUND('',#260,.T.);
#260=EDGE_LOOP('',(#963));
#261=CYLINDRICAL_SURFACE('',#262,28.9999999999999);
#262=AXIS2_PLACEMENT_3D('',#263,#264,#265);
#263=CARTESIAN_POINT('',(0.,0.,-9.99999999999991));
#264=DIRECTION('',(0.,0.,1.));
#265=DIRECTION('',(1.,-1.22464679914735E-16,0.));
#266=FACE_OUTER_BOUND('',#267,.T.);
#267=EDGE_LOOP('',(#964));
#268=FACE_BOUND('',#269,.T.);
#269=EDGE_LOOP('',(#965,#966,#967,#968,#969));
#270=CYLINDRICAL_SURFACE('',#271,20.);
#271=AXIS2_PLACEMENT_3D('',#272,#273,#274);
#272=CARTESIAN_POINT('',(0.,-76.0000000000001,-39.0000000000007));
#273=DIRECTION('',(0.,-1.,0.));
#274=DIRECTION('',(1.,0.,0.));
#275=FACE_BOUND('',#276,.T.);
#276=EDGE_LOOP('',(#970,#971,#972,#973,#974,#975,#976,#977,#978));
#277=(BOUNDED_SURFACE()B_SPLINE_SURFACE(5,3,(
(#278,#279,#280,#281),
(#282,#283,#284,#285),
(#286,#287,#288,#289),
(#290,#291,#292,#293),
(#294,#295,#296,#297),
(#298,#299,#300,#301),
(#302,#303,#304,#305),
(#306,#307,#308,#309),
(#310,#311,#312,#313),
(#314,#315,#316,#317),
(#318,#319,#320,#321),
(#322,#323,#324,#325),
(#326,#327,#328,#329),
(#330,#331,#332,#333),
(#334,#335,#336,#337),
(#338,#339,#340,#341),
(#342,#343,#344,#345),
(#346,#347,#348,#349)),
.UNSPECIFIED.,.F.,.F.,.F.)B_SPLINE_SURFACE_WITH_KNOTS((6,4,4,4,6),
(4,4),
(0.,0.0244681701622128,0.0570923970467265,0.881471912526579,0.999999770092894),
(0.,1.),
.UNSPECIFIED.)GEOMETRIC_REPRESENTATION_ITEM()RATIONAL_B_SPLINE_SURFACE((
(1.,0.33333333333332,0.33333333333332,1.),
(1.,0.33333333333332,0.33333333333332,1.),
(1.,0.33333333333332,0.33333333333332,1.),
(1.,0.33333333333332,0.33333333333332,1.),
(1.,0.33333333333332,0.33333333333332,1.),
(1.,0.33333333333332,0.33333333333332,1.),
(1.,0.33333333333332,0.33333333333332,1.),
(1.,0.33333333333332,0.33333333333332,1.),
(1.,0.33333333333332,0.33333333333332,1.),
(1.,0.33333333333332,0.33333333333332,1.),
(1.,0.33333333333332,0.33333333333332,1.),
(1.,0.33333333333332,0.33333333333332,1.),
(1.,0.33333333333332,0.33333333333332,1.),
(1.,0.33333333333332,0.33333333333332,1.),
(1.,0.33333333333332,0.33333333333332,1.),
(1.,0.33333333333332,0.33333333333332,1.),
(1.,0.33333333333332,0.33333333333332,1.),
(1.,0.33333333333332,0.33333333333332,1.)))REPRESENTATION_ITEM('')SURFACE());
#278=CARTESIAN_POINT('',(2.27373675443232E-13,-39.377777306775,-4.99999999999991));
#279=CARTESIAN_POINT('',(-78.7555546135532,-39.3777773067753,-4.99999999999991));
#280=CARTESIAN_POINT('',(-78.7555546135518,39.3777773067783,-4.99999999999991));
#281=CARTESIAN_POINT('',(1.59161572810262E-12,39.3777773067751,-4.99999999999991));
#282=CARTESIAN_POINT('',(2.27373675443232E-13,-39.3882535376231,-5.29999999999991));
#283=CARTESIAN_POINT('',(-78.7765070752491,-39.3882535376235,-5.29999999999991));
#284=CARTESIAN_POINT('',(-78.7765070752478,39.3882535376263,-5.29999999999991));
#285=CARTESIAN_POINT('',(1.59161572810262E-12,39.3882535376231,-5.29999999999991));
#286=CARTESIAN_POINT('',(2.27373675443232E-13,-39.39872976847,-5.59999999999991));
#287=CARTESIAN_POINT('',(-78.7974595369431,-39.3987297684705,-5.59999999999991));
#288=CARTESIAN_POINT('',(-78.7974595369417,39.3987297684732,-5.59999999999991));
#289=CARTESIAN_POINT('',(1.59161572810262E-12,39.39872976847,-5.59999999999991));
#290=CARTESIAN_POINT('',(2.27373675443232E-13,-39.4092059993179,-5.90000000000001));
#291=CARTESIAN_POINT('',(-78.818411998639,-39.4092059993185,-5.90000000000001));
#292=CARTESIAN_POINT('',(-78.8184119986377,39.4092059993211,-5.90000000000001));
#293=CARTESIAN_POINT('',(1.59161572810262E-12,39.4092059993179,-5.90000000000001));
#294=CARTESIAN_POINT('',(2.27373675443232E-13,-39.4196822301651,-6.20000000000001));
#295=CARTESIAN_POINT('',(-78.8393644603332,-39.4196822301656,-6.2));
#296=CARTESIAN_POINT('',(-78.8393644603318,39.4196822301682,-6.2));
#297=CARTESIAN_POINT('',(1.59161572810262E-12,39.4196822301651,-6.20000000000001));
#298=CARTESIAN_POINT('',(2.27373675443232E-13,-39.4441267688101,-6.90000000001931));
#299=CARTESIAN_POINT('',(-78.8882535376231,-39.4441267688105,-6.90000000001931));
#300=CARTESIAN_POINT('',(-78.8882535376217,39.4441267688131,-6.90000000001931));
#301=CARTESIAN_POINT('',(1.59161572810262E-12,39.4441267688101,-6.90000000001931));
#302=CARTESIAN_POINT('',(2.27373675443232E-13,-39.4580950766081,-7.30000000003841));
#303=CARTESIAN_POINT('',(-78.9161901532191,-39.4580950766084,-7.30000000003841));
#304=CARTESIAN_POINT('',(-78.9161901532177,39.4580950766112,-7.30000000003841));
#305=CARTESIAN_POINT('',(1.59161572810262E-12,39.4580950766081,-7.30000000003841));
#306=CARTESIAN_POINT('',(2.27373675443232E-13,-39.472063384405,-7.70000000005751));
#307=CARTESIAN_POINT('',(-78.9441267688128,-39.4720633844055,-7.70000000005751));
#308=CARTESIAN_POINT('',(-78.9441267688114,39.4720633844081,-7.70000000005751));
#309=CARTESIAN_POINT('',(1.59161572810262E-12,39.472063384405,-7.70000000005751));
#310=CARTESIAN_POINT('',(2.27373675443232E-13,-39.4860316922021,-8.10000000007681));
#311=CARTESIAN_POINT('',(-78.972063384407,-39.4860316922026,-8.10000000007681));
#312=CARTESIAN_POINT('',(-78.9720633844056,39.4860316922052,-8.10000000007681));
#313=CARTESIAN_POINT('',(1.59161572810262E-12,39.4860316922021,-8.10000000007681));
#314=CARTESIAN_POINT('',(2.27373675443232E-13,-39.8529642818761,-18.6075745757337));
#315=CARTESIAN_POINT('',(-79.7059285637554,-39.8529642818767,-18.6075745757337));
#316=CARTESIAN_POINT('',(-79.705928563754,39.8529642818793,-18.6075745757337));
#317=CARTESIAN_POINT('',(1.59161572810262E-12,39.8529642818761,-18.6075745757337));
#318=CARTESIAN_POINT('',(2.27373675443232E-13,-40.205928563753,-28.7151491513715));
#319=CARTESIAN_POINT('',(-80.4118571275092,-40.2059285637536,-28.7151491513715));
#320=CARTESIAN_POINT('',(-80.4118571275078,40.2059285637562,-28.7151491513715));
#321=CARTESIAN_POINT('',(1.59161572810262E-12,40.2059285637531,-28.7151491513715));
#322=CARTESIAN_POINT('',(2.27373675443232E-13,-38.2434771805531,-38.9310767539426));
#323=CARTESIAN_POINT('',(-76.4869543611092,-38.2434771805536,-38.9310767539426));
#324=CARTESIAN_POINT('',(-76.4869543611078,38.2434771805562,-38.9310767539426));
#325=CARTESIAN_POINT('',(1.59161572810262E-12,38.2434771805531,-38.9310767539426));
#326=CARTESIAN_POINT('',(2.27373675443232E-13,-35.6217385902761,-48.7155383770193));
#327=CARTESIAN_POINT('',(-71.2434771805549,-35.6217385902765,-48.7155383770193));
#328=CARTESIAN_POINT('',(-71.2434771805538,35.6217385902788,-48.7155383770193));
#329=CARTESIAN_POINT('',(1.36424205265939E-12,35.6217385902761,-48.7155383770193));
#330=CARTESIAN_POINT('',(2.27373675443232E-13,-32.6230509706156,-59.9067929296219));
#331=CARTESIAN_POINT('',(-65.246101941234,-32.6230509706161,-59.9067929296219));
#332=CARTESIAN_POINT('',(-65.2461019412328,32.6230509706184,-59.9067929296219));
#333=CARTESIAN_POINT('',(1.36424205265939E-12,32.6230509706157,-59.9067929296219));
#334=CARTESIAN_POINT('',(2.27373675443232E-13,-32.2461019412314,-61.313585859148));
#335=CARTESIAN_POINT('',(-64.4922038824652,-32.2461019412318,-61.313585859148));
#336=CARTESIAN_POINT('',(-64.4922038824641,32.2461019412341,-61.313585859148));
#337=CARTESIAN_POINT('',(1.36424205265939E-12,32.2461019412314,-61.313585859148));
#338=CARTESIAN_POINT('',(2.27373675443232E-13,-31.8691529118471,-62.7203787886739));
#339=CARTESIAN_POINT('',(-63.7383058236967,-31.8691529118476,-62.7203787886739));
#340=CARTESIAN_POINT('',(-63.738305823696,31.8691529118493,-62.7203787886739));
#341=CARTESIAN_POINT('',(1.13686837721616E-12,31.8691529118471,-62.7203787886739));
#342=CARTESIAN_POINT('',(2.27373675443232E-13,-31.4922038824625,-64.1271717181999));
#343=CARTESIAN_POINT('',(-62.9844077649275,-31.4922038824631,-64.1271717181999));
#344=CARTESIAN_POINT('',(-62.9844077649266,31.4922038824649,-64.1271717181999));
#345=CARTESIAN_POINT('',(1.13686837721616E-12,31.4922038824626,-64.1271717181999));
#346=CARTESIAN_POINT('',(2.27373675443232E-13,-31.1152548530783,-65.5339646477258));
#347=CARTESIAN_POINT('',(-62.230509706159,-31.1152548530787,-65.5339646477258));
#348=CARTESIAN_POINT('',(-62.230509706158,31.1152548530804,-65.5339646477258));
#349=CARTESIAN_POINT('',(1.13686837721616E-12,31.1152548530783,-65.5339646477258));
#350=FACE_BOUND('',#351,.T.);
#351=EDGE_LOOP('',(#979,#980,#981,#982,#983));
#352=PLANE('',#353);
#353=AXIS2_PLACEMENT_3D('',#354,#355,#356);
#354=CARTESIAN_POINT('',(23.43423240841,-39.001112181946,-8.90000000009581));
#355=DIRECTION('',(0.,0.,-1.));
#356=DIRECTION('',(1.,0.,0.));
#357=FACE_BOUND('',#358,.T.);
#358=EDGE_LOOP('',(#984,#985,#986,#987));
#359=PLANE('',#360);
#360=AXIS2_PLACEMENT_3D('',#361,#362,#363);
#361=CARTESIAN_POINT('',(0.,-34.4041558721922,-6.50000000009581));
#362=DIRECTION('',(0.,1.,0.));
#363=DIRECTION('',(-1.,0.,0.));
#364=FACE_BOUND('',#365,.T.);
#365=EDGE_LOOP('',(#988,#989,#990,#991,#992,#993));
#366=CONICAL_SURFACE('',#367,29.8750000028366,0.785398162499983);
#367=AXIS2_PLACEMENT_3D('',#368,#369,#370);
#368=CARTESIAN_POINT('',(0.,-32.8749999972277,-39.0000000000959));
#369=DIRECTION('',(0.,-1.,0.));
#370=DIRECTION('',(1.,0.,0.));
#371=FACE_BOUND('',#372,.T.);
#372=EDGE_LOOP('',(#994,#995,#996,#997,#998));
#373=CONICAL_SURFACE('',#374,30.0576275252419,1.5533430325);
#374=AXIS2_PLACEMENT_3D('',#375,#376,#377);
#375=CARTESIAN_POINT('',(0.,0.,-65.5524256044342));
#376=DIRECTION('',(0.,0.,1.));
#377=DIRECTION('',(-1.,0.,0.));
#378=FACE_BOUND('',#379,.T.);
#379=EDGE_LOOP('',(#999,#1000));
#380=FACE_BOUND('',#381,.T.);
#381=EDGE_LOOP('',(#1001));
#382=PLANE('',#383);
#383=AXIS2_PLACEMENT_3D('',#384,#385,#386);
#384=CARTESIAN_POINT('',(0.,0.,-4.99999999999991));
#385=DIRECTION('',(0.,0.,1.));
#386=DIRECTION('',(-1.,0.,0.));
#387=FACE_BOUND('',#388,.T.);
#388=EDGE_LOOP('',(#1002,#1003));
#389=CYLINDRICAL_SURFACE('',#390,26.9999999999999);
#390=AXIS2_PLACEMENT_3D('',#391,#392,#393);
#391=CARTESIAN_POINT('',(0.,-20.,-39.0000000000959));
#392=DIRECTION('',(0.,-1.,0.));
#393=DIRECTION('',(1.,0.,0.));
#394=FACE_BOUND('',#395,.T.);
#395=EDGE_LOOP('',(#1004,#1005,#1006));
#396=PLANE('',#397);
#397=AXIS2_PLACEMENT_3D('',#398,#399,#400);
#398=CARTESIAN_POINT('',(0.,-43.3000000000001,-39.0000000000007));
#399=DIRECTION('',(0.,1.,0.));
#400=DIRECTION('',(-1.,0.,0.));
#401=FACE_BOUND('',#402,.T.);
#402=EDGE_LOOP('',(#1007,#1008,#1009,#1010));
#403=CYLINDRICAL_SURFACE('',#404,26.9999999999999);
#404=AXIS2_PLACEMENT_3D('',#405,#406,#407);
#405=CARTESIAN_POINT('',(0.,-20.,-39.0000000000959));
#406=DIRECTION('',(0.,-1.,0.));
#407=DIRECTION('',(1.,0.,0.));
#408=FACE_BOUND('',#409,.T.);
#409=EDGE_LOOP('',(#1011,#1012,#1013,#1014,#1015,#1016,#1017,#1018,#1019,#1020,#1021,
#1022));
#410=FACE_BOUND('',#411,.T.);
#411=EDGE_LOOP('',(#1023,#1024,#1025,#1026));
#412=FACE_BOUND('',#413,.T.);
#413=EDGE_LOOP('',(#1027,#1028,#1029,#1030,#1031,#1032,#1033));
#414=FACE_BOUND('',#415,.T.);
#415=EDGE_LOOP('',(#1034,#1035,#1036,#1037,#1038,#1039,#1040,#1041,#1042,#1043,#1044,
#1045));
#416=FACE_BOUND('',#417,.T.);
#417=EDGE_LOOP('',(#1046,#1047,#1048,#1049));
#418=PLANE('',#419);
#419=AXIS2_PLACEMENT_3D('',#420,#421,#422);
#420=CARTESIAN_POINT('',(0.,-76.5,-39.0000000000007));
#421=DIRECTION('',(0.,1.,0.));
#422=DIRECTION('',(-1.,0.,0.));
#423=FACE_BOUND('',#424,.T.);
#424=EDGE_LOOP('',(#1050,#1051,#1052,#1053));
#425=PLANE('',#426);
#426=AXIS2_PLACEMENT_3D('',#427,#428,#429);
#427=CARTESIAN_POINT('',(-2.49025963693998,-49.9479589867351,-8.00000000009601));
#428=DIRECTION('',(0.997564050259824,-0.069756473744124,0.));
#429=DIRECTION('',(0.069756473744124,0.997564050259824,0.));
#430=FACE_BOUND('',#431,.T.);
#431=EDGE_LOOP('',(#1054,#1055,#1056,#1057));
#432=PLANE('',#433);
#433=AXIS2_PLACEMENT_3D('',#434,#435,#436);
#434=CARTESIAN_POINT('',(-15.5,-39.7084380241121,-10.0000000000958));
#435=DIRECTION('',(0.,1.,0.));
#436=DIRECTION('',(-1.,0.,0.));
#437=FACE_BOUND('',#438,.T.);
#438=EDGE_LOOP('',(#1058,#1059,#1060,#1061));
#439=PLANE('',#440);
#440=AXIS2_PLACEMENT_3D('',#441,#442,#443);
#441=CARTESIAN_POINT('',(-4.48538773746009,-49.8084460392472,-8.00000000009601));
#442=DIRECTION('',(0.997564050259824,-0.069756473744124,0.));
#443=DIRECTION('',(0.069756473744124,0.997564050259824,0.));
#444=FACE_BOUND('',#445,.T.);
#445=EDGE_LOOP('',(#1062,#1063,#1064,#1065));
#446=PLANE('',#447);
#447=AXIS2_PLACEMENT_3D('',#448,#449,#450);
#448=CARTESIAN_POINT('',(1.,-43.3000000000001,-6.50005378073801));
#449=DIRECTION('',(0.,-1.,0.));
#450=DIRECTION('',(1.,0.,0.));
#451=FACE_BOUND('',#452,.T.);
#452=EDGE_LOOP('',(#1066));
#453=PLANE('',#454);
#454=AXIS2_PLACEMENT_3D('',#455,#456,#457);
#455=CARTESIAN_POINT('',(0.,0.,-78.5000000000959));
#456=DIRECTION('',(0.,0.,-1.));
#457=DIRECTION('',(1.,0.,0.));
#458=FACE_BOUND('',#459,.T.);
#459=EDGE_LOOP('',(#1067));
#460=PLANE('',#461);
#461=AXIS2_PLACEMENT_3D('',#462,#463,#464);
#462=CARTESIAN_POINT('',(0.,0.,0.));
#463=DIRECTION('',(0.,0.,1.));
#464=DIRECTION('',(-1.,0.,0.));
#465=FACE_BOUND('',#466,.T.);
#466=EDGE_LOOP('',(#1068,#1069,#1070,#1071,#1072));
#467=PLANE('',#468);
#468=AXIS2_PLACEMENT_3D('',#469,#470,#471);
#469=CARTESIAN_POINT('',(-30.,-74.5200000000001,-41.4852813742393));
#470=DIRECTION('',(1.,0.,0.));
#471=DIRECTION('',(0.,1.,0.));
#472=FACE_BOUND('',#473,.T.);
#473=EDGE_LOOP('',(#1073,#1074,#1075,#1076));
#474=PLANE('',#475);
#475=AXIS2_PLACEMENT_3D('',#476,#477,#478);
#476=CARTESIAN_POINT('',(-35.,-76.362132034356,-39.1500000000007));
#477=DIRECTION('',(1.94289029309402E-16,-0.707106781186547,0.707106781186548));
#478=DIRECTION('',(0.,0.707106781186548,0.707106781186547));
#479=FACE_BOUND('',#480,.T.);
#480=EDGE_LOOP('',(#1077,#1078,#1079,#1080));
#481=PLANE('',#482);
#482=AXIS2_PLACEMENT_3D('',#483,#484,#485);
#483=CARTESIAN_POINT('',(-35.,-77.7964470342171,-37.4156850001397));
#484=DIRECTION('',(-1.94289029309402E-16,-0.707106781186547,-0.707106781186548));
#485=DIRECTION('',(0.,-0.707106781186548,0.707106781186547));
#486=FACE_BOUND('',#487,.T.);
#487=EDGE_LOOP('',(#1081,#1082,#1083,#1084,#1085));
#488=PLANE('',#489);
#489=AXIS2_PLACEMENT_3D('',#490,#491,#492);
#490=CARTESIAN_POINT('',(-30.,-74.5200000000001,-41.4852813742393));
#491=DIRECTION('',(1.,0.,0.));
#492=DIRECTION('',(0.,1.,0.));
#493=FACE_BOUND('',#494,.T.);
#494=EDGE_LOOP('',(#1086,#1087,#1088,#1089,#1090));
#495=PLANE('',#496);
#496=AXIS2_PLACEMENT_3D('',#497,#498,#499);
#497=CARTESIAN_POINT('',(-30.,-74.5200000000001,-36.5147186257621));
#498=DIRECTION('',(-0.38268343236509,0.,-0.923879532511287));
#499=DIRECTION('',(0.923879532511287,0.,-0.38268343236509));
#500=FACE_BOUND('',#501,.T.);
#501=EDGE_LOOP('',(#1091,#1092,#1093,#1094));
#502=PLANE('',#503);
#503=AXIS2_PLACEMENT_3D('',#504,#505,#506);
#504=CARTESIAN_POINT('',(-35.,-77.7964470342171,-37.4156850001397));
#505=DIRECTION('',(-1.94289029309402E-16,-0.707106781186547,-0.707106781186548));
#506=DIRECTION('',(0.,-0.707106781186548,0.707106781186547));
#507=FACE_BOUND('',#508,.T.);
#508=EDGE_LOOP('',(#1095,#1096,#1097,#1098));
#509=PLANE('',#510);
#510=AXIS2_PLACEMENT_3D('',#511,#512,#513);
#511=CARTESIAN_POINT('',(-35.,-76.362132034356,-39.1500000000007));
#512=DIRECTION('',(1.94289029309402E-16,-0.707106781186547,0.707106781186548));
#513=DIRECTION('',(0.,0.707106781186548,0.707106781186547));
#514=FACE_BOUND('',#515,.T.);
#515=EDGE_LOOP('',(#1099,#1100,#1101,#1102,#1103));
#516=PLANE('',#517);
#517=AXIS2_PLACEMENT_3D('',#518,#519,#520);
#518=CARTESIAN_POINT('',(-24.,-74.5200000000001,-39.0000000000007));
#519=DIRECTION('',(-0.38268343236509,0.,0.923879532511287));
#520=DIRECTION('',(-0.923879532511287,0.,-0.38268343236509));
#521=FACE_BOUND('',#522,.T.);
#522=EDGE_LOOP('',(#1104,#1105,#1106,#1107));
#523=PLANE('',#524);
#524=AXIS2_PLACEMENT_3D('',#525,#526,#527);
#525=CARTESIAN_POINT('',(-23.0000000002501,-76.4000000000001,-41.1999999997261));
#526=DIRECTION('',(-9.43689570931383E-16,0.,1.));
#527=DIRECTION('',(-1.,0.,-9.43689570931383E-16));
#528=FACE_BOUND('',#529,.T.);
#529=EDGE_LOOP('',(#1108,#1109,#1110,#1111));
#530=PLANE('',#531);
#531=AXIS2_PLACEMENT_3D('',#532,#533,#534);
#532=CARTESIAN_POINT('',(-23.0000000002501,-76.4000000000001,-44.2125351749627));
#533=DIRECTION('',(1.,0.,1.4432899320127E-15));
#534=DIRECTION('',(-1.4432899320127E-15,0.,1.));
#535=FACE_BOUND('',#536,.T.);
#536=EDGE_LOOP('',(#1112,#1113,#1114,#1115));
#537=PLANE('',#538);
#538=AXIS2_PLACEMENT_3D('',#539,#540,#541);
#539=CARTESIAN_POINT('',(-24.5328728577599,-76.4000000000001,-44.2125351749627));
#540=DIRECTION('',(2.27595720048157E-15,0.,-1.));
#541=DIRECTION('',(1.,0.,2.27595720048157E-15));
#542=FACE_BOUND('',#543,.T.);
#543=EDGE_LOOP('',(#1116,#1117,#1118,#1119));
#544=PLANE('',#545);
#545=AXIS2_PLACEMENT_3D('',#546,#547,#548);
#546=CARTESIAN_POINT('',(-24.5328728577599,-76.4000000000001,-41.1999999997261));
#547=DIRECTION('',(-1.,0.,-4.44089209850063E-16));
#548=DIRECTION('',(4.44089209850063E-16,0.,-1.));
#549=FACE_BOUND('',#550,.T.);
#550=EDGE_LOOP('',(#1120,#1121,#1122,#1123));
#551=B_SPLINE_SURFACE_WITH_KNOTS('',3,1,(
(#552,#553),
(#554,#555),
(#556,#557),
(#558,#559)),
.UNSPECIFIED.,.F.,.F.,.F.,
(4,4),
(2,2),
(0.,1.),
(0.,1.),
.UNSPECIFIED.);
#552=CARTESIAN_POINT('',(-24.88475563061,-76.4000000000001,-21.8791150934062));
#553=CARTESIAN_POINT('',(-24.88475563061,-76.5,-21.8791150934062));
#554=CARTESIAN_POINT('',(-24.4110406136101,-76.4000000000001,-21.6554204412928));
#555=CARTESIAN_POINT('',(-24.4110406136101,-76.5,-21.6554204412928));
#556=CARTESIAN_POINT('',(-23.8572420993401,-76.4000000000001,-21.62419791734));
#557=CARTESIAN_POINT('',(-23.8572420993401,-76.5,-21.62419791734));
#558=CARTESIAN_POINT('',(-23.22149046293,-76.4000000000001,-21.7862799321759));
#559=CARTESIAN_POINT('',(-23.22149046293,-76.5,-21.7862799321759));
#560=FACE_BOUND('',#561,.T.);
#561=EDGE_LOOP('',(#1124,#1125,#1126,#1127));
#562=PLANE('',#563);
#563=AXIS2_PLACEMENT_3D('',#564,#565,#566);
#564=CARTESIAN_POINT('',(-23.22149046293,-76.4000000000001,-21.7862799321759));
#565=DIRECTION('',(-0.952598925128359,0.,0.304229005593313));
#566=DIRECTION('',(-0.304229005593313,0.,-0.952598925128359));
#567=FACE_BOUND('',#568,.T.);
#568=EDGE_LOOP('',(#1128,#1129,#1130,#1131));
#569=B_SPLINE_SURFACE_WITH_KNOTS('',3,1,(
(#570,#571),
(#572,#573),
(#574,#575),
(#576,#577)),
.UNSPECIFIED.,.F.,.F.,.F.,
(4,4),
(2,2),
(0.,1.),
(0.,1.),
.UNSPECIFIED.);
#570=CARTESIAN_POINT('',(-23.67625058831,-76.4000000000001,-23.2102204462605));
#571=CARTESIAN_POINT('',(-23.67625058831,-76.5,-23.2102204462605));
#572=CARTESIAN_POINT('',(-23.96980808693,-76.4000000000001,-23.1198445105619));
#573=CARTESIAN_POINT('',(-23.96980808693,-76.5,-23.1198445105619));
#574=CARTESIAN_POINT('',(-24.2137577127603,-76.4000000000001,-23.1142820860304));
#575=CARTESIAN_POINT('',(-24.2137577127603,-76.5,-23.1142820860304));
#576=CARTESIAN_POINT('',(-24.4080994658002,-76.4000000000001,-23.1935331726655));
#577=CARTESIAN_POINT('',(-24.4080994658002,-76.5,-23.1935331726655));
#578=FACE_BOUND('',#579,.T.);
#579=EDGE_LOOP('',(#1132,#1133,#1134,#1135));
#580=B_SPLINE_SURFACE_WITH_KNOTS('',3,1,(
(#581,#582),
(#583,#584),
(#585,#586),
(#587,#588),
(#589,#590),
(#591,#592),
(#593,#594),
(#595,#596)),
.UNSPECIFIED.,.F.,.F.,.F.,
(4,2,2,4),
(2,2),
(0.,0.272787088772487,0.63497498815107,1.),
(0.,1.),
.UNSPECIFIED.);
#581=CARTESIAN_POINT('',(-24.4080994658002,-76.4,-23.1935331726655));
#582=CARTESIAN_POINT('',(-24.4080994658002,-76.5000000000002,-23.1935331726655));
#583=CARTESIAN_POINT('',(-24.6032736294701,-76.4,-23.2746538841822));
#584=CARTESIAN_POINT('',(-24.6032736294701,-76.5000000000002,-23.2746538841822));
#585=CARTESIAN_POINT('',(-24.7513239561099,-76.4,-23.426040715066));
#586=CARTESIAN_POINT('',(-24.7513239561099,-76.5000000000002,-23.426040715066));
#587=CARTESIAN_POINT('',(-24.98190170005,-76.4,-23.9439268071959));
#588=CARTESIAN_POINT('',(-24.98190170005,-76.5000000000002,-23.9439268071959));
#589=CARTESIAN_POINT('',(-24.9607013576201,-76.4,-24.2535576958784));
#590=CARTESIAN_POINT('',(-24.9607013576201,-76.5000000000002,-24.2535576958784));
#591=CARTESIAN_POINT('',(-24.60982451466,-76.4,-24.9000627812958));
#592=CARTESIAN_POINT('',(-24.60982451466,-76.5000000000002,-24.9000627812958));
#593=CARTESIAN_POINT('',(-24.1141835624101,-76.4,-25.2756402365346));
#594=CARTESIAN_POINT('',(-24.1141835624101,-76.5000000000002,-25.2756402365346));
#595=CARTESIAN_POINT('',(-23.29802948827,-76.4,-25.7017421051558));
#596=CARTESIAN_POINT('',(-23.29802948827,-76.5000000000002,-25.7017421051558));
#597=FACE_BOUND('',#598,.T.);
#598=EDGE_LOOP('',(#1136,#1137,#1138,#1139));
#599=B_SPLINE_SURFACE_WITH_KNOTS('',3,1,(
(#600,#601),
(#602,#603),
(#604,#605),
(#606,#607),
(#608,#609),
(#610,#611),
(#612,#613),
(#614,#615),
(#616,#617),
(#618,#619)),
.UNSPECIFIED.,.F.,.F.,.F.,
(4,2,2,2,4),
(2,2),
(0.,0.224113890275601,0.47735449553287,0.730595100790137,1.),
(0.,1.),
.UNSPECIFIED.);
#600=CARTESIAN_POINT('',(-23.29802948827,-76.3999999999999,-25.7017421051558));
#601=CARTESIAN_POINT('',(-23.29802948827,-76.5000000000001,-25.7017421051558));
#602=CARTESIAN_POINT('',(-23.5536861747401,-76.3999999999999,-25.1689919141998));
#603=CARTESIAN_POINT('',(-23.5536861747401,-76.5000000000001,-25.1689919141998));
#604=CARTESIAN_POINT('',(-23.5662256460103,-76.3999999999999,-24.6436737726569));
#605=CARTESIAN_POINT('',(-23.5662256460103,-76.5000000000001,-24.6436737726569));
#606=CARTESIAN_POINT('',(-23.07510337552,-76.3999999999999,-23.5405950926691));
#607=CARTESIAN_POINT('',(-23.07510337552,-76.5000000000001,-23.5405950926691));
#608=CARTESIAN_POINT('',(-22.62953196636,-76.3999999999999,-23.1385924891955));
#609=CARTESIAN_POINT('',(-22.62953196636,-76.5000000000001,-23.1385924891955));
#610=CARTESIAN_POINT('',(-21.3683353827801,-76.3999999999999,-22.7009672510179));
#611=CARTESIAN_POINT('',(-21.3683353827801,-76.5000000000001,-22.7009672510179));
#612=CARTESIAN_POINT('',(-20.699260929,-76.3999999999999,-22.7479517377131));
#613=CARTESIAN_POINT('',(-20.699260929,-76.5000000000001,-22.7479517377131));
#614=CARTESIAN_POINT('',(-19.2484320210899,-76.3999999999999,-23.3939023849924));
#615=CARTESIAN_POINT('',(-19.2484320210899,-76.5000000000001,-23.3939023849924));
#616=CARTESIAN_POINT('',(-18.74650688827,-76.3999999999999,-23.8817219325577));
#617=CARTESIAN_POINT('',(-18.74650688827,-76.5000000000001,-23.8817219325577));
#618=CARTESIAN_POINT('',(-18.48884175393,-76.3999999999999,-24.520657526751));
#619=CARTESIAN_POINT('',(-18.48884175393,-76.5000000000001,-24.520657526751));
#620=FACE_BOUND('',#621,.T.);
#621=EDGE_LOOP('',(#1140,#1141,#1142,#1143));
#622=B_SPLINE_SURFACE_WITH_KNOTS('',3,1,(
(#623,#624),
(#625,#626),
(#627,#628),
(#629,#630),
(#631,#632),
(#633,#634)),
.UNSPECIFIED.,.F.,.F.,.F.,
(4,2,4),
(2,2),
(0.,0.482306684141552,1.),
(0.,1.),
.UNSPECIFIED.);
#623=CARTESIAN_POINT('',(-18.48884175393,-76.4000000000001,-24.520657526751));
#624=CARTESIAN_POINT('',(-18.48884175393,-76.5,-24.520657526751));
#625=CARTESIAN_POINT('',(-18.2320090302101,-76.4000000000001,-25.1614627458257));
#626=CARTESIAN_POINT('',(-18.2320090302101,-76.5,-25.1614627458257));
#627=CARTESIAN_POINT('',(-18.25634001858,-76.4000000000001,-25.8249415210881));
#628=CARTESIAN_POINT('',(-18.25634001858,-76.5,-25.8249415210881));
#629=CARTESIAN_POINT('',(-18.8914693276899,-76.4000000000001,-27.2514653055471));
#630=CARTESIAN_POINT('',(-18.8914693276899,-76.5,-27.2514653055471));
#631=CARTESIAN_POINT('',(-19.44909260287,-76.4000000000001,-27.7290325303976));
#632=CARTESIAN_POINT('',(-19.44909260287,-76.5,-27.7290325303976));
#633=CARTESIAN_POINT('',(-20.2334625266799,-76.4000000000001,-27.9510692229893));
#634=CARTESIAN_POINT('',(-20.2334625266799,-76.5,-27.9510692229893));
#635=FACE_BOUND('',#636,.T.);
#636=EDGE_LOOP('',(#1144,#1145,#1146,#1147));
#637=B_SPLINE_SURFACE_WITH_KNOTS('',3,1,(
(#638,#639),
(#640,#641),
(#642,#643),
(#644,#645),
(#646,#647),
(#648,#649),
(#650,#651),
(#652,#653),
(#654,#655),
(#656,#657)),
.UNSPECIFIED.,.F.,.F.,.F.,
(4,2,2,2,4),
(2,2),
(0.,0.264903725592831,0.536629006351144,0.808859465119848,1.),
(0.,1.),
.UNSPECIFIED.);
#638=CARTESIAN_POINT('',(-20.2334625266799,-76.4000000000001,-27.9510692229893));
#639=CARTESIAN_POINT('',(-20.2334625266799,-76.5,-27.9510692229893));
#640=CARTESIAN_POINT('',(-21.0188696647499,-76.4000000000001,-28.1704038800719));
#641=CARTESIAN_POINT('',(-21.0188696647499,-76.5,-28.1704038800719));
#642=CARTESIAN_POINT('',(-22.06313750493,-76.4000000000001,-27.989976104777));
#643=CARTESIAN_POINT('',(-22.06313750493,-76.5,-27.989976104777));
#644=CARTESIAN_POINT('',(-24.7105263369001,-76.4000000000001,-26.8112826556179));
#645=CARTESIAN_POINT('',(-24.7105263369001,-76.5,-26.8112826556179));
#646=CARTESIAN_POINT('',(-25.56537457278,-76.4000000000001,-26.1349682872661));
#647=CARTESIAN_POINT('',(-25.56537457278,-76.5,-26.1349682872661));
#648=CARTESIAN_POINT('',(-26.3064881457601,-76.4000000000001,-24.6165734323723));
#649=CARTESIAN_POINT('',(-26.3064881457601,-76.5,-24.6165734323723));
#650=CARTESIAN_POINT('',(-26.3167209651001,-76.4000000000001,-23.8424793342806));
#651=CARTESIAN_POINT('',(-26.3167209651001,-76.5,-23.8424793342806));
#652=CARTESIAN_POINT('',(-25.71738531298,-76.4000000000001,-22.4963494197188));
#653=CARTESIAN_POINT('',(-25.71738531298,-76.5,-22.4963494197188));
#654=CARTESIAN_POINT('',(-25.35743343336,-76.4000000000001,-22.1055117810292));
#655=CARTESIAN_POINT('',(-25.35743343336,-76.5,-22.1055117810292));
#656=CARTESIAN_POINT('',(-24.88475563061,-76.4000000000001,-21.8791150934062));
#657=CARTESIAN_POINT('',(-24.88475563061,-76.5,-21.8791150934062));
#658=FACE_BOUND('',#659,.T.);
#659=EDGE_LOOP('',(#1148,#1149,#1150,#1151));
#660=PLANE('',#661);
#661=AXIS2_PLACEMENT_3D('',#662,#663,#664);
#662=CARTESIAN_POINT('',(-24.3956420049899,-76.4000000000001,-31.206753645899));
#663=DIRECTION('',(-1.,0.,-5.88418203051333E-15));
#664=DIRECTION('',(5.88418203051333E-15,0.,-1.));
#665=FACE_BOUND('',#666,.T.);
#666=EDGE_LOOP('',(#1152,#1153,#1154,#1155));
#667=PLANE('',#668);
#668=AXIS2_PLACEMENT_3D('',#669,#670,#671);
#669=CARTESIAN_POINT('',(-22.9999999998699,-76.4000000000001,-31.206753645899));
#670=DIRECTION('',(-9.04831765069503E-15,0.,1.));
#671=DIRECTION('',(-1.,0.,-9.04831765069503E-15));
#672=FACE_BOUND('',#673,.T.);
#673=EDGE_LOOP('',(#1156,#1157,#1158,#1159));
#674=PLANE('',#675);
#675=AXIS2_PLACEMENT_3D('',#676,#677,#678);
#676=CARTESIAN_POINT('',(-22.9999999998699,-76.4000000000001,-33.2860578157634));
#677=DIRECTION('',(1.,0.,4.16333634234434E-15));
#678=DIRECTION('',(-4.16333634234434E-15,0.,1.));
#679=FACE_BOUND('',#680,.T.);
#680=EDGE_LOOP('',(#1160,#1161,#1162,#1163));
#681=PLANE('',#682);
#682=AXIS2_PLACEMENT_3D('',#683,#684,#685);
#683=CARTESIAN_POINT('',(-20.8983514085801,-76.4000000000001,-33.2860578157634));
#684=DIRECTION('',(-7.21644966006352E-15,0.,1.));
#685=DIRECTION('',(-1.,0.,-7.21644966006352E-15));
#686=FACE_BOUND('',#687,.T.);
#687=EDGE_LOOP('',(#1164,#1165,#1166,#1167));
#688=PLANE('',#689);
#689=AXIS2_PLACEMENT_3D('',#690,#691,#692);
#690=CARTESIAN_POINT('',(-20.8983514085801,-76.4000000000001,-34.720695830601));
#691=DIRECTION('',(1.,0.,6.82787160144471E-15));
#692=DIRECTION('',(-6.82787160144471E-15,0.,1.));
#693=FACE_BOUND('',#694,.T.);
#694=EDGE_LOOP('',(#1168,#1169,#1170,#1171));
#695=PLANE('',#696);
#696=AXIS2_PLACEMENT_3D('',#697,#698,#699);
#697=CARTESIAN_POINT('',(-22.9999999998699,-76.4000000000001,-34.720695830601));
#698=DIRECTION('',(4.94049245958195E-15,0.,-1.));
#699=DIRECTION('',(1.,0.,4.94049245958195E-15));
#700=FACE_BOUND('',#701,.T.);
#701=EDGE_LOOP('',(#1172,#1173,#1174,#1175));
#702=PLANE('',#703);
#703=AXIS2_PLACEMENT_3D('',#704,#705,#706);
#704=CARTESIAN_POINT('',(-22.9999999998699,-76.4000000000001,-36.8000000004654));
#705=DIRECTION('',(1.,0.,6.32827124036339E-15));
#706=DIRECTION('',(-6.32827124036339E-15,0.,1.));
#707=FACE_BOUND('',#708,.T.);
#708=EDGE_LOOP('',(#1176,#1177,#1178,#1179));
#709=PLANE('',#710);
#710=AXIS2_PLACEMENT_3D('',#711,#712,#713);
#711=CARTESIAN_POINT('',(-24.3956420049899,-76.4000000000001,-36.8000000004654));
#712=DIRECTION('',(5.88418203051333E-15,0.,-1.));
#713=DIRECTION('',(1.,0.,5.88418203051333E-15));
#714=FACE_BOUND('',#715,.T.);
#715=EDGE_LOOP('',(#1180,#1181,#1182,#1183));
#716=PLANE('',#717);
#717=AXIS2_PLACEMENT_3D('',#718,#719,#720);
#718=CARTESIAN_POINT('',(-24.3956420049899,-76.4000000000001,-34.720695830601));
#719=DIRECTION('',(-1.,0.,-5.44009282066327E-15));
#720=DIRECTION('',(5.44009282066327E-15,0.,-1.));
#721=FACE_BOUND('',#722,.T.);
#722=EDGE_LOOP('',(#1184,#1185,#1186,#1187));
#723=PLANE('',#724);
#724=AXIS2_PLACEMENT_3D('',#725,#726,#727);
#725=CARTESIAN_POINT('',(-26.49115140858,-76.4000000000001,-34.720695830601));
#726=DIRECTION('',(6.82787160144471E-15,0.,-1.));
#727=DIRECTION('',(1.,0.,6.82787160144471E-15));
#728=FACE_BOUND('',#729,.T.);
#729=EDGE_LOOP('',(#1188,#1189,#1190,#1191));
#730=PLANE('',#731);
#731=AXIS2_PLACEMENT_3D('',#732,#733,#734);
#732=CARTESIAN_POINT('',(-26.49115140858,-76.4000000000001,-33.2860578157635));
#733=DIRECTION('',(-1.,0.,-5.88418203051333E-15));
#734=DIRECTION('',(5.88418203051333E-15,0.,-1.));
#735=FACE_BOUND('',#736,.T.);
#736=EDGE_LOOP('',(#1192,#1193,#1194,#1195));
#737=PLANE('',#738);
#738=AXIS2_PLACEMENT_3D('',#739,#740,#741);
#739=CARTESIAN_POINT('',(-24.3956420049899,-76.4000000000001,-33.2860578157634));
#740=DIRECTION('',(-5.88418203051333E-15,0.,1.));
#741=DIRECTION('',(-1.,0.,-5.88418203051333E-15));
#742=FACE_BOUND('',#743,.T.);
#743=EDGE_LOOP('',(#1196,#1197,#1198,#1199));
#744=PLANE('',#745);
#745=AXIS2_PLACEMENT_3D('',#746,#747,#748);
#746=CARTESIAN_POINT('',(-16.5311560597199,-76.4000000000001,-21.6129938978073));
#747=DIRECTION('',(-0.913545457642597,0.,0.406736643075809));
#748=DIRECTION('',(-0.406736643075809,0.,-0.913545457642597));
#749=FACE_BOUND('',#750,.T.);
#750=EDGE_LOOP('',(#1200,#1201,#1202,#1203));
#751=PLANE('',#752);
#752=AXIS2_PLACEMENT_3D('',#753,#754,#755);
#753=CARTESIAN_POINT('',(-17.1546316200499,-76.4000000000001,-23.0133429339277));
#754=DIRECTION('',(0.406736643075809,0.,0.913545457642597));
#755=DIRECTION('',(-0.913545457642597,0.,0.406736643075809));
#756=FACE_BOUND('',#757,.T.);
#757=EDGE_LOOP('',(#1204,#1205,#1206,#1207));
#758=PLANE('',#759);
#759=AXIS2_PLACEMENT_3D('',#760,#761,#762);
#760=CARTESIAN_POINT('',(-18.5549806561701,-76.4000000000001,-22.3898673736027));
#761=DIRECTION('',(0.913545457642597,0.,-0.406736643075809));
#762=DIRECTION('',(0.406736643075809,0.,0.913545457642597));
#763=FACE_BOUND('',#764,.T.);
#764=EDGE_LOOP('',(#1208,#1209,#1210,#1211));
#765=PLANE('',#766);
#766=AXIS2_PLACEMENT_3D('',#767,#768,#769);
#767=CARTESIAN_POINT('',(-17.9315050958401,-76.4000000000001,-20.9895183374824));
#768=DIRECTION('',(-0.406736643075809,0.,-0.913545457642597));
#769=DIRECTION('',(0.913545457642597,0.,-0.406736643075809));
#770=FACE_BOUND('',#771,.T.);
#771=EDGE_LOOP('',(#1212,#1213,#1214,#1215));
#772=PLANE('',#773);
#773=AXIS2_PLACEMENT_3D('',#774,#775,#776);
#774=CARTESIAN_POINT('',(-15.5,-51.7084380241121,-8.00000000009601));
#775=DIRECTION('',(0.,6.93889390390722E-16,-1.));
#776=DIRECTION('',(0.,-1.,-6.93889390390722E-16));
#777=FACE_BOUND('',#778,.T.);
#778=EDGE_LOOP('',(#1216,#1217,#1218,#1219));
#779=PLANE('',#780);
#780=AXIS2_PLACEMENT_3D('',#781,#782,#783);
#781=CARTESIAN_POINT('',(-50.0000000000002,-76.3000000000002,-35.7157363260816));
#782=DIRECTION('',(-6.16297582203915E-32,-1.,-1.8156617557915E-16));
#783=DIRECTION('',(0.,-1.8156617557915E-16,1.));
#784=FACE_BOUND('',#785,.T.);
#785=EDGE_LOOP('',(#1220,#1221,#1222,#1223,#1224));
#786=CYLINDRICAL_SURFACE('',#787,0.212132034355965);
#787=AXIS2_PLACEMENT_3D('',#788,#789,#790);
#788=CARTESIAN_POINT('',(-35.,-76.512132034356,-39.0000000000007));
#789=DIRECTION('',(1.,0.,-4.9960036108132E-16));
#790=DIRECTION('',(4.9960036108132E-16,0.,1.));
#791=FACE_BOUND('',#792,.T.);
#792=EDGE_LOOP('',(#1225,#1226,#1227,#1228,#1229));
#793=CYLINDRICAL_SURFACE('',#794,0.212132034355965);
#794=AXIS2_PLACEMENT_3D('',#795,#796,#797);
#795=CARTESIAN_POINT('',(-35.,-76.512132034356,-39.0000000000007));
#796=DIRECTION('',(1.,0.,-4.9960036108132E-16));
#797=DIRECTION('',(4.9960036108132E-16,0.,1.));
#798=FACE_BOUND('',#799,.T.);
#799=EDGE_LOOP('',(#1230));
#800=PLANE('',#801);
#801=AXIS2_PLACEMENT_3D('',#802,#803,#804);
#802=CARTESIAN_POINT('',(0.,-66.5,-39.0000000000007));
#803=DIRECTION('',(0.,-1.,0.));
#804=DIRECTION('',(1.,0.,0.));
#805=FACE_BOUND('',#806,.T.);
#806=EDGE_LOOP('',(#1231,#1232,#1233,#1234));
#807=PLANE('',#808);
#808=AXIS2_PLACEMENT_3D('',#809,#810,#811);
#809=CARTESIAN_POINT('',(-23.0000000002501,-76.4000000000001,-42.7062675873444));
#810=DIRECTION('',(0.,1.,0.));
#811=DIRECTION('',(-1.,0.,0.));
#812=FACE_BOUND('',#813,.T.);
#813=EDGE_LOOP('',(#1235,#1236,#1237,#1238,#1239,#1240,#1241));
#814=FACE_BOUND('',#815,.T.);
#815=EDGE_LOOP('',(#1242,#1243,#1244,#1245));
#816=PLANE('',#817);
#817=AXIS2_PLACEMENT_3D('',#818,#819,#820);
#818=CARTESIAN_POINT('',(-24.1138867790501,-76.4000000000001,-21.6880312626851));
#819=DIRECTION('',(0.,-1.,0.));
#820=DIRECTION('',(1.,0.,0.));
#821=FACE_BOUND('',#822,.T.);
#822=EDGE_LOOP('',(#1246,#1247,#1248,#1249,#1250,#1251,#1252,#1253,#1254,#1255,#1256,
#1257));
#823=PLANE('',#824);
#824=AXIS2_PLACEMENT_3D('',#825,#826,#827);
#825=CARTESIAN_POINT('',(-23.6978210024299,-76.4000000000001,-31.2067536458991));
#826=DIRECTION('',(0.,1.,0.));
#827=DIRECTION('',(-1.,0.,0.));
#828=FACE_BOUND('',#829,.T.);
#829=EDGE_LOOP('',(#1258,#1259,#1260,#1261));
#830=PLANE('',#831);
#831=AXIS2_PLACEMENT_3D('',#832,#833,#834);
#832=CARTESIAN_POINT('',(-16.8428938398799,-76.4000000000001,-22.3131684158676));
#833=DIRECTION('',(0.,-1.,0.));
#834=DIRECTION('',(1.,0.,0.));
#835=FACE_BOUND('',#836,.T.);
#836=EDGE_LOOP('',(#1262,#1263,#1264,#1265));
#837=B_SPLINE_SURFACE_WITH_KNOTS('',3,1,(
(#838,#839),
(#840,#841),
(#842,#843),
(#844,#845),
(#846,#847),
(#848,#849)),
.UNSPECIFIED.,.F.,.F.,.F.,
(4,2,4),
(2,2),
(0.,0.508833922261482,1.),
(0.,1.),
.UNSPECIFIED.);
#838=CARTESIAN_POINT('',(-20.38460602025,-76.4000000000001,-26.4791465963346));
#839=CARTESIAN_POINT('',(-20.38460602025,-76.5000000000001,-26.4791465963346));
#840=CARTESIAN_POINT('',(-20.04458554558,-76.4000000000001,-26.3796268125127));
#841=CARTESIAN_POINT('',(-20.04458554558,-76.5000000000001,-26.3796268125127));
#842=CARTESIAN_POINT('',(-19.8146417430401,-76.4000000000001,-26.1952539291456));
#843=CARTESIAN_POINT('',(-19.8146417430401,-76.5000000000001,-26.1952539291456));
#844=CARTESIAN_POINT('',(-19.5790695353301,-76.4000000000001,-25.6661500877276));
#845=CARTESIAN_POINT('',(-19.5790695353301,-76.5000000000001,-25.6661500877276));
#846=CARTESIAN_POINT('',(-19.5843020567099,-76.4000000000001,-25.4061930524654));
#847=CARTESIAN_POINT('',(-19.5843020567099,-76.5000000000001,-25.4061930524654));
#848=CARTESIAN_POINT('',(-19.7088073555001,-76.4000000000001,-25.142417590684));
#849=CARTESIAN_POINT('',(-19.7088073555001,-76.5000000000001,-25.142417590684));
#850=FACE_BOUND('',#851,.T.);
#851=EDGE_LOOP('',(#1266,#1267,#1268,#1269));
#852=B_SPLINE_SURFACE_WITH_KNOTS('',3,1,(
(#853,#854),
(#855,#856),
(#857,#858),
(#859,#860),
(#861,#862),
(#863,#864)),
.UNSPECIFIED.,.F.,.F.,.F.,
(4,2,4),
(2,2),
(0.,0.494023904382469,1.),
(0.,1.),
.UNSPECIFIED.);
#853=CARTESIAN_POINT('',(-19.7088073555001,-76.4000000000001,-25.142417590684));
#854=CARTESIAN_POINT('',(-19.7088073555001,-76.5000000000002,-25.142417590684));
#855=CARTESIAN_POINT('',(-19.8360146897901,-76.4000000000001,-24.8796793431559));
#856=CARTESIAN_POINT('',(-19.8360146897901,-76.5000000000002,-24.8796793431559));
#857=CARTESIAN_POINT('',(-20.1286474049,-76.4000000000001,-24.6463399174696));
#858=CARTESIAN_POINT('',(-20.1286474049,-76.5000000000002,-24.6463399174696));
#859=CARTESIAN_POINT('',(-21.0671990953301,-76.4000000000001,-24.2284697822452));
#860=CARTESIAN_POINT('',(-21.0671990953301,-76.5000000000002,-24.2284697822452));
#861=CARTESIAN_POINT('',(-21.4565698546601,-76.4000000000001,-24.1671226495156));
#862=CARTESIAN_POINT('',(-21.4565698546601,-76.5000000000002,-24.1671226495156));
#863=CARTESIAN_POINT('',(-21.75959424282,-76.4000000000001,-24.2539910586713));
#864=CARTESIAN_POINT('',(-21.75959424282,-76.5000000000002,-24.2539910586713));
#865=FACE_BOUND('',#866,.T.);
#866=EDGE_LOOP('',(#1270,#1271,#1272,#1273));
#867=B_SPLINE_SURFACE_WITH_KNOTS('',3,1,(
(#868,#869),
(#870,#871),
(#872,#873),
(#874,#875),
(#876,#877),
(#878,#879)),
.UNSPECIFIED.,.F.,.F.,.F.,
(4,2,4),
(2,2),
(0.,0.50853242320819,1.),
(0.,1.),
.UNSPECIFIED.);
#868=CARTESIAN_POINT('',(-21.75959424282,-76.3999999999999,-24.2539910586713));
#869=CARTESIAN_POINT('',(-21.75959424282,-76.5,-24.2539910586713));
#870=CARTESIAN_POINT('',(-22.0634510416101,-76.3999999999999,-24.3427290927082));
#871=CARTESIAN_POINT('',(-22.0634510416101,-76.5,-24.3427290927082));
#872=CARTESIAN_POINT('',(-22.2769778274801,-76.3999999999999,-24.5254503509455));
#873=CARTESIAN_POINT('',(-22.2769778274801,-76.5,-24.5254503509455));
#874=CARTESIAN_POINT('',(-22.5208741414599,-76.3999999999999,-25.0732504411769));
#875=CARTESIAN_POINT('',(-22.5208741414599,-76.5,-25.0732504411769));
#876=CARTESIAN_POINT('',(-22.5177292447199,-76.3999999999999,-25.3479596718643));
#877=CARTESIAN_POINT('',(-22.5177292447199,-76.5,-25.3479596718643));
#878=CARTESIAN_POINT('',(-22.3897026959203,-76.3999999999999,-25.6289845609547));
#879=CARTESIAN_POINT('',(-22.3897026959203,-76.5,-25.6289845609547));
#880=FACE_BOUND('',#881,.T.);
#881=EDGE_LOOP('',(#1274,#1275,#1276,#1277));
#882=B_SPLINE_SURFACE_WITH_KNOTS('',3,1,(
(#883,#884),
(#885,#886),
(#887,#888),
(#889,#890),
(#891,#892),
(#893,#894)),
.UNSPECIFIED.,.F.,.F.,.F.,
(4,2,4),
(2,2),
(0.,0.476293103448276,1.),
(0.,1.),
.UNSPECIFIED.);
#883=CARTESIAN_POINT('',(-22.3897026959203,-76.4000000000001,-25.6289845609547));
#884=CARTESIAN_POINT('',(-22.3897026959203,-76.5,-25.6289845609547));
#885=CARTESIAN_POINT('',(-22.26084373649,-76.4000000000001,-25.9081398251639));
#886=CARTESIAN_POINT('',(-22.26084373649,-76.5,-25.9081398251639));
#887=CARTESIAN_POINT('',(-21.99210653759,-76.4000000000001,-26.1398012334682));
#888=CARTESIAN_POINT('',(-21.99210653759,-76.5,-26.1398012334682));
#889=CARTESIAN_POINT('',(-21.12460059265,-76.4000000000001,-26.5260397648311));
#890=CARTESIAN_POINT('',(-21.12460059265,-76.5,-26.5260397648311));
#891=CARTESIAN_POINT('',(-20.72649611979,-76.4000000000001,-26.5778339695285));
#892=CARTESIAN_POINT('',(-20.72649611979,-76.5,-26.5778339695285));
#893=CARTESIAN_POINT('',(-20.38460602025,-76.4000000000001,-26.4791465963346));
#894=CARTESIAN_POINT('',(-20.38460602025,-76.5,-26.4791465963346));
#895=FACE_BOUND('',#896,.T.);
#896=EDGE_LOOP('',(#1278,#1279,#1280,#1281));
#897=PLANE('',#898);
#898=AXIS2_PLACEMENT_3D('',#899,#900,#901);
#899=CARTESIAN_POINT('',(0.,-76.5,-39.0000000000007));
#900=DIRECTION('',(0.,1.,0.));
#901=DIRECTION('',(-1.,0.,0.));
#902=ORIENTED_EDGE('',*,*,#1282,.F.);
#903=ORIENTED_EDGE('',*,*,#1283,.T.);
#904=ORIENTED_EDGE('',*,*,#1284,.F.);
#905=ORIENTED_EDGE('',*,*,#1285,.F.);
#906=ORIENTED_EDGE('',*,*,#1286,.F.);
#907=ORIENTED_EDGE('',*,*,#1287,.F.);
#908=ORIENTED_EDGE('',*,*,#1288,.F.);
#909=ORIENTED_EDGE('',*,*,#1289,.F.);
#910=ORIENTED_EDGE('',*,*,#1290,.F.);
#911=ORIENTED_EDGE('',*,*,#1291,.F.);
#912=ORIENTED_EDGE('',*,*,#1292,.F.);
#913=ORIENTED_EDGE('',*,*,#1293,.T.);
#914=ORIENTED_EDGE('',*,*,#1294,.T.);
#915=ORIENTED_EDGE('',*,*,#1295,.T.);
#916=ORIENTED_EDGE('',*,*,#1296,.T.);
#917=ORIENTED_EDGE('',*,*,#1297,.T.);
#918=ORIENTED_EDGE('',*,*,#1289,.T.);
#919=ORIENTED_EDGE('',*,*,#1298,.T.);
#920=ORIENTED_EDGE('',*,*,#1299,.T.);
#921=ORIENTED_EDGE('',*,*,#1300,.T.);
#922=ORIENTED_EDGE('',*,*,#1301,.T.);
#923=ORIENTED_EDGE('',*,*,#1302,.F.);
#924=ORIENTED_EDGE('',*,*,#1298,.F.);
#925=ORIENTED_EDGE('',*,*,#1288,.T.);
#926=ORIENTED_EDGE('',*,*,#1303,.T.);
#927=ORIENTED_EDGE('',*,*,#1304,.T.);
#928=ORIENTED_EDGE('',*,*,#1290,.T.);
#929=ORIENTED_EDGE('',*,*,#1297,.F.);
#930=ORIENTED_EDGE('',*,*,#1305,.T.);
#931=ORIENTED_EDGE('',*,*,#1304,.F.);
#932=ORIENTED_EDGE('',*,*,#1306,.T.);
#933=ORIENTED_EDGE('',*,*,#1307,.T.);
#934=ORIENTED_EDGE('',*,*,#1308,.T.);
#935=ORIENTED_EDGE('',*,*,#1291,.T.);
#936=ORIENTED_EDGE('',*,*,#1309,.F.);
#937=ORIENTED_EDGE('',*,*,#1310,.T.);
#938=ORIENTED_EDGE('',*,*,#1311,.T.);
#939=ORIENTED_EDGE('',*,*,#1312,.T.);
#940=ORIENTED_EDGE('',*,*,#1284,.T.);
#941=ORIENTED_EDGE('',*,*,#1313,.T.);
#942=ORIENTED_EDGE('',*,*,#1300,.F.);
#943=ORIENTED_EDGE('',*,*,#1314,.T.);
#944=ORIENTED_EDGE('',*,*,#1315,.F.);
#945=ORIENTED_EDGE('',*,*,#1316,.T.);
#946=ORIENTED_EDGE('',*,*,#1317,.F.);
#947=ORIENTED_EDGE('',*,*,#1318,.T.);
#948=ORIENTED_EDGE('',*,*,#1319,.T.);
#949=ORIENTED_EDGE('',*,*,#1320,.T.);
#950=ORIENTED_EDGE('',*,*,#1321,.T.);
#951=ORIENTED_EDGE('',*,*,#1322,.T.);
#952=ORIENTED_EDGE('',*,*,#1323,.T.);
#953=ORIENTED_EDGE('',*,*,#1310,.F.);
#954=ORIENTED_EDGE('',*,*,#1324,.F.);
#955=ORIENTED_EDGE('',*,*,#1325,.F.);
#956=ORIENTED_EDGE('',*,*,#1326,.T.);
#957=ORIENTED_EDGE('',*,*,#1303,.F.);
#958=ORIENTED_EDGE('',*,*,#1327,.F.);
#959=ORIENTED_EDGE('',*,*,#1328,.F.);
#960=ORIENTED_EDGE('',*,*,#1306,.F.);
#961=ORIENTED_EDGE('',*,*,#1329,.T.);
#962=ORIENTED_EDGE('',*,*,#1330,.T.);
#963=ORIENTED_EDGE('',*,*,#1331,.F.);
#964=ORIENTED_EDGE('',*,*,#1332,.F.);
#965=ORIENTED_EDGE('',*,*,#1333,.T.);
#966=ORIENTED_EDGE('',*,*,#1334,.F.);
#967=ORIENTED_EDGE('',*,*,#1335,.F.);
#968=ORIENTED_EDGE('',*,*,#1336,.F.);
#969=ORIENTED_EDGE('',*,*,#1337,.T.);
#970=ORIENTED_EDGE('',*,*,#1283,.F.);
#971=ORIENTED_EDGE('',*,*,#1338,.F.);
#972=ORIENTED_EDGE('',*,*,#1292,.T.);
#973=ORIENTED_EDGE('',*,*,#1308,.F.);
#974=ORIENTED_EDGE('',*,*,#1339,.F.);
#975=ORIENTED_EDGE('',*,*,#1294,.F.);
#976=ORIENTED_EDGE('',*,*,#1340,.F.);
#977=ORIENTED_EDGE('',*,*,#1301,.F.);
#978=ORIENTED_EDGE('',*,*,#1313,.F.);
#979=ORIENTED_EDGE('',*,*,#1341,.F.);
#980=ORIENTED_EDGE('',*,*,#1326,.F.);
#981=ORIENTED_EDGE('',*,*,#1342,.F.);
#982=ORIENTED_EDGE('',*,*,#1285,.T.);
#983=ORIENTED_EDGE('',*,*,#1312,.F.);
#984=ORIENTED_EDGE('',*,*,#1325,.T.);
#985=ORIENTED_EDGE('',*,*,#1343,.T.);
#986=ORIENTED_EDGE('',*,*,#1286,.T.);
#987=ORIENTED_EDGE('',*,*,#1342,.T.);
#988=ORIENTED_EDGE('',*,*,#1299,.F.);
#989=ORIENTED_EDGE('',*,*,#1302,.T.);
#990=ORIENTED_EDGE('',*,*,#1287,.T.);
#991=ORIENTED_EDGE('',*,*,#1343,.F.);
#992=ORIENTED_EDGE('',*,*,#1324,.T.);
#993=ORIENTED_EDGE('',*,*,#1309,.T.);
#994=ORIENTED_EDGE('',*,*,#1307,.F.);
#995=ORIENTED_EDGE('',*,*,#1328,.T.);
#996=ORIENTED_EDGE('',*,*,#1344,.T.);
#997=ORIENTED_EDGE('',*,*,#1295,.F.);
#998=ORIENTED_EDGE('',*,*,#1339,.T.);
#999=ORIENTED_EDGE('',*,*,#1338,.T.);
#1000=ORIENTED_EDGE('',*,*,#1282,.T.);
#1001=ORIENTED_EDGE('',*,*,#1331,.T.);
#1002=ORIENTED_EDGE('',*,*,#1340,.T.);
#1003=ORIENTED_EDGE('',*,*,#1293,.F.);
#1004=ORIENTED_EDGE('',*,*,#1323,.F.);
#1005=ORIENTED_EDGE('',*,*,#1341,.T.);
#1006=ORIENTED_EDGE('',*,*,#1311,.F.);
#1007=ORIENTED_EDGE('',*,*,#1344,.F.);
#1008=ORIENTED_EDGE('',*,*,#1327,.T.);
#1009=ORIENTED_EDGE('',*,*,#1305,.F.);
#1010=ORIENTED_EDGE('',*,*,#1296,.F.);
#1011=ORIENTED_EDGE('',*,*,#1345,.F.);
#1012=ORIENTED_EDGE('',*,*,#1314,.F.);
#1013=ORIENTED_EDGE('',*,*,#1318,.F.);
#1014=ORIENTED_EDGE('',*,*,#1346,.F.);
#1015=ORIENTED_EDGE('',*,*,#1347,.F.);
#1016=ORIENTED_EDGE('',*,*,#1348,.F.);
#1017=ORIENTED_EDGE('',*,*,#1349,.F.);
#1018=ORIENTED_EDGE('',*,*,#1333,.F.);
#1019=ORIENTED_EDGE('',*,*,#1337,.F.);
#1020=ORIENTED_EDGE('',*,*,#1350,.F.);
#1021=ORIENTED_EDGE('',*,*,#1351,.F.);
#1022=ORIENTED_EDGE('',*,*,#1352,.F.);
#1023=ORIENTED_EDGE('',*,*,#1353,.F.);
#1024=ORIENTED_EDGE('',*,*,#1354,.F.);
#1025=ORIENTED_EDGE('',*,*,#1355,.F.);
#1026=ORIENTED_EDGE('',*,*,#1356,.F.);
#1027=ORIENTED_EDGE('',*,*,#1357,.F.);
#1028=ORIENTED_EDGE('',*,*,#1358,.F.);
#1029=ORIENTED_EDGE('',*,*,#1359,.F.);
#1030=ORIENTED_EDGE('',*,*,#1360,.F.);
#1031=ORIENTED_EDGE('',*,*,#1361,.F.);
#1032=ORIENTED_EDGE('',*,*,#1362,.F.);
#1033=ORIENTED_EDGE('',*,*,#1363,.F.);
#1034=ORIENTED_EDGE('',*,*,#1364,.F.);
#1035=ORIENTED_EDGE('',*,*,#1365,.F.);
#1036=ORIENTED_EDGE('',*,*,#1366,.F.);
#1037=ORIENTED_EDGE('',*,*,#1367,.F.);
#1038=ORIENTED_EDGE('',*,*,#1368,.F.);
#1039=ORIENTED_EDGE('',*,*,#1369,.F.);
#1040=ORIENTED_EDGE('',*,*,#1370,.F.);
#1041=ORIENTED_EDGE('',*,*,#1371,.F.);
#1042=ORIENTED_EDGE('',*,*,#1372,.F.);
#1043=ORIENTED_EDGE('',*,*,#1373,.F.);
#1044=ORIENTED_EDGE('',*,*,#1374,.F.);
#1045=ORIENTED_EDGE('',*,*,#1375,.F.);
#1046=ORIENTED_EDGE('',*,*,#1376,.F.);
#1047=ORIENTED_EDGE('',*,*,#1377,.F.);
#1048=ORIENTED_EDGE('',*,*,#1378,.F.);
#1049=ORIENTED_EDGE('',*,*,#1379,.F.);
#1050=ORIENTED_EDGE('',*,*,#1380,.F.);
#1051=ORIENTED_EDGE('',*,*,#1381,.F.);
#1052=ORIENTED_EDGE('',*,*,#1320,.F.);
#1053=ORIENTED_EDGE('',*,*,#1382,.F.);
#1054=ORIENTED_EDGE('',*,*,#1383,.F.);
#1055=ORIENTED_EDGE('',*,*,#1382,.T.);
#1056=ORIENTED_EDGE('',*,*,#1319,.F.);
#1057=ORIENTED_EDGE('',*,*,#1384,.F.);
#1058=ORIENTED_EDGE('',*,*,#1385,.T.);
#1059=ORIENTED_EDGE('',*,*,#1384,.T.);
#1060=ORIENTED_EDGE('',*,*,#1322,.F.);
#1061=ORIENTED_EDGE('',*,*,#1386,.T.);
#1062=ORIENTED_EDGE('',*,*,#1387,.F.);
#1063=ORIENTED_EDGE('',*,*,#1386,.F.);
#1064=ORIENTED_EDGE('',*,*,#1321,.F.);
#1065=ORIENTED_EDGE('',*,*,#1381,.T.);
#1066=ORIENTED_EDGE('',*,*,#1329,.F.);
#1067=ORIENTED_EDGE('',*,*,#1330,.F.);
#1068=ORIENTED_EDGE('',*,*,#1388,.T.);
#1069=ORIENTED_EDGE('',*,*,#1389,.T.);
#1070=ORIENTED_EDGE('',*,*,#1352,.T.);
#1071=ORIENTED_EDGE('',*,*,#1390,.T.);
#1072=ORIENTED_EDGE('',*,*,#1391,.T.);
#1073=ORIENTED_EDGE('',*,*,#1392,.T.);
#1074=ORIENTED_EDGE('',*,*,#1315,.T.);
#1075=ORIENTED_EDGE('',*,*,#1345,.T.);
#1076=ORIENTED_EDGE('',*,*,#1389,.F.);
#1077=ORIENTED_EDGE('',*,*,#1346,.T.);
#1078=ORIENTED_EDGE('',*,*,#1317,.T.);
#1079=ORIENTED_EDGE('',*,*,#1393,.T.);
#1080=ORIENTED_EDGE('',*,*,#1394,.T.);
#1081=ORIENTED_EDGE('',*,*,#1395,.T.);
#1082=ORIENTED_EDGE('',*,*,#1396,.T.);
#1083=ORIENTED_EDGE('',*,*,#1347,.T.);
#1084=ORIENTED_EDGE('',*,*,#1394,.F.);
#1085=ORIENTED_EDGE('',*,*,#1397,.T.);
#1086=ORIENTED_EDGE('',*,*,#1398,.T.);
#1087=ORIENTED_EDGE('',*,*,#1399,.T.);
#1088=ORIENTED_EDGE('',*,*,#1348,.T.);
#1089=ORIENTED_EDGE('',*,*,#1396,.F.);
#1090=ORIENTED_EDGE('',*,*,#1400,.T.);
#1091=ORIENTED_EDGE('',*,*,#1401,.T.);
#1092=ORIENTED_EDGE('',*,*,#1334,.T.);
#1093=ORIENTED_EDGE('',*,*,#1349,.T.);
#1094=ORIENTED_EDGE('',*,*,#1399,.F.);
#1095=ORIENTED_EDGE('',*,*,#1350,.T.);
#1096=ORIENTED_EDGE('',*,*,#1336,.T.);
#1097=ORIENTED_EDGE('',*,*,#1402,.T.);
#1098=ORIENTED_EDGE('',*,*,#1403,.T.);
#1099=ORIENTED_EDGE('',*,*,#1404,.T.);
#1100=ORIENTED_EDGE('',*,*,#1390,.F.);
#1101=ORIENTED_EDGE('',*,*,#1351,.T.);
#1102=ORIENTED_EDGE('',*,*,#1403,.F.);
#1103=ORIENTED_EDGE('',*,*,#1405,.T.);
#1104=ORIENTED_EDGE('',*,*,#1406,.T.);
#1105=ORIENTED_EDGE('',*,*,#1407,.F.);
#1106=ORIENTED_EDGE('',*,*,#1356,.T.);
#1107=ORIENTED_EDGE('',*,*,#1408,.F.);
#1108=ORIENTED_EDGE('',*,*,#1409,.F.);
#1109=ORIENTED_EDGE('',*,*,#1410,.F.);
#1110=ORIENTED_EDGE('',*,*,#1353,.T.);
#1111=ORIENTED_EDGE('',*,*,#1407,.T.);
#1112=ORIENTED_EDGE('',*,*,#1411,.F.);
#1113=ORIENTED_EDGE('',*,*,#1412,.F.);
#1114=ORIENTED_EDGE('',*,*,#1354,.T.);
#1115=ORIENTED_EDGE('',*,*,#1410,.T.);
#1116=ORIENTED_EDGE('',*,*,#1413,.F.);
#1117=ORIENTED_EDGE('',*,*,#1408,.T.);
#1118=ORIENTED_EDGE('',*,*,#1355,.T.);
#1119=ORIENTED_EDGE('',*,*,#1412,.T.);
#1120=ORIENTED_EDGE('',*,*,#1414,.T.);
#1121=ORIENTED_EDGE('',*,*,#1415,.T.);
#1122=ORIENTED_EDGE('',*,*,#1363,.T.);
#1123=ORIENTED_EDGE('',*,*,#1416,.T.);
#1124=ORIENTED_EDGE('',*,*,#1417,.T.);
#1125=ORIENTED_EDGE('',*,*,#1418,.T.);
#1126=ORIENTED_EDGE('',*,*,#1357,.T.);
#1127=ORIENTED_EDGE('',*,*,#1415,.F.);
#1128=ORIENTED_EDGE('',*,*,#1419,.T.);
#1129=ORIENTED_EDGE('',*,*,#1420,.T.);
#1130=ORIENTED_EDGE('',*,*,#1358,.T.);
#1131=ORIENTED_EDGE('',*,*,#1418,.F.);
#1132=ORIENTED_EDGE('',*,*,#1421,.T.);
#1133=ORIENTED_EDGE('',*,*,#1422,.T.);
#1134=ORIENTED_EDGE('',*,*,#1359,.T.);
#1135=ORIENTED_EDGE('',*,*,#1420,.F.);
#1136=ORIENTED_EDGE('',*,*,#1423,.T.);
#1137=ORIENTED_EDGE('',*,*,#1424,.T.);
#1138=ORIENTED_EDGE('',*,*,#1360,.T.);
#1139=ORIENTED_EDGE('',*,*,#1422,.F.);
#1140=ORIENTED_EDGE('',*,*,#1425,.T.);
#1141=ORIENTED_EDGE('',*,*,#1426,.T.);
#1142=ORIENTED_EDGE('',*,*,#1361,.T.);
#1143=ORIENTED_EDGE('',*,*,#1424,.F.);
#1144=ORIENTED_EDGE('',*,*,#1427,.T.);
#1145=ORIENTED_EDGE('',*,*,#1416,.F.);
#1146=ORIENTED_EDGE('',*,*,#1362,.T.);
#1147=ORIENTED_EDGE('',*,*,#1426,.F.);
#1148=ORIENTED_EDGE('',*,*,#1428,.F.);
#1149=ORIENTED_EDGE('',*,*,#1429,.F.);
#1150=ORIENTED_EDGE('',*,*,#1375,.T.);
#1151=ORIENTED_EDGE('',*,*,#1430,.F.);
#1152=ORIENTED_EDGE('',*,*,#1431,.F.);
#1153=ORIENTED_EDGE('',*,*,#1432,.F.);
#1154=ORIENTED_EDGE('',*,*,#1364,.T.);
#1155=ORIENTED_EDGE('',*,*,#1429,.T.);
#1156=ORIENTED_EDGE('',*,*,#1433,.F.);
#1157=ORIENTED_EDGE('',*,*,#1434,.F.);
#1158=ORIENTED_EDGE('',*,*,#1365,.T.);
#1159=ORIENTED_EDGE('',*,*,#1432,.T.);
#1160=ORIENTED_EDGE('',*,*,#1435,.F.);
#1161=ORIENTED_EDGE('',*,*,#1436,.F.);
#1162=ORIENTED_EDGE('',*,*,#1366,.T.);
#1163=ORIENTED_EDGE('',*,*,#1434,.T.);
#1164=ORIENTED_EDGE('',*,*,#1437,.F.);
#1165=ORIENTED_EDGE('',*,*,#1438,.F.);
#1166=ORIENTED_EDGE('',*,*,#1367,.T.);
#1167=ORIENTED_EDGE('',*,*,#1436,.T.);
#1168=ORIENTED_EDGE('',*,*,#1439,.F.);
#1169=ORIENTED_EDGE('',*,*,#1440,.F.);
#1170=ORIENTED_EDGE('',*,*,#1368,.T.);
#1171=ORIENTED_EDGE('',*,*,#1438,.T.);
#1172=ORIENTED_EDGE('',*,*,#1441,.F.);
#1173=ORIENTED_EDGE('',*,*,#1442,.F.);
#1174=ORIENTED_EDGE('',*,*,#1369,.T.);
#1175=ORIENTED_EDGE('',*,*,#1440,.T.);
#1176=ORIENTED_EDGE('',*,*,#1443,.F.);
#1177=ORIENTED_EDGE('',*,*,#1444,.F.);
#1178=ORIENTED_EDGE('',*,*,#1370,.T.);
#1179=ORIENTED_EDGE('',*,*,#1442,.T.);
#1180=ORIENTED_EDGE('',*,*,#1445,.F.);
#1181=ORIENTED_EDGE('',*,*,#1446,.F.);
#1182=ORIENTED_EDGE('',*,*,#1371,.T.);
#1183=ORIENTED_EDGE('',*,*,#1444,.T.);
#1184=ORIENTED_EDGE('',*,*,#1447,.F.);
#1185=ORIENTED_EDGE('',*,*,#1448,.F.);
#1186=ORIENTED_EDGE('',*,*,#1372,.T.);
#1187=ORIENTED_EDGE('',*,*,#1446,.T.);
#1188=ORIENTED_EDGE('',*,*,#1449,.F.);
#1189=ORIENTED_EDGE('',*,*,#1450,.F.);
#1190=ORIENTED_EDGE('',*,*,#1373,.T.);
#1191=ORIENTED_EDGE('',*,*,#1448,.T.);
#1192=ORIENTED_EDGE('',*,*,#1451,.F.);
#1193=ORIENTED_EDGE('',*,*,#1430,.T.);
#1194=ORIENTED_EDGE('',*,*,#1374,.T.);
#1195=ORIENTED_EDGE('',*,*,#1450,.T.);
#1196=ORIENTED_EDGE('',*,*,#1452,.T.);
#1197=ORIENTED_EDGE('',*,*,#1453,.T.);
#1198=ORIENTED_EDGE('',*,*,#1379,.T.);
#1199=ORIENTED_EDGE('',*,*,#1454,.T.);
#1200=ORIENTED_EDGE('',*,*,#1455,.T.);
#1201=ORIENTED_EDGE('',*,*,#1456,.T.);
#1202=ORIENTED_EDGE('',*,*,#1376,.T.);
#1203=ORIENTED_EDGE('',*,*,#1453,.F.);
#1204=ORIENTED_EDGE('',*,*,#1457,.T.);
#1205=ORIENTED_EDGE('',*,*,#1458,.T.);
#1206=ORIENTED_EDGE('',*,*,#1377,.T.);
#1207=ORIENTED_EDGE('',*,*,#1456,.F.);
#1208=ORIENTED_EDGE('',*,*,#1459,.T.);
#1209=ORIENTED_EDGE('',*,*,#1454,.F.);
#1210=ORIENTED_EDGE('',*,*,#1378,.T.);
#1211=ORIENTED_EDGE('',*,*,#1458,.F.);
#1212=ORIENTED_EDGE('',*,*,#1385,.F.);
#1213=ORIENTED_EDGE('',*,*,#1387,.T.);
#1214=ORIENTED_EDGE('',*,*,#1380,.T.);
#1215=ORIENTED_EDGE('',*,*,#1383,.T.);
#1216=ORIENTED_EDGE('',*,*,#1404,.F.);
#1217=ORIENTED_EDGE('',*,*,#1400,.F.);
#1218=ORIENTED_EDGE('',*,*,#1395,.F.);
#1219=ORIENTED_EDGE('',*,*,#1391,.F.);
#1220=ORIENTED_EDGE('',*,*,#1397,.F.);
#1221=ORIENTED_EDGE('',*,*,#1393,.F.);
#1222=ORIENTED_EDGE('',*,*,#1316,.F.);
#1223=ORIENTED_EDGE('',*,*,#1392,.F.);
#1224=ORIENTED_EDGE('',*,*,#1388,.F.);
#1225=ORIENTED_EDGE('',*,*,#1405,.F.);
#1226=ORIENTED_EDGE('',*,*,#1402,.F.);
#1227=ORIENTED_EDGE('',*,*,#1335,.T.);
#1228=ORIENTED_EDGE('',*,*,#1401,.F.);
#1229=ORIENTED_EDGE('',*,*,#1398,.F.);
#1230=ORIENTED_EDGE('',*,*,#1332,.T.);
#1231=ORIENTED_EDGE('',*,*,#1406,.F.);
#1232=ORIENTED_EDGE('',*,*,#1413,.T.);
#1233=ORIENTED_EDGE('',*,*,#1411,.T.);
#1234=ORIENTED_EDGE('',*,*,#1409,.T.);
#1235=ORIENTED_EDGE('',*,*,#1419,.F.);
#1236=ORIENTED_EDGE('',*,*,#1417,.F.);
#1237=ORIENTED_EDGE('',*,*,#1414,.F.);
#1238=ORIENTED_EDGE('',*,*,#1427,.F.);
#1239=ORIENTED_EDGE('',*,*,#1425,.F.);
#1240=ORIENTED_EDGE('',*,*,#1423,.F.);
#1241=ORIENTED_EDGE('',*,*,#1421,.F.);
#1242=ORIENTED_EDGE('',*,*,#1460,.T.);
#1243=ORIENTED_EDGE('',*,*,#1461,.T.);
#1244=ORIENTED_EDGE('',*,*,#1462,.T.);
#1245=ORIENTED_EDGE('',*,*,#1463,.T.);
#1246=ORIENTED_EDGE('',*,*,#1428,.T.);
#1247=ORIENTED_EDGE('',*,*,#1451,.T.);
#1248=ORIENTED_EDGE('',*,*,#1449,.T.);
#1249=ORIENTED_EDGE('',*,*,#1447,.T.);
#1250=ORIENTED_EDGE('',*,*,#1445,.T.);
#1251=ORIENTED_EDGE('',*,*,#1443,.T.);
#1252=ORIENTED_EDGE('',*,*,#1441,.T.);
#1253=ORIENTED_EDGE('',*,*,#1439,.T.);
#1254=ORIENTED_EDGE('',*,*,#1437,.T.);
#1255=ORIENTED_EDGE('',*,*,#1435,.T.);
#1256=ORIENTED_EDGE('',*,*,#1433,.T.);
#1257=ORIENTED_EDGE('',*,*,#1431,.T.);
#1258=ORIENTED_EDGE('',*,*,#1457,.F.);
#1259=ORIENTED_EDGE('',*,*,#1455,.F.);
#1260=ORIENTED_EDGE('',*,*,#1452,.F.);
#1261=ORIENTED_EDGE('',*,*,#1459,.F.);
#1262=ORIENTED_EDGE('',*,*,#1461,.F.);
#1263=ORIENTED_EDGE('',*,*,#1464,.T.);
#1264=ORIENTED_EDGE('',*,*,#1465,.T.);
#1265=ORIENTED_EDGE('',*,*,#1466,.T.);
#1266=ORIENTED_EDGE('',*,*,#1460,.F.);
#1267=ORIENTED_EDGE('',*,*,#1467,.T.);
#1268=ORIENTED_EDGE('',*,*,#1468,.T.);
#1269=ORIENTED_EDGE('',*,*,#1464,.F.);
#1270=ORIENTED_EDGE('',*,*,#1463,.F.);
#1271=ORIENTED_EDGE('',*,*,#1469,.T.);
#1272=ORIENTED_EDGE('',*,*,#1470,.T.);
#1273=ORIENTED_EDGE('',*,*,#1467,.F.);
#1274=ORIENTED_EDGE('',*,*,#1462,.F.);
#1275=ORIENTED_EDGE('',*,*,#1466,.F.);
#1276=ORIENTED_EDGE('',*,*,#1471,.T.);
#1277=ORIENTED_EDGE('',*,*,#1469,.F.);
#1278=ORIENTED_EDGE('',*,*,#1465,.F.);
#1279=ORIENTED_EDGE('',*,*,#1468,.F.);
#1280=ORIENTED_EDGE('',*,*,#1470,.F.);
#1281=ORIENTED_EDGE('',*,*,#1471,.F.);
#1282=EDGE_CURVE('',#1472,#1473,#1474,.T.);
#1283=EDGE_CURVE('',#1472,#1475,#1476,.T.);
#1284=EDGE_CURVE('',#1477,#1475,#1478,.T.);
#1285=EDGE_CURVE('',#1479,#1477,#1480,.T.);
#1286=EDGE_CURVE('',#1481,#1479,#1482,.T.);
#1287=EDGE_CURVE('',#1483,#1481,#1484,.T.);
#1288=EDGE_CURVE('',#1485,#1483,#1486,.T.);
#1289=EDGE_CURVE('',#1487,#1485,#1488,.T.);
#1290=EDGE_CURVE('',#1489,#1487,#1490,.T.);
#1291=EDGE_CURVE('',#1491,#1489,#1492,.T.);
#1292=EDGE_CURVE('',#1473,#1491,#1493,.T.);
#1293=EDGE_CURVE('',#1494,#1495,#1496,.T.);
#1294=EDGE_CURVE('',#1495,#1497,#1498,.T.);
#1295=EDGE_CURVE('',#1497,#1499,#1500,.T.);
#1296=EDGE_CURVE('',#1499,#1501,#1502,.T.);
#1297=EDGE_CURVE('',#1501,#1487,#1503,.T.);
#1298=EDGE_CURVE('',#1485,#1504,#1505,.T.);
#1299=EDGE_CURVE('',#1504,#1506,#1507,.T.);
#1300=EDGE_CURVE('',#1506,#1508,#1509,.T.);
#1301=EDGE_CURVE('',#1508,#1494,#1510,.T.);
#1302=EDGE_CURVE('',#1504,#1483,#1511,.T.);
#1303=EDGE_CURVE('',#1512,#1513,#1514,.T.);
#1304=EDGE_CURVE('',#1513,#1489,#1515,.T.);
#1305=EDGE_CURVE('',#1501,#1512,#1516,.T.);
#1306=EDGE_CURVE('',#1513,#1517,#1518,.T.);
#1307=EDGE_CURVE('',#1517,#1519,#1520,.T.);
#1308=EDGE_CURVE('',#1519,#1491,#1521,.T.);
#1309=EDGE_CURVE('',#1522,#1506,#1523,.T.);
#1310=EDGE_CURVE('',#1522,#1524,#1525,.T.);
#1311=EDGE_CURVE('',#1524,#1526,#1527,.T.);
#1312=EDGE_CURVE('',#1526,#1477,#1528,.T.);
#1313=EDGE_CURVE('',#1475,#1508,#1529,.T.);
#1314=EDGE_CURVE('',#1530,#1531,#1532,.T.);
#1315=EDGE_CURVE('',#1533,#1531,#1534,.T.);
#1316=EDGE_CURVE('',#1533,#1535,#1536,.T.);
#1317=EDGE_CURVE('',#1537,#1535,#1538,.T.);
#1318=EDGE_CURVE('',#1537,#1530,#1539,.T.);
#1319=EDGE_CURVE('',#1540,#1541,#1542,.T.);
#1320=EDGE_CURVE('',#1541,#1543,#1544,.T.);
#1321=EDGE_CURVE('',#1543,#1545,#1546,.T.);
#1322=EDGE_CURVE('',#1545,#1540,#1547,.T.);
#1323=EDGE_CURVE('',#1548,#1524,#1549,.T.);
#1324=EDGE_CURVE('',#1550,#1522,#1551,.T.);
#1325=EDGE_CURVE('',#1552,#1550,#1553,.T.);
#1326=EDGE_CURVE('',#1552,#1548,#1554,.T.);
#1327=EDGE_CURVE('',#1555,#1512,#1556,.T.);
#1328=EDGE_CURVE('',#1517,#1555,#1557,.T.);
#1329=EDGE_CURVE('',#1558,#1558,#1559,.T.);
#1330=EDGE_CURVE('',#1560,#1560,#1561,.T.);
#1331=EDGE_CURVE('',#1562,#1562,#1563,.T.);
#1332=EDGE_CURVE('',#1564,#1564,#1565,.T.);
#1333=EDGE_CURVE('',#1566,#1567,#1568,.T.);
#1334=EDGE_CURVE('',#1569,#1567,#1570,.T.);
#1335=EDGE_CURVE('',#1571,#1569,#1572,.T.);
#1336=EDGE_CURVE('',#1573,#1571,#1574,.T.);
#1337=EDGE_CURVE('',#1573,#1566,#1575,.T.);
#1338=EDGE_CURVE('',#1473,#1472,#1576,.T.);
#1339=EDGE_CURVE('',#1497,#1519,#1577,.T.);
#1340=EDGE_CURVE('',#1494,#1495,#1578,.T.);
#1341=EDGE_CURVE('',#1548,#1526,#1579,.T.);
#1342=EDGE_CURVE('',#1479,#1552,#1580,.T.);
#1343=EDGE_CURVE('',#1550,#1481,#1581,.T.);
#1344=EDGE_CURVE('',#1555,#1499,#1582,.T.);
#1345=EDGE_CURVE('',#1531,#1583,#1584,.T.);
#1346=EDGE_CURVE('',#1585,#1537,#1586,.T.);
#1347=EDGE_CURVE('',#1587,#1585,#1588,.T.);
#1348=EDGE_CURVE('',#1589,#1587,#1590,.T.);
#1349=EDGE_CURVE('',#1567,#1589,#1591,.T.);
#1350=EDGE_CURVE('',#1592,#1573,#1593,.T.);
#1351=EDGE_CURVE('',#1594,#1592,#1595,.T.);
#1352=EDGE_CURVE('',#1583,#1594,#1596,.T.);
#1353=EDGE_CURVE('',#1597,#1598,#1599,.T.);
#1354=EDGE_CURVE('',#1600,#1597,#1601,.T.);
#1355=EDGE_CURVE('',#1602,#1600,#1603,.T.);
#1356=EDGE_CURVE('',#1598,#1602,#1604,.T.);
#1357=EDGE_CURVE('',#1605,#1606,#1607,.T.);
#1358=EDGE_CURVE('',#1608,#1605,#1609,.T.);
#1359=EDGE_CURVE('',#1610,#1608,#1611,.T.);
#1360=EDGE_CURVE('',#1612,#1610,#1613,.T.);
#1361=EDGE_CURVE('',#1614,#1612,#1615,.T.);
#1362=EDGE_CURVE('',#1616,#1614,#1617,.T.);
#1363=EDGE_CURVE('',#1606,#1616,#1618,.T.);
#1364=EDGE_CURVE('',#1619,#1620,#1621,.T.);
#1365=EDGE_CURVE('',#1622,#1619,#1623,.T.);
#1366=EDGE_CURVE('',#1624,#1622,#1625,.T.);
#1367=EDGE_CURVE('',#1626,#1624,#1627,.T.);
#1368=EDGE_CURVE('',#1628,#1626,#1629,.T.);
#1369=EDGE_CURVE('',#1630,#1628,#1631,.T.);
#1370=EDGE_CURVE('',#1632,#1630,#1633,.T.);
#1371=EDGE_CURVE('',#1634,#1632,#1635,.T.);
#1372=EDGE_CURVE('',#1636,#1634,#1637,.T.);
#1373=EDGE_CURVE('',#1638,#1636,#1639,.T.);
#1374=EDGE_CURVE('',#1640,#1638,#1641,.T.);
#1375=EDGE_CURVE('',#1620,#1640,#1642,.T.);
#1376=EDGE_CURVE('',#1643,#1644,#1645,.T.);
#1377=EDGE_CURVE('',#1646,#1643,#1647,.T.);
#1378=EDGE_CURVE('',#1648,#1646,#1649,.T.);
#1379=EDGE_CURVE('',#1644,#1648,#1650,.T.);
#1380=EDGE_CURVE('',#1651,#1652,#1653,.T.);
#1381=EDGE_CURVE('',#1543,#1651,#1654,.T.);
#1382=EDGE_CURVE('',#1652,#1541,#1655,.T.);
#1383=EDGE_CURVE('',#1652,#1656,#1657,.T.);
#1384=EDGE_CURVE('',#1656,#1540,#1658,.T.);
#1385=EDGE_CURVE('',#1659,#1656,#1660,.T.);
#1386=EDGE_CURVE('',#1545,#1659,#1661,.T.);
#1387=EDGE_CURVE('',#1659,#1651,#1662,.T.);
#1388=EDGE_CURVE('',#1663,#1664,#1665,.T.);
#1389=EDGE_CURVE('',#1664,#1583,#1666,.T.);
#1390=EDGE_CURVE('',#1594,#1667,#1668,.T.);
#1391=EDGE_CURVE('',#1667,#1663,#1669,.T.);
#1392=EDGE_CURVE('',#1664,#1533,#1670,.T.);
#1393=EDGE_CURVE('',#1535,#1671,#1672,.T.);
#1394=EDGE_CURVE('',#1671,#1585,#1673,.T.);
#1395=EDGE_CURVE('',#1663,#1674,#1675,.T.);
#1396=EDGE_CURVE('',#1674,#1587,#1676,.T.);
#1397=EDGE_CURVE('',#1671,#1663,#1677,.T.);
#1398=EDGE_CURVE('',#1678,#1679,#1680,.T.);
#1399=EDGE_CURVE('',#1679,#1589,#1681,.T.);
#1400=EDGE_CURVE('',#1674,#1678,#1682,.T.);
#1401=EDGE_CURVE('',#1679,#1569,#1683,.T.);
#1402=EDGE_CURVE('',#1571,#1684,#1685,.T.);
#1403=EDGE_CURVE('',#1684,#1592,#1686,.T.);
#1404=EDGE_CURVE('',#1678,#1667,#1687,.T.);
#1405=EDGE_CURVE('',#1684,#1678,#1688,.T.);
#1406=EDGE_CURVE('',#1689,#1690,#1691,.T.);
#1407=EDGE_CURVE('',#1598,#1690,#1692,.T.);
#1408=EDGE_CURVE('',#1689,#1602,#1693,.T.);
#1409=EDGE_CURVE('',#1694,#1690,#1695,.T.);
#1410=EDGE_CURVE('',#1597,#1694,#1696,.T.);
#1411=EDGE_CURVE('',#1697,#1694,#1698,.T.);
#1412=EDGE_CURVE('',#1600,#1697,#1699,.T.);
#1413=EDGE_CURVE('',#1689,#1697,#1700,.T.);
#1414=EDGE_CURVE('',#1701,#1702,#1703,.T.);
#1415=EDGE_CURVE('',#1702,#1606,#1704,.T.);
#1416=EDGE_CURVE('',#1616,#1701,#1705,.T.);
#1417=EDGE_CURVE('',#1702,#1706,#1707,.T.);
#1418=EDGE_CURVE('',#1706,#1605,#1708,.T.);
#1419=EDGE_CURVE('',#1706,#1709,#1710,.T.);
#1420=EDGE_CURVE('',#1709,#1608,#1711,.T.);
#1421=EDGE_CURVE('',#1709,#1712,#1713,.T.);
#1422=EDGE_CURVE('',#1712,#1610,#1714,.T.);
#1423=EDGE_CURVE('',#1712,#1715,#1716,.T.);
#1424=EDGE_CURVE('',#1715,#1612,#1717,.T.);
#1425=EDGE_CURVE('',#1715,#1718,#1719,.T.);
#1426=EDGE_CURVE('',#1718,#1614,#1720,.T.);
#1427=EDGE_CURVE('',#1718,#1701,#1721,.T.);
#1428=EDGE_CURVE('',#1722,#1723,#1724,.T.);
#1429=EDGE_CURVE('',#1620,#1722,#1725,.T.);
#1430=EDGE_CURVE('',#1723,#1640,#1726,.T.);
#1431=EDGE_CURVE('',#1727,#1722,#1728,.T.);
#1432=EDGE_CURVE('',#1619,#1727,#1729,.T.);
#1433=EDGE_CURVE('',#1730,#1727,#1731,.T.);
#1434=EDGE_CURVE('',#1622,#1730,#1732,.T.);
#1435=EDGE_CURVE('',#1733,#1730,#1734,.T.);
#1436=EDGE_CURVE('',#1624,#1733,#1735,.T.);
#1437=EDGE_CURVE('',#1736,#1733,#1737,.T.);
#1438=EDGE_CURVE('',#1626,#1736,#1738,.T.);
#1439=EDGE_CURVE('',#1739,#1736,#1740,.T.);
#1440=EDGE_CURVE('',#1628,#1739,#1741,.T.);
#1441=EDGE_CURVE('',#1742,#1739,#1743,.T.);
#1442=EDGE_CURVE('',#1630,#1742,#1744,.T.);
#1443=EDGE_CURVE('',#1745,#1742,#1746,.T.);
#1444=EDGE_CURVE('',#1632,#1745,#1747,.T.);
#1445=EDGE_CURVE('',#1748,#1745,#1749,.T.);
#1446=EDGE_CURVE('',#1634,#1748,#1750,.T.);
#1447=EDGE_CURVE('',#1751,#1748,#1752,.T.);
#1448=EDGE_CURVE('',#1636,#1751,#1753,.T.);
#1449=EDGE_CURVE('',#1754,#1751,#1755,.T.);
#1450=EDGE_CURVE('',#1638,#1754,#1756,.T.);
#1451=EDGE_CURVE('',#1723,#1754,#1757,.T.);
#1452=EDGE_CURVE('',#1758,#1759,#1760,.T.);
#1453=EDGE_CURVE('',#1759,#1644,#1761,.T.);
#1454=EDGE_CURVE('',#1648,#1758,#1762,.T.);
#1455=EDGE_CURVE('',#1759,#1763,#1764,.T.);
#1456=EDGE_CURVE('',#1763,#1643,#1765,.T.);
#1457=EDGE_CURVE('',#1763,#1766,#1767,.T.);
#1458=EDGE_CURVE('',#1766,#1646,#1768,.T.);
#1459=EDGE_CURVE('',#1766,#1758,#1769,.T.);
#1460=EDGE_CURVE('',#1770,#1771,#1772,.T.);
#1461=EDGE_CURVE('',#1771,#1773,#1774,.T.);
#1462=EDGE_CURVE('',#1773,#1775,#1776,.T.);
#1463=EDGE_CURVE('',#1775,#1770,#1777,.T.);
#1464=EDGE_CURVE('',#1771,#1778,#1779,.T.);
#1465=EDGE_CURVE('',#1778,#1780,#1781,.T.);
#1466=EDGE_CURVE('',#1780,#1773,#1782,.T.);
#1467=EDGE_CURVE('',#1770,#1783,#1784,.T.);
#1468=EDGE_CURVE('',#1783,#1778,#1785,.T.);
#1469=EDGE_CURVE('',#1775,#1786,#1787,.T.);
#1470=EDGE_CURVE('',#1786,#1783,#1788,.T.);
#1471=EDGE_CURVE('',#1780,#1786,#1789,.T.);
#1472=VERTEX_POINT('',#1790);
#1473=VERTEX_POINT('',#1791);
#1474=(BOUNDED_CURVE()B_SPLINE_CURVE(3,
(#1792,#1793,#1794,#1795),
.UNSPECIFIED.,.F.,.F.)B_SPLINE_CURVE_WITH_KNOTS((4,4),
(0.,1.),
.UNSPECIFIED.)CURVE()GEOMETRIC_REPRESENTATION_ITEM()RATIONAL_B_SPLINE_CURVE((1.,
0.333333333333333,0.333333333333333,1.))REPRESENTATION_ITEM(''));
#1475=VERTEX_POINT('',#1796);
#1476=B_SPLINE_CURVE_WITH_KNOTS('',5,
(#1797,#1798,#1799,#1800,#1801,#1802),
.UNSPECIFIED.,.F.,.F.,
(6,6),
(0.,1.),
.UNSPECIFIED.);
#1477=VERTEX_POINT('',#1803);
#1478=B_SPLINE_CURVE_WITH_KNOTS('',3,
(#1804,#1805,#1806,#1807,#1808,#1809,#1810,#1811,#1812,#1813,#1814,#1815,#1816,#1817,
#1818,#1819,#1820,#1821,#1822,#1823,#1824,#1825),
.UNSPECIFIED.,.F.,.F.,
(4,1,1,1,1,1,1,1,1,1,1,1,1,1,1,1,1,1,1,4),
(0.,0.122488607755824,0.22537285338514,0.300710913798631,0.364855274900959,0.417936939923252,
0.471674274185717,0.523994684055353,0.570339682624213,0.612257748586363,0.657213966438605,
0.705347182026265,0.751332374424389,0.799953896239709,0.854533508086228,0.903812640625279,
0.940866326608174,0.967476690246392,0.987187914710334,1.),
.UNSPECIFIED.);
#1479=VERTEX_POINT('',#1826);
#1480=B_SPLINE_CURVE_WITH_KNOTS('',3,
(#1827,#1828,#1829,#1830,#1831,#1832,#1833,#1834,#1835,#1836,#1837,#1838,#1839,#1840,
#1841,#1842,#1843,#1844,#1845,#1846,#1847),
.UNSPECIFIED.,.F.,.F.,
(4,1,1,1,1,1,1,1,1,1,1,1,1,1,1,1,1,1,4),
(0.,0.0628384017523439,0.12550691538475,0.188031734727767,0.250165564755285,0.250416805696603,
0.312754777570663,0.375122018509222,0.437576286930717,0.500236164399932,0.563079900396988,
0.626065523372395,0.689058479844621,0.75075053763914,0.751901704951647,0.81454786897989,
0.876764393010228,0.938600165963594,1.),
.UNSPECIFIED.);
#1481=VERTEX_POINT('',#1848);
#1482=B_SPLINE_CURVE_WITH_KNOTS('',3,
(#1849,#1850,#1851,#1852,#1853,#1854),
.UNSPECIFIED.,.F.,.F.,
(4,2,4),
(0.,0.5,1.),
.UNSPECIFIED.);
#1483=VERTEX_POINT('',#1855);
#1484=B_SPLINE_CURVE_WITH_KNOTS('',3,
(#1856,#1857,#1858,#1859,#1860,#1861,#1862,#1863,#1864,#1865,#1866,#1867,#1868),
.UNSPECIFIED.,.F.,.F.,
(4,1,1,1,1,1,1,1,1,1,4),
(0.,0.171455394875585,0.318933838264502,0.438735770043929,0.5621070240165,0.661295067528065,
0.739999460701447,0.789522345481904,0.846259891254379,0.915942784180819,1.),
.UNSPECIFIED.);
#1485=VERTEX_POINT('',#1869);
#1486=B_SPLINE_CURVE_WITH_KNOTS('',3,
(#1870,#1871,#1872,#1873,#1874,#1875,#1876,#1877,#1878,#1879,#1880,#1881,#1882,#1883,
#1884,#1885,#1886,#1887,#1888,#1889,#1890,#1891,#1892,#1893,#1894,#1895,#1896,#1897,
#1898,#1899),
.UNSPECIFIED.,.F.,.F.,
(4,1,1,1,1,1,1,1,1,1,1,1,1,1,1,1,1,1,1,1,1,1,1,1,1,1,1,4),
(0.,0.0729299370117621,0.136500966971336,0.19167362454427,0.24984648302001,0.304927838486537,
0.355957156278304,0.402690120935415,0.441834811821198,0.470167022039989,0.485565902062095,
0.500122665550902,0.51799669472036,0.538984469446741,0.560378400615347,0.580179020247972,
0.599231702723394,0.615950626874626,0.632183419150041,0.6500951963177,0.674919807476613,
0.713347027006163,0.760919969836887,0.814552703028594,0.866297466521446,0.924860617467919,
0.969269911330102,1.),
.UNSPECIFIED.);
#1487=VERTEX_POINT('',#1900);
#1488=B_SPLINE_CURVE_WITH_KNOTS('',3,
(#1901,#1902,#1903,#1904,#1905,#1906,#1907,#1908,#1909,#1910),
.UNSPECIFIED.,.F.,.F.,
(4,1,1,1,1,1,1,4),
(0.,0.192431551542001,0.358750677436055,0.491461035490708,0.632330444047729,0.796816626894876,
0.924591609776907,1.),
.UNSPECIFIED.);
#1489=VERTEX_POINT('',#1911);
#1490=B_SPLINE_CURVE_WITH_KNOTS('',3,
(#1912,#1913,#1914,#1915,#1916,#1917,#1918,#1919,#1920,#1921,#1922,#1923,#1924,#1925,
#1926,#1927,#1928,#1929,#1930,#1931,#1932,#1933,#1934,#1935,#1936,#1937,#1938,#1939,
#1940,#1941,#1942,#1943,#1944,#1945,#1946,#1947,#1948,#1949,#1950,#1951,#1952,#1953,
#1954,#1955,#1956,#1957,#1958,#1959,#1960,#1961,#1962,#1963,#1964,#1965,#1966,#1967,
#1968,#1969,#1970,#1971,#1972,#1973,#1974,#1975,#1976,#1977,#1978,#1979,#1980,#1981,
#1982,#1983,#1984,#1985,#1986),
.UNSPECIFIED.,.F.,.F.,
(4,1,1,1,1,1,1,1,1,1,1,1,1,1,1,1,1,1,1,1,1,1,1,1,1,1,1,1,1,1,1,1,1,1,1,1,1,1,1,1,
1,1,1,1,1,1,1,1,1,1,1,1,1,1,1,1,1,1,1,1,1,1,1,1,1,1,1,1,1,1,1,1,4),
(0.,0.0154682198444025,0.0329491103930355,0.0464413492133004,0.05244466211785,0.0817110059414719,
0.111556851470823,0.139372256165979,0.141954867756544,0.163601571710769,0.183682918570241,
0.202331594904998,0.221110301984793,0.232285769260354,0.240170634575595,0.259379602389302,
0.278743798909166,0.298107088226012,0.317314430560332,0.32520201575993,0.336373966365751,
0.355153473787842,0.373804303338908,0.392021349019613,0.409938327307641,0.418115901679331,
0.427421995929109,0.444768985906239,0.461554995579122,0.4779147216033,0.493543820071699,
0.508877431824095,0.511030199948329,0.523492661416552,0.537683786851515,0.551312306689886,
0.564805337265957,0.57800232378505,0.591046341660625,0.60394136709111,0.603944752874022,
0.616837313380416,0.629884150445421,0.643084600153682,0.656579323807374,0.670205623469861,
0.68421449513577,0.69685860606594,0.698470464983335,0.713092809486472,0.727836085351,
0.742780218973169,0.757798808356782,0.772839611733778,0.78783482010095,0.789773115972176,
0.80269249053783,0.817457808008824,0.832070000086551,0.846622811289215,0.860989676875257,
0.875242015305516,0.882691950485965,0.889355314967591,0.903440945735547,0.917444163426642,
0.931400219539087,0.945289054391047,0.959152720109332,0.964680735299793,0.972893297746491,
0.986517250704502,1.),
.UNSPECIFIED.);
#1491=VERTEX_POINT('',#1987);
#1492=B_SPLINE_CURVE_WITH_KNOTS('',3,
(#1988,#1989,#1990,#1991,#1992,#1993,#1994,#1995,#1996,#1997,#1998,#1999,#2000,#2001,
#2002,#2003,#2004,#2005,#2006,#2007,#2008,#2009,#2010,#2011,#2012,#2013,#2014,#2015,
#2016,#2017,#2018,#2019,#2020,#2021,#2022,#2023,#2024,#2025,#2026,#2027,#2028,#2029,
#2030,#2031,#2032,#2033,#2034,#2035,#2036,#2037,#2038,#2039,#2040,#2041,#2042,#2043,
#2044,#2045,#2046,#2047,#2048,#2049,#2050,#2051,#2052,#2053,#2054,#2055,#2056,#2057,
#2058,#2059,#2060,#2061),
.UNSPECIFIED.,.F.,.F.,
(4,1,1,1,1,1,1,1,1,1,1,1,1,1,1,1,1,1,1,1,1,1,1,1,1,1,1,1,1,1,1,1,1,1,1,1,1,1,1,1,
1,1,1,1,1,1,1,1,1,1,1,1,1,1,1,1,1,1,1,1,1,1,1,1,1,1,1,1,1,1,1,4),
(0.,0.0130302788530749,0.0263464458152111,0.0376590644152262,0.0399234901075077,
0.0538709141355472,0.0679694298882846,0.0824077444442869,0.0970389079911912,0.114103543656166,
0.117049893887414,0.137538194291839,0.158539495373979,0.175104181753478,0.191886080883106,
0.192099868141506,0.209272526677062,0.227041007746603,0.245330612505508,0.263729859623984,
0.271739971691907,0.282357357816423,0.301108716931234,0.320004472025857,0.3389039301923,
0.351738268236477,0.357660080470968,0.376286950407704,0.394680460583854,0.412966969568731,
0.430866570177765,0.431736231645757,0.448508261176325,0.465785110697911,0.482958422790074,
0.499881481537449,0.511735352471985,0.51666574089482,0.533323415644953,0.549990964960018,
0.566672397300799,0.58334368119005,0.591734695164864,0.600004540945343,0.616664318298626,
0.633333048793239,0.650012926501062,0.671733923740071,0.672233992771434,0.694386451473333,
0.716486640252977,0.732915840881287,0.749270765986757,0.751733097240699,0.765434266843131,
0.781477089416391,0.797344368272708,0.813154732453231,0.831733347821148,0.833521254344066,
0.853329568359201,0.872589619725264,0.887539254245539,0.903346496727525,0.91173511644575,
0.92482341590209,0.945560065162017,0.965562866759229,0.975868807625028,0.978526482850263,
0.990005020062128,1.),
.UNSPECIFIED.);
#1493=B_SPLINE_CURVE_WITH_KNOTS('',5,
(#2062,#2063,#2064,#2065,#2066,#2067,#2068,#2069,#2070,#2071,#2072,#2073,#2074,#2075,
#2076,#2077,#2078,#2079),
.UNSPECIFIED.,.F.,.F.,
(6,4,4,4,6),
(0.,0.0244681757876203,0.0570924101726773,0.881472115183282,1.),
.UNSPECIFIED.);
#1494=VERTEX_POINT('',#2080);
#1495=VERTEX_POINT('',#2081);
#1496=B_SPLINE_CURVE_WITH_KNOTS('',3,
(#2082,#2083,#2084,#2085,#2086,#2087,#2088,#2089,#2090,#2091,#2092,#2093,#2094,#2095,
#2096,#2097,#2098,#2099,#2100,#2101,#2102,#2103,#2104,#2105,#2106,#2107,#2108,#2109,
#2110,#2111,#2112),
.UNSPECIFIED.,.F.,.F.,
(4,1,1,1,1,1,3,1,1,1,1,1,1,1,1,1,1,1,1,1,1,1,1,1,1,1,4),
(0.,0.039575708277857,0.0791514165557141,0.118727124833571,0.158302833111428,0.197878541389285,
0.235303372818818,0.274879086058452,0.314454799298086,0.35403051253772,0.393606225777354,
0.433181939016988,0.472757652256622,0.512333365496256,0.55190907873589,0.591484791975524,
0.631060505215158,0.670636218454792,0.710211931694425,0.749787644934059,0.789363358173693,
0.828939071413327,0.868514784652961,0.908090497892595,0.947666211132229,0.987241924371863,
1.),
.UNSPECIFIED.);
#1497=VERTEX_POINT('',#2113);
#1498=B_SPLINE_CURVE_WITH_KNOTS('',3,
(#2114,#2115,#2116,#2117,#2118,#2119,#2120,#2121,#2122,#2123),
.UNSPECIFIED.,.F.,.F.,
(4,1,1,1,1,1,1,4),
(0.,0.192458358001019,0.358800652794587,0.491520419705506,0.63241092281326,0.796983575132049,
0.924739001151641,1.),
.UNSPECIFIED.);
#1499=VERTEX_POINT('',#2124);
#1500=B_SPLINE_CURVE_WITH_KNOTS('',3,
(#2125,#2126,#2127,#2128,#2129,#2130,#2131,#2132,#2133,#2134,#2135,#2136,#2137,#2138,
#2139,#2140),
.UNSPECIFIED.,.F.,.F.,
(4,1,1,1,1,1,1,1,1,1,1,1,1,4),
(0.,0.0627425528407138,0.125398817462795,0.187975014102462,0.250452990865898,0.312880248564062,
0.382204223343905,0.458467403609445,0.569515501166287,0.680669115499201,0.791876114531973,
0.868279087714209,0.937656347186925,1.),
.UNSPECIFIED.);
#1501=VERTEX_POINT('',#2141);
#1502=CIRCLE('',#2142,27.0000000053849);
#1503=B_SPLINE_CURVE_WITH_KNOTS('',3,
(#2146,#2147,#2148,#2149,#2150,#2151,#2152,#2153,#2154,#2155,#2156,#2157,#2158,#2159,
#2160,#2161),
.UNSPECIFIED.,.F.,.F.,
(4,1,1,1,1,1,1,1,1,1,1,1,1,4),
(0.,0.0623436539189811,0.131720914004076,0.20812388729958,0.319330885751308,0.43048449952948,
0.541532596920205,0.617795777548781,0.687119752797342,0.749547010878467,0.812024987842554,
0.874601184252718,0.937257448247141,1.),
.UNSPECIFIED.);
#1504=VERTEX_POINT('',#2162);
#1505=CIRCLE('',#2163,27.0000000053848);
#1506=VERTEX_POINT('',#2167);
#1507=LINE('',#2168,#2169);
#1508=VERTEX_POINT('',#2171);
#1509=B_SPLINE_CURVE_WITH_KNOTS('',3,
(#2172,#2173,#2174,#2175,#2176,#2177,#2178,#2179,#2180,#2181,#2182,#2183,#2184,#2185,
#2186,#2187,#2188,#2189,#2190,#2191,#2192,#2193,#2194,#2195,#2196,#2197,#2198,#2199,
#2200,#2201,#2202,#2203,#2204,#2205,#2206,#2207,#2208,#2209,#2210,#2211,#2212,#2213,
#2214,#2215,#2216,#2217,#2218,#2219,#2220,#2221,#2222,#2223,#2224,#2225,#2226,#2227,
#2228,#2229,#2230,#2231,#2232,#2233,#2234,#2235,#2236,#2237,#2238,#2239,#2240,#2241,
#2242,#2243),
.UNSPECIFIED.,.F.,.F.,
(4,1,1,1,1,1,1,1,1,1,1,1,1,1,1,1,1,1,1,1,1,1,1,1,1,1,1,1,1,1,1,1,1,1,1,1,1,1,1,1,
1,1,1,1,1,1,1,1,1,1,3,1,1,1,1,1,1,1,1,1,1,1,1,1,1,1,1,4),
(0.,0.0150818461773482,0.0301636923546965,0.0452455385320447,0.060327384709393,0.0754092308867412,
0.0904910770640894,0.105572923241438,0.120654769418786,0.135736615596134,0.150818461773482,
0.165900307950831,0.180982154128179,0.196064000305527,0.211145846482875,0.226227692660224,
0.241309538837572,0.25639138501492,0.271473231192268,0.286555077369617,0.301636923546965,
0.316718769724313,0.331800615901661,0.34688246207901,0.361964308256358,0.377046154433706,
0.392128000611054,0.407209846788403,0.422291692965751,0.437373539143099,0.452455385320447,
0.467537231497796,0.482619077675144,0.497700923852492,0.51278277002984,0.527864616207188,
0.542946462384537,0.558028308561885,0.573110154739233,0.588192000916582,0.60327384709393,
0.618355693271278,0.633437539448626,0.648519385625975,0.663601231803323,0.678683077980671,
0.693764924158019,0.708846770335367,0.723928616512716,0.739010462690064,0.75397231044725,
0.769054156432578,0.784136002417905,0.799217848403233,0.814299694388561,0.829381540373888,
0.844463386359216,0.859545232344543,0.874627078329871,0.889708924315199,0.904790770300526,
0.919872616285854,0.934954462271181,0.950036308256509,0.965118154241837,0.980200000227164,
0.995281846212492,1.),
.UNSPECIFIED.);
#1510=B_SPLINE_CURVE_WITH_KNOTS('',3,
(#2244,#2245,#2246,#2247,#2248,#2249,#2250,#2251,#2252,#2253,#2254,#2255,#2256,#2257,
#2258),
.UNSPECIFIED.,.F.,.F.,
(4,1,1,1,1,1,1,1,1,1,1,1,4),
(0.,0.125446684236878,0.224133416326275,0.292989947130055,0.350786574012463,0.403212467565932,
0.451638788858034,0.496914305687961,0.560728676689154,0.64474833033371,0.748928752911864,
0.867335089601138,1.),
.UNSPECIFIED.);
#1511=CIRCLE('',#2259,27.0000000053847);
#1512=VERTEX_POINT('',#2263);
#1513=VERTEX_POINT('',#2264);
#1514=CIRCLE('',#2265,29.0000000001265);
#1515=LINE('',#2269,#2270);
#1516=B_SPLINE_CURVE_WITH_KNOTS('',3,
(#2272,#2273,#2274,#2275,#2276,#2277),
.UNSPECIFIED.,.F.,.F.,
(4,1,1,4),
(0.,0.333333333333333,0.666666666666667,1.),
.UNSPECIFIED.);
#1517=VERTEX_POINT('',#2278);
#1518=CIRCLE('',#2279,29.0000000001264);
#1519=VERTEX_POINT('',#2283);
#1520=LINE('',#2284,#2285);
#1521=B_SPLINE_CURVE_WITH_KNOTS('',3,
(#2287,#2288,#2289,#2290,#2291,#2292,#2293,#2294,#2295,#2296,#2297,#2298,#2299,#2300,
#2301,#2302,#2303,#2304,#2305,#2306,#2307,#2308,#2309,#2310,#2311,#2312,#2313,#2314,
#2315,#2316,#2317,#2318,#2319,#2320,#2321,#2322,#2323,#2324,#2325,#2326,#2327,#2328,
#2329,#2330,#2331,#2332,#2333,#2334,#2335,#2336,#2337,#2338,#2339,#2340,#2341,#2342,
#2343,#2344,#2345,#2346,#2347,#2348,#2349,#2350,#2351,#2352,#2353,#2354,#2355,#2356,
#2357),
.UNSPECIFIED.,.F.,.F.,
(4,1,1,1,1,1,1,1,1,1,1,1,1,1,1,1,1,1,1,1,1,1,1,1,1,1,1,1,1,1,1,1,1,1,1,1,1,1,1,1,
1,1,1,1,1,1,1,1,1,1,1,1,1,1,1,1,1,1,1,1,1,1,1,1,1,1,1,1,4),
(0.,0.0133177615637943,0.0283685998157904,0.039985793920996,0.0451542375752775,0.0703528434286084,
0.102716382689444,0.119999860406204,0.134319494734318,0.158521832265554,0.175072275978441,
0.191857955117059,0.199998453187175,0.211356350233169,0.23333405968054,0.260011819508207,
0.280000015968714,0.288890783019119,0.320001357768262,0.351109148078915,0.359999247013947,
0.379985020073503,0.406662503888182,0.428759810895975,0.439998244524608,0.448501034372068,
0.465780511142166,0.482953435944156,0.505424773913329,0.519997893447779,0.527760240564615,
0.54998183520533,0.566666261516094,0.583335204003176,0.599992260432369,0.599997465418585,
0.616651271697451,0.633324593505104,0.650011191236531,0.666678191884081,0.679996553311167,
0.683331887733797,0.699928627667958,0.716484403217485,0.73292180584941,0.74927031243344,
0.759995369417179,0.765423096996137,0.781461875206954,0.797336635582108,0.813155254897092,
0.828578377520921,0.839994838923094,0.843681479725882,0.858239543411802,0.872574481222544,
0.886251079706894,0.899476819239237,0.912065050018475,0.919113268620144,0.924459750350998,
0.93629911940285,0.947776435695117,0.958716911903136,0.969496152558119,0.979154815063375,
0.979900416753976,0.990076851164081,1.),
.UNSPECIFIED.);
#1522=VERTEX_POINT('',#2358);
#1523=CIRCLE('',#2359,32.7500000002247);
#1524=VERTEX_POINT('',#2363);
#1525=B_SPLINE_CURVE_WITH_KNOTS('',3,
(#2364,#2365,#2366,#2367,#2368,#2369,#2370,#2371,#2372,#2373,#2374,#2375,#2376,#2377,
#2378,#2379,#2380,#2381,#2382,#2383,#2384,#2385,#2386,#2387,#2388,#2389,#2390,#2391,
#2392,#2393,#2394,#2395,#2396,#2397,#2398,#2399,#2400,#2401,#2402,#2403,#2404,#2405,
#2406,#2407,#2408,#2409,#2410,#2411,#2412,#2413,#2414,#2415,#2416,#2417,#2418,#2419,
#2420,#2421,#2422,#2423,#2424,#2425,#2426,#2427,#2428,#2429,#2430,#2431,#2432,#2433,
#2434,#2435,#2436,#2437,#2438,#2439,#2440,#2441,#2442,#2443,#2444,#2445,#2446,#2447,
#2448,#2449),
.UNSPECIFIED.,.F.,.F.,
(4,1,1,1,1,1,1,1,1,1,1,1,1,1,1,1,1,1,1,1,1,1,1,1,1,1,1,1,1,1,1,1,1,1,1,1,1,1,1,1,
1,1,1,1,1,1,1,1,1,1,1,1,1,1,1,1,1,1,1,1,1,1,1,1,1,1,1,1,1,1,1,1,1,1,1,1,1,1,1,1,
1,1,1,4),
(0.,0.020816363194449,0.0411307588152145,0.061106613308981,0.0805246235104354,0.0996711705923481,
0.118241129324317,0.136473730365173,0.154254125963391,0.171926209855519,0.189022161734977,
0.205665021974715,0.221521254030456,0.237066729085817,0.25173793672164,0.265868289908607,
0.279251427981507,0.292410019780124,0.30594098668939,0.320071837032097,0.338940652297672,
0.357038576038449,0.374357280201574,0.388261665484866,0.400714967046397,0.411705623036091,
0.419538711617988,0.427177296835514,0.434572034487129,0.441903761142386,0.449110762455594,
0.456243589399267,0.46557619912782,0.474435085701228,0.474846923002557,0.484065548658398,
0.490971645882563,0.497892398213122,0.507218728942206,0.516621639514646,0.526092552264331,
0.533274306315173,0.540494704674573,0.550204680030187,0.559975990257223,0.569813715451426,
0.577280280854464,0.584771284215783,0.592333773631294,0.59993096970319,0.60759366410736,
0.615271574332767,0.625664877684773,0.636188742016711,0.646835689666724,0.655950664700936,
0.666110533172236,0.681458582387503,0.697215029195756,0.713369765440378,0.728568267329785,
0.743221332963955,0.757326523374999,0.768291543879274,0.779461603382432,0.790922605094168,
0.802465467271424,0.818061683833393,0.837560704860127,0.856917539936516,0.872156597032101,
0.883223617997885,0.894163164802557,0.904770027457262,0.915165099228514,0.925255434356212,
0.935251515601848,0.944989115609629,0.954556745086211,0.963865846441901,0.973087247046313,
0.982140540859806,0.991113309069581,1.),
.UNSPECIFIED.);
#1526=VERTEX_POINT('',#2450);
#1527=CIRCLE('',#2451,32.7500000000001);
#1528=LINE('',#2455,#2456);
#1529=B_SPLINE_CURVE_WITH_KNOTS('',3,
(#2458,#2459,#2460,#2461,#2462,#2463,#2464,#2465,#2466,#2467,#2468,#2469,#2470,#2471,
#2472,#2473,#2474,#2475,#2476,#2477,#2478,#2479,#2480),
.UNSPECIFIED.,.F.,.F.,
(4,1,1,1,1,1,1,1,1,1,1,1,1,1,1,1,1,1,1,1,4),
(0.,0.0619961155309467,0.109542987557064,0.142640616078351,0.171400414869771,0.201545432796518,
0.236598523264483,0.272852567431239,0.312638739173413,0.352271514799289,0.396441819981416,
0.4422562225148,0.494387796324988,0.552141073147424,0.610040705374,0.665239602871998,
0.714811900544048,0.769094272487097,0.83563557384892,0.9142245918495,1.),
.UNSPECIFIED.);
#1530=VERTEX_POINT('',#2481);
#1531=VERTEX_POINT('',#2482);
#1532=CIRCLE('',#2483,32.7500000000001);
#1533=VERTEX_POINT('',#2487);
#1534=(BOUNDED_CURVE()B_SPLINE_CURVE(3,
(#2488,#2489,#2490,#2491),
.UNSPECIFIED.,.F.,.F.)B_SPLINE_CURVE_WITH_KNOTS((4,4),
(0.,1.),
.UNSPECIFIED.)CURVE()GEOMETRIC_REPRESENTATION_ITEM()RATIONAL_B_SPLINE_CURVE((1.,
0.999998523128296,0.999998523128296,1.))REPRESENTATION_ITEM(''));
#1535=VERTEX_POINT('',#2492);
#1536=B_SPLINE_CURVE_WITH_KNOTS('',3,
(#2493,#2494,#2495,#2496,#2497,#2498,#2499,#2500,#2501),
.UNSPECIFIED.,.F.,.F.,
(4,1,1,1,1,1,4),
(0.,0.209178904717603,0.382596083334568,0.523750808739864,0.665231686921997,0.825147841638365,
1.),
.UNSPECIFIED.);
#1537=VERTEX_POINT('',#2502);
#1538=(BOUNDED_CURVE()B_SPLINE_CURVE(3,
(#2503,#2504,#2505,#2506),
.UNSPECIFIED.,.F.,.F.)B_SPLINE_CURVE_WITH_KNOTS((4,4),
(0.,1.),
.UNSPECIFIED.)CURVE()GEOMETRIC_REPRESENTATION_ITEM()RATIONAL_B_SPLINE_CURVE((1.,
0.999998523128296,0.999998523128296,1.))REPRESENTATION_ITEM(''));
#1539=CIRCLE('',#2507,32.7500000000001);
#1540=VERTEX_POINT('',#2511);
#1541=VERTEX_POINT('',#2512);
#1542=CIRCLE('',#2513,32.7500000000001);
#1543=VERTEX_POINT('',#2517);
#1544=(BOUNDED_CURVE()B_SPLINE_CURVE(3,
(#2518,#2519,#2520,#2521),
.UNSPECIFIED.,.F.,.F.)B_SPLINE_CURVE_WITH_KNOTS((4,4),
(0.,1.),
.UNSPECIFIED.)CURVE()GEOMETRIC_REPRESENTATION_ITEM()RATIONAL_B_SPLINE_CURVE((1.,
0.999995082822646,0.999995082822646,1.))REPRESENTATION_ITEM(''));
#1545=VERTEX_POINT('',#2522);
#1546=CIRCLE('',#2523,32.7500000000001);
#1547=(BOUNDED_CURVE()B_SPLINE_CURVE(3,
(#2527,#2528,#2529,#2530),
.UNSPECIFIED.,.F.,.F.)B_SPLINE_CURVE_WITH_KNOTS((4,4),
(0.,1.),
.UNSPECIFIED.)CURVE()GEOMETRIC_REPRESENTATION_ITEM()RATIONAL_B_SPLINE_CURVE((1.,
0.999995028700559,0.999995028700559,1.))REPRESENTATION_ITEM(''));
#1548=VERTEX_POINT('',#2531);
#1549=LINE('',#2532,#2533);
#1550=VERTEX_POINT('',#2535);
#1551=B_SPLINE_CURVE_WITH_KNOTS('',3,
(#2536,#2537,#2538,#2539,#2540,#2541,#2542,#2543,#2544,#2545,#2546,#2547,#2548,#2549,
#2550,#2551,#2552,#2553,#2554,#2555,#2556,#2557,#2558,#2559,#2560,#2561,#2562,#2563,
#2564,#2565,#2566,#2567,#2568,#2569,#2570,#2571,#2572,#2573,#2574,#2575,#2576,#2577,
#2578,#2579,#2580,#2581,#2582,#2583,#2584,#2585,#2586,#2587,#2588,#2589,#2590,#2591,
#2592,#2593,#2594,#2595,#2596,#2597,#2598,#2599,#2600,#2601,#2602,#2603,#2604,#2605,
#2606,#2607,#2608,#2609,#2610),
.UNSPECIFIED.,.F.,.F.,
(4,1,1,1,1,1,1,1,1,1,1,1,1,1,1,1,1,1,1,1,1,1,1,1,1,1,1,1,1,1,1,1,1,1,1,1,1,1,1,1,
1,1,1,1,1,1,1,1,1,1,1,1,1,1,1,1,1,1,1,1,1,1,1,1,1,1,1,1,1,1,1,1,4),
(0.,0.0339914462970385,0.0673784681373607,0.100165837146205,0.132004870072164,0.16336940185815,
0.193674242855093,0.223332807136143,0.252106486022476,0.280632752585111,0.308129865367659,
0.334880134397171,0.360320349533,0.385242709569474,0.408812783018689,0.431630053580102,
0.453317297534422,0.4746666788195,0.494778231215399,0.513973196426086,0.531779815102245,
0.549053720264306,0.565066248327714,0.580339198789259,0.594670557772721,0.608785956791809,
0.622285958343864,0.635384576934754,0.647815424100193,0.660002287454509,0.671617676439487,
0.682905412964295,0.693796848427566,0.704608166071698,0.715216044132204,0.725687122623282,
0.735917974150341,0.746053070792834,0.755941725176897,0.76567786395595,0.775213422083412,
0.784697023977776,0.794043991269539,0.803297034027493,0.812383961808681,0.821403864814032,
0.830254421467823,0.838997976428205,0.847602271151693,0.856167727006935,0.86460340621398,
0.872935718390145,0.881063660053731,0.889098793718309,0.896856807210856,0.904431009608202,
0.910330678085045,0.911736250143773,0.918951432847377,0.925866620402181,0.932566618632706,
0.940929956631678,0.948943337738521,0.956602459433577,0.961952703835334,0.967227036593369,
0.972284867729585,0.97719642469279,0.981903283835622,0.986558384873689,0.991097925958489,
0.995579962906488,1.),
.UNSPECIFIED.);
#1552=VERTEX_POINT('',#2611);
#1553=LINE('',#2612,#2613);
#1554=CIRCLE('',#2615,4.99999999999989);
#1555=VERTEX_POINT('',#2619);
#1556=B_SPLINE_CURVE_WITH_KNOTS('',3,
(#2620,#2621,#2622,#2623,#2624,#2625,#2626,#2627,#2628,#2629,#2630,#2631,#2632,#2633,
#2634,#2635,#2636,#2637,#2638,#2639,#2640,#2641,#2642,#2643,#2644,#2645,#2646,#2647,
#2648,#2649,#2650,#2651,#2652,#2653,#2654,#2655,#2656,#2657,#2658,#2659,#2660,#2661,
#2662,#2663),
.UNSPECIFIED.,.F.,.F.,
(4,1,1,1,1,1,1,1,1,1,1,1,1,1,1,1,1,1,1,1,1,1,1,1,1,1,1,1,1,1,1,1,1,1,1,1,1,1,1,1,
1,4),
(0.,0.0394515653020156,0.0785005574389734,0.117107742302232,0.154750372471889,0.191871544839588,
0.227499773694259,0.262140425044437,0.295337124725697,0.328062249826721,0.358992386546498,
0.388604240080234,0.416037915846904,0.442625595940673,0.467071661819056,0.4902353084609,
0.50163517136943,0.511697649766858,0.532743253648442,0.552686437458203,0.571940942525559,
0.590234677014673,0.608250923352641,0.625863639105694,0.643343717120285,0.660834586431295,
0.678463045406613,0.696692941830035,0.715382894454252,0.734834991208342,0.754598159789733,
0.775119193540904,0.796093237817946,0.817665397306245,0.839384627168913,0.861535496648962,
0.8839672915561,0.906813448093473,0.92978257756415,0.953031244577032,0.976437805433686,
1.),
.UNSPECIFIED.);
#1557=CIRCLE('',#2664,29.0000000001264);
#1558=VERTEX_POINT('',#2668);
#1559=CIRCLE('',#2669,28.9999999999999);
#1560=VERTEX_POINT('',#2673);
#1561=CIRCLE('',#2674,28.9999999999999);
#1562=VERTEX_POINT('',#2678);
#1563=CIRCLE('',#2679,28.9999999999999);
#1564=VERTEX_POINT('',#2683);
#1565=CIRCLE('',#2684,20.);
#1566=VERTEX_POINT('',#2688);
#1567=VERTEX_POINT('',#2689);
#1568=CIRCLE('',#2690,20.);
#1569=VERTEX_POINT('',#2694);
#1570=B_SPLINE_CURVE_WITH_KNOTS('',3,
(#2695,#2696,#2697,#2698,#2699,#2700),
.UNSPECIFIED.,.F.,.F.,
(4,2,4),
(0.,0.500000000000064,1.),
.UNSPECIFIED.);
#1571=VERTEX_POINT('',#2701);
#1572=B_SPLINE_CURVE_WITH_KNOTS('',3,
(#2702,#2703,#2704,#2705,#2706,#2707,#2708,#2709,#2710),
.UNSPECIFIED.,.F.,.F.,
(4,1,1,1,1,1,4),
(0.,0.191809317099365,0.359060619227333,0.510086767943709,0.661165936683128,0.827247967888493,
1.),
.UNSPECIFIED.);
#1573=VERTEX_POINT('',#2711);
#1574=B_SPLINE_CURVE_WITH_KNOTS('',3,
(#2712,#2713,#2714,#2715,#2716,#2717),
.UNSPECIFIED.,.F.,.F.,
(4,2,4),
(0.,0.500000000000016,1.),
.UNSPECIFIED.);
#1575=CIRCLE('',#2718,20.);
#1576=(BOUNDED_CURVE()B_SPLINE_CURVE(3,
(#2722,#2723,#2724,#2725),
.UNSPECIFIED.,.F.,.F.)B_SPLINE_CURVE_WITH_KNOTS((4,4),
(0.,1.),
.UNSPECIFIED.)CURVE()GEOMETRIC_REPRESENTATION_ITEM()RATIONAL_B_SPLINE_CURVE((1.,
0.33333333333332,0.33333333333332,1.))REPRESENTATION_ITEM(''));
#1577=B_SPLINE_CURVE_WITH_KNOTS('',3,
(#2726,#2727,#2728,#2729,#2730,#2731,#2732,#2733,#2734,#2735,#2736,#2737,#2738,#2739,
#2740,#2741,#2742,#2743,#2744,#2745,#2746,#2747,#2748,#2749,#2750,#2751,#2752,#2753,
#2754,#2755,#2756,#2757,#2758,#2759,#2760,#2761,#2762,#2763,#2764,#2765,#2766,#2767,
#2768,#2769,#2770,#2771,#2772,#2773,#2774,#2775,#2776,#2777,#2778,#2779,#2780,#2781,
#2782,#2783,#2784,#2785,#2786,#2787,#2788,#2789,#2790,#2791,#2792,#2793,#2794,#2795,
#2796,#2797,#2798,#2799,#2800),
.UNSPECIFIED.,.F.,.F.,
(4,1,1,1,1,1,1,1,1,1,1,1,1,1,1,1,1,1,1,1,1,1,1,1,1,1,1,1,1,1,1,1,1,1,1,1,1,1,1,1,
1,1,1,1,1,1,1,1,1,1,1,1,1,1,1,1,1,1,1,1,1,1,1,1,1,1,1,1,1,1,1,1,4),
(0.,0.0152051515900691,0.0307056899286332,0.0462733551991511,0.0464770078156581,
0.0626478423999013,0.0789857457898317,0.0957241935561393,0.112700304068082,0.130064394331524,
0.139377504036238,0.147554292048276,0.165471387292785,0.183695582609607,0.202354511691496,
0.221131395395944,0.23229020047093,0.240182324714625,0.259382992267515,0.278748550425725,
0.298117436576884,0.317324132370506,0.325205975211954,0.336378250795315,0.355153527879124,
0.373807280613248,0.392029694918711,0.409948260709249,0.418119603746215,0.427430163435793,
0.444774403945749,0.461559350231693,0.477920965868462,0.493552334516865,0.508887045548325,
0.51103383340671,0.523501443482773,0.537690388707087,0.551316274319632,0.564807535081561,
0.578005851478416,0.59105277939035,0.603948500174831,0.60395057436282,0.616847811980933,
0.629892972869394,0.643089050325237,0.656578898619344,0.670205495587368,0.685905611908014,
0.696862664048665,0.70353969240749,0.729798312469196,0.756223654765514,0.782785351789941,
0.78977769914853,0.801022209848761,0.817474863707571,0.832079554534721,0.846621656622252,
0.860986924261149,0.875243882463743,0.882693975283322,0.889361785357023,0.903447321250816,
0.917436565122761,0.931364767687333,0.945190484398933,0.958976770659483,0.964583170060655,
0.972688622482951,0.986362801614477,1.),
.UNSPECIFIED.);
#1578=B_SPLINE_CURVE_WITH_KNOTS('',3,
(#2801,#2802,#2803,#2804,#2805,#2806,#2807,#2808,#2809,#2810,#2811,#2812,#2813,#2814,
#2815,#2816,#2817,#2818,#2819,#2820,#2821,#2822,#2823,#2824,#2825,#2826,#2827,#2828,
#2829,#2830,#2831,#2832,#2833,#2834,#2835,#2836,#2837,#2838,#2839,#2840,#2841,#2842,
#2843),
.UNSPECIFIED.,.F.,.F.,
(4,1,1,1,1,1,1,1,1,1,1,1,1,1,1,1,1,1,1,1,1,1,1,1,1,1,1,1,1,1,1,1,1,1,1,1,1,1,1,1,
4),
(0.,0.0634227001338976,0.115307542749023,0.152295717833766,0.180789004893533,0.202297224729995,
0.226558550399403,0.255524668061114,0.286641349443694,0.311537299237044,0.331295738406109,
0.347480219350951,0.362487243685088,0.37754327676229,0.394557040688811,0.415101533341941,
0.436764219358688,0.45912556668907,0.479361122616052,0.499017611018372,0.517587710608684,
0.536108546556474,0.553897472213567,0.570476708369312,0.585993533595922,0.601970808217879,
0.620118425852505,0.642084749401556,0.664472139892423,0.687126074297432,0.708060671464814,
0.731540448885149,0.760523561403036,0.796235086013113,0.835776179083012,0.870960854140205,
0.901082320643948,0.928492037332848,0.961151854465449,0.985374411121338,1.),
.UNSPECIFIED.);
#1579=LINE('',#2844,#2845);
#1580=LINE('',#2847,#2848);
#1581=CIRCLE('',#2850,31.4041558736238);
#1582=B_SPLINE_CURVE_WITH_KNOTS('',3,
(#2854,#2855,#2856,#2857,#2858,#2859),
.UNSPECIFIED.,.F.,.F.,
(4,1,1,4),
(0.,0.333333333333333,0.666666666666667,1.),
.UNSPECIFIED.);
#1583=VERTEX_POINT('',#2860);
#1584=LINE('',#2861,#2862);
#1585=VERTEX_POINT('',#2864);
#1586=LINE('',#2865,#2866);
#1587=VERTEX_POINT('',#2868);
#1588=LINE('',#2869,#2870);
#1589=VERTEX_POINT('',#2872);
#1590=LINE('',#2873,#2874);
#1591=LINE('',#2876,#2877);
#1592=VERTEX_POINT('',#2879);
#1593=LINE('',#2880,#2881);
#1594=VERTEX_POINT('',#2883);
#1595=LINE('',#2884,#2885);
#1596=LINE('',#2887,#2888);
#1597=VERTEX_POINT('',#2890);
#1598=VERTEX_POINT('',#2891);
#1599=LINE('',#2892,#2893);
#1600=VERTEX_POINT('',#2895);
#1601=LINE('',#2896,#2897);
#1602=VERTEX_POINT('',#2899);
#1603=LINE('',#2900,#2901);
#1604=LINE('',#2903,#2904);
#1605=VERTEX_POINT('',#2906);
#1606=VERTEX_POINT('',#2907);
#1607=LINE('',#2908,#2909);
#1608=VERTEX_POINT('',#2911);
#1609=B_SPLINE_CURVE_WITH_KNOTS('',3,
(#2912,#2913,#2914,#2915),
.UNSPECIFIED.,.F.,.F.,
(4,4),
(0.,1.),
.UNSPECIFIED.);
#1610=VERTEX_POINT('',#2916);
#1611=B_SPLINE_CURVE_WITH_KNOTS('',3,
(#2917,#2918,#2919,#2920,#2921,#2922,#2923,#2924),
.UNSPECIFIED.,.F.,.F.,
(4,2,2,4),
(0.,0.36502501184893,0.727212911227513,1.),
.UNSPECIFIED.);
#1612=VERTEX_POINT('',#2925);
#1613=B_SPLINE_CURVE_WITH_KNOTS('',3,
(#2926,#2927,#2928,#2929,#2930,#2931,#2932,#2933,#2934,#2935,#2936,#2937,#2938,#2939,
#2940,#2941,#2942,#2943,#2944,#2945,#2946,#2947,#2948,#2949,#2950,#2951,#2952,#2953,
#2954,#2955,#2956,#2957,#2958,#2959,#2960,#2961,#2962,#2963,#2964,#2965,#2966,#2967,
#2968,#2969,#2970,#2971,#2972,#2973,#2974,#2975,#2976,#2977,#2978,#2979),
.UNSPECIFIED.,.F.,.F.,
(4,2,2,2,2,2,2,2,2,2,2,2,2,2,2,2,2,2,2,2,2,2,2,2,2,2,4),
(0.,0.0407131542059723,0.0804882120191286,0.120712435636115,0.162370040566163,0.208060218149612,
0.259439586271202,0.319800352437749,0.37547753501341,0.421642264269751,0.462708126885815,
0.502971486891369,0.541903434131485,0.584787644162297,0.62634501208193,0.662110157470826,
0.69666585655098,0.73065650609556,0.766631443000778,0.803764507049254,0.83647307541511,
0.866553559151166,0.89482932717597,0.922305983482564,0.953274313322426,0.987086720868156,
1.),
.UNSPECIFIED.);
#1614=VERTEX_POINT('',#2980);
#1615=B_SPLINE_CURVE_WITH_KNOTS('',3,
(#2981,#2982,#2983,#2984,#2985,#2986),
.UNSPECIFIED.,.F.,.F.,
(4,2,4),
(0.,0.517693315858448,1.),
.UNSPECIFIED.);
#1616=VERTEX_POINT('',#2987);
#1617=B_SPLINE_CURVE_WITH_KNOTS('',3,
(#2988,#2989,#2990,#2991,#2992,#2993,#2994,#2995,#2996,#2997),
.UNSPECIFIED.,.F.,.F.,
(4,2,2,2,4),
(0.,0.191140534880152,0.463370993648856,0.735096274407169,1.),
.UNSPECIFIED.);
#1618=B_SPLINE_CURVE_WITH_KNOTS('',3,
(#2998,#2999,#3000,#3001,#3002,#3003,#3004,#3005,#3006,#3007,#3008,#3009),
.UNSPECIFIED.,.F.,.F.,
(4,2,2,2,2,4),
(0.,0.292006178617605,0.508918035578842,0.686260539455564,0.849127667077108,1.),
.UNSPECIFIED.);
#1619=VERTEX_POINT('',#3010);
#1620=VERTEX_POINT('',#3011);
#1621=LINE('',#3012,#3013);
#1622=VERTEX_POINT('',#3015);
#1623=LINE('',#3016,#3017);
#1624=VERTEX_POINT('',#3019);
#1625=LINE('',#3020,#3021);
#1626=VERTEX_POINT('',#3023);
#1627=LINE('',#3024,#3025);
#1628=VERTEX_POINT('',#3027);
#1629=LINE('',#3028,#3029);
#1630=VERTEX_POINT('',#3031);
#1631=LINE('',#3032,#3033);
#1632=VERTEX_POINT('',#3035);
#1633=LINE('',#3036,#3037);
#1634=VERTEX_POINT('',#3039);
#1635=LINE('',#3040,#3041);
#1636=VERTEX_POINT('',#3043);
#1637=LINE('',#3044,#3045);
#1638=VERTEX_POINT('',#3047);
#1639=LINE('',#3048,#3049);
#1640=VERTEX_POINT('',#3051);
#1641=LINE('',#3052,#3053);
#1642=LINE('',#3055,#3056);
#1643=VERTEX_POINT('',#3058);
#1644=VERTEX_POINT('',#3059);
#1645=LINE('',#3060,#3061);
#1646=VERTEX_POINT('',#3063);
#1647=LINE('',#3064,#3065);
#1648=VERTEX_POINT('',#3067);
#1649=LINE('',#3068,#3069);
#1650=LINE('',#3071,#3072);
#1651=VERTEX_POINT('',#3074);
#1652=VERTEX_POINT('',#3075);
#1653=LINE('',#3076,#3077);
#1654=LINE('',#3079,#3080);
#1655=LINE('',#3082,#3083);
#1656=VERTEX_POINT('',#3085);
#1657=LINE('',#3086,#3087);
#1658=LINE('',#3089,#3090);
#1659=VERTEX_POINT('',#3092);
#1660=LINE('',#3093,#3094);
#1661=LINE('',#3096,#3097);
#1662=LINE('',#3099,#3100);
#1663=VERTEX_POINT('',#3102);
#1664=VERTEX_POINT('',#3103);
#1665=CIRCLE('',#3104,0.212132034355965);
#1666=LINE('',#3108,#3109);
#1667=VERTEX_POINT('',#3111);
#1668=LINE('',#3112,#3113);
#1669=LINE('',#3115,#3116);
#1670=LINE('',#3118,#3119);
#1671=VERTEX_POINT('',#3121);
#1672=LINE('',#3122,#3123);
#1673=LINE('',#3125,#3126);
#1674=VERTEX_POINT('',#3128);
#1675=LINE('',#3129,#3130);
#1676=LINE('',#3132,#3133);
#1677=CIRCLE('',#3135,0.212132034355965);
#1678=VERTEX_POINT('',#3139);
#1679=VERTEX_POINT('',#3140);
#1680=(BOUNDED_CURVE()B_SPLINE_CURVE(3,
(#3141,#3142,#3143,#3144),
.UNSPECIFIED.,.F.,.F.)B_SPLINE_CURVE_WITH_KNOTS((4,4),
(0.,1.),
.UNSPECIFIED.)CURVE()GEOMETRIC_REPRESENTATION_ITEM()RATIONAL_B_SPLINE_CURVE((1.,
0.949253021674681,0.949253021674681,1.))REPRESENTATION_ITEM(''));
#1681=LINE('',#3145,#3146);
#1682=LINE('',#3148,#3149);
#1683=LINE('',#3151,#3152);
#1684=VERTEX_POINT('',#3154);
#1685=LINE('',#3155,#3156);
#1686=LINE('',#3158,#3159);
#1687=LINE('',#3161,#3162);
#1688=(BOUNDED_CURVE()B_SPLINE_CURVE(3,
(#3164,#3165,#3166,#3167),
.UNSPECIFIED.,.F.,.F.)B_SPLINE_CURVE_WITH_KNOTS((4,4),
(0.,1.),
.UNSPECIFIED.)CURVE()GEOMETRIC_REPRESENTATION_ITEM()RATIONAL_B_SPLINE_CURVE((1.,
0.949253021674979,0.949253021674979,1.))REPRESENTATION_ITEM(''));
#1689=VERTEX_POINT('',#3168);
#1690=VERTEX_POINT('',#3169);
#1691=LINE('',#3170,#3171);
#1692=LINE('',#3173,#3174);
#1693=LINE('',#3176,#3177);
#1694=VERTEX_POINT('',#3179);
#1695=LINE('',#3180,#3181);
#1696=LINE('',#3183,#3184);
#1697=VERTEX_POINT('',#3186);
#1698=LINE('',#3187,#3188);
#1699=LINE('',#3190,#3191);
#1700=LINE('',#3193,#3194);
#1701=VERTEX_POINT('',#3196);
#1702=VERTEX_POINT('',#3197);
#1703=B_SPLINE_CURVE_WITH_KNOTS('',3,
(#3198,#3199,#3200,#3201,#3202,#3203,#3204,#3205,#3206,#3207,#3208,#3209,#3210,#3211),
.UNSPECIFIED.,.F.,.F.,
(4,2,2,2,2,2,4),
(0.,0.143249641087269,0.296287532997396,0.459720269064894,0.632366132345379,0.827404387323451,
1.),
.UNSPECIFIED.);
#1704=B_SPLINE_CURVE_WITH_KNOTS('',1,
(#3212,#3213),
.UNSPECIFIED.,.F.,.F.,
(2,2),
(0.,1.),
.UNSPECIFIED.);
#1705=B_SPLINE_CURVE_WITH_KNOTS('',1,
(#3214,#3215),
.UNSPECIFIED.,.F.,.F.,
(2,2),
(0.,1.),
.UNSPECIFIED.);
#1706=VERTEX_POINT('',#3216);
#1707=LINE('',#3217,#3218);
#1708=B_SPLINE_CURVE_WITH_KNOTS('',1,
(#3220,#3221),
.UNSPECIFIED.,.F.,.F.,
(2,2),
(0.,1.),
.UNSPECIFIED.);
#1709=VERTEX_POINT('',#3222);
#1710=B_SPLINE_CURVE_WITH_KNOTS('',3,
(#3223,#3224,#3225,#3226),
.UNSPECIFIED.,.F.,.F.,
(4,4),
(0.,1.),
.UNSPECIFIED.);
#1711=B_SPLINE_CURVE_WITH_KNOTS('',1,
(#3227,#3228),
.UNSPECIFIED.,.F.,.F.,
(2,2),
(0.,1.),
.UNSPECIFIED.);
#1712=VERTEX_POINT('',#3229);
#1713=B_SPLINE_CURVE_WITH_KNOTS('',3,
(#3230,#3231,#3232,#3233,#3234,#3235,#3236,#3237,#3238,#3239,#3240,#3241,#3242,#3243,
#3244,#3245,#3246,#3247,#3248,#3249,#3250,#3251,#3252,#3253,#3254,#3255,#3256,#3257,
#3258,#3259,#3260,#3261,#3262,#3263,#3264,#3265,#3266,#3267,#3268,#3269,#3270,#3271),
.UNSPECIFIED.,.F.,.F.,
(4,2,2,2,2,2,2,2,2,2,2,2,2,2,2,2,2,2,2,2,4),
(0.,0.0288212323020029,0.0568602473325026,0.084256919942376,0.113114778241963,0.144537524101054,
0.178844215340102,0.216748854716462,0.2536510486836,0.286497012646742,0.321132693616444,
0.357579402240136,0.395573497508754,0.437384669677232,0.485876926490573,0.522590490312312,
0.564665250747974,0.63070131994857,0.724835420757091,0.862372835932853,1.),
.UNSPECIFIED.);
#1714=B_SPLINE_CURVE_WITH_KNOTS('',1,
(#3272,#3273),
.UNSPECIFIED.,.F.,.F.,
(2,2),
(0.,1.),
.UNSPECIFIED.);
#1715=VERTEX_POINT('',#3274);
#1716=B_SPLINE_CURVE_WITH_KNOTS('',3,
(#3275,#3276,#3277,#3278,#3279,#3280,#3281,#3282,#3283,#3284),
.UNSPECIFIED.,.F.,.F.,
(4,2,2,2,4),
(0.,0.224113890275601,0.47735449553287,0.730595100790137,1.),
.UNSPECIFIED.);
#1717=B_SPLINE_CURVE_WITH_KNOTS('',1,
(#3285,#3286),
.UNSPECIFIED.,.F.,.F.,
(2,2),
(0.,1.),
.UNSPECIFIED.);
#1718=VERTEX_POINT('',#3287);
#1719=B_SPLINE_CURVE_WITH_KNOTS('',3,
(#3288,#3289,#3290,#3291,#3292,#3293),
.UNSPECIFIED.,.F.,.F.,
(4,2,4),
(0.,0.482306684141552,1.),
.UNSPECIFIED.);
#1720=B_SPLINE_CURVE_WITH_KNOTS('',1,
(#3294,#3295),
.UNSPECIFIED.,.F.,.F.,
(2,2),
(0.,1.),
.UNSPECIFIED.);
#1721=B_SPLINE_CURVE_WITH_KNOTS('',3,
(#3296,#3297,#3298,#3299,#3300,#3301,#3302,#3303,#3304,#3305),
.UNSPECIFIED.,.F.,.F.,
(4,2,2,2,4),
(0.,0.264903725592831,0.536629006351144,0.808859465119848,1.),
.UNSPECIFIED.);
#1722=VERTEX_POINT('',#3306);
#1723=VERTEX_POINT('',#3307);
#1724=LINE('',#3308,#3309);
#1725=LINE('',#3311,#3312);
#1726=LINE('',#3314,#3315);
#1727=VERTEX_POINT('',#3317);
#1728=LINE('',#3318,#3319);
#1729=LINE('',#3321,#3322);
#1730=VERTEX_POINT('',#3324);
#1731=LINE('',#3325,#3326);
#1732=LINE('',#3328,#3329);
#1733=VERTEX_POINT('',#3331);
#1734=LINE('',#3332,#3333);
#1735=LINE('',#3335,#3336);
#1736=VERTEX_POINT('',#3338);
#1737=LINE('',#3339,#3340);
#1738=LINE('',#3342,#3343);
#1739=VERTEX_POINT('',#3345);
#1740=LINE('',#3346,#3347);
#1741=LINE('',#3349,#3350);
#1742=VERTEX_POINT('',#3352);
#1743=LINE('',#3353,#3354);
#1744=LINE('',#3356,#3357);
#1745=VERTEX_POINT('',#3359);
#1746=LINE('',#3360,#3361);
#1747=LINE('',#3363,#3364);
#1748=VERTEX_POINT('',#3366);
#1749=LINE('',#3367,#3368);
#1750=LINE('',#3370,#3371);
#1751=VERTEX_POINT('',#3373);
#1752=LINE('',#3374,#3375);
#1753=LINE('',#3377,#3378);
#1754=VERTEX_POINT('',#3380);
#1755=LINE('',#3381,#3382);
#1756=LINE('',#3384,#3385);
#1757=LINE('',#3387,#3388);
#1758=VERTEX_POINT('',#3390);
#1759=VERTEX_POINT('',#3391);
#1760=LINE('',#3392,#3393);
#1761=LINE('',#3395,#3396);
#1762=LINE('',#3398,#3399);
#1763=VERTEX_POINT('',#3401);
#1764=LINE('',#3402,#3403);
#1765=LINE('',#3405,#3406);
#1766=VERTEX_POINT('',#3408);
#1767=LINE('',#3409,#3410);
#1768=LINE('',#3412,#3413);
#1769=LINE('',#3415,#3416);
#1770=VERTEX_POINT('',#3418);
#1771=VERTEX_POINT('',#3419);
#1772=B_SPLINE_CURVE_WITH_KNOTS('',3,
(#3420,#3421,#3422,#3423,#3424,#3425),
.UNSPECIFIED.,.F.,.F.,
(4,2,4),
(0.,0.505976095617566,1.),
.UNSPECIFIED.);
#1773=VERTEX_POINT('',#3426);
#1774=B_SPLINE_CURVE_WITH_KNOTS('',3,
(#3427,#3428,#3429,#3430,#3431,#3432),
.UNSPECIFIED.,.F.,.F.,
(4,2,4),
(0.,0.4911660777386,1.),
.UNSPECIFIED.);
#1775=VERTEX_POINT('',#3433);
#1776=B_SPLINE_CURVE_WITH_KNOTS('',3,
(#3434,#3435,#3436,#3437,#3438,#3439),
.UNSPECIFIED.,.F.,.F.,
(4,2,4),
(0.,0.523706896551745,1.),
.UNSPECIFIED.);
#1777=B_SPLINE_CURVE_WITH_KNOTS('',3,
(#3440,#3441,#3442,#3443,#3444,#3445),
.UNSPECIFIED.,.F.,.F.,
(4,2,4),
(0.,0.491467576791784,1.),
.UNSPECIFIED.);
#1778=VERTEX_POINT('',#3446);
#1779=B_SPLINE_CURVE_WITH_KNOTS('',1,
(#3447,#3448),
.UNSPECIFIED.,.F.,.F.,
(2,2),
(0.,1.),
.UNSPECIFIED.);
#1780=VERTEX_POINT('',#3449);
#1781=B_SPLINE_CURVE_WITH_KNOTS('',3,
(#3450,#3451,#3452,#3453,#3454,#3455,#3456,#3457,#3458,#3459,#3460,#3461,#3462,#3463,
#3464,#3465,#3466,#3467,#3468,#3469,#3470,#3471,#3472,#3473,#3474,#3475,#3476,#3477,
#3478,#3479),
.UNSPECIFIED.,.F.,.F.,
(4,2,2,2,2,2,2,2,2,2,2,2,2,2,4),
(0.,0.0875930961415342,0.158274493829887,0.225244545707898,0.288262049044082,0.349742987025255,
0.419054502669088,0.492304729990435,0.559849143193994,0.627745416960143,0.697255760947928,
0.767773958758592,0.840522867189133,0.928790619028774,1.),
.UNSPECIFIED.);
#1782=B_SPLINE_CURVE_WITH_KNOTS('',1,
(#3480,#3481),
.UNSPECIFIED.,.F.,.F.,
(2,2),
(0.,1.),
.UNSPECIFIED.);
#1783=VERTEX_POINT('',#3482);
#1784=B_SPLINE_CURVE_WITH_KNOTS('',1,
(#3483,#3484),
.UNSPECIFIED.,.F.,.F.,
(2,2),
(0.,1.),
.UNSPECIFIED.);
#1785=B_SPLINE_CURVE_WITH_KNOTS('',3,
(#3485,#3486,#3487,#3488,#3489,#3490,#3491,#3492,#3493,#3494,#3495,#3496,#3497,#3498,
#3499,#3500,#3501,#3502,#3503,#3504,#3505,#3506,#3507,#3508,#3509,#3510),
.UNSPECIFIED.,.F.,.F.,
(4,2,2,2,2,2,2,2,2,2,2,2,4),
(0.,0.0503802813622026,0.106601648658372,0.171980340639155,0.252664770278493,0.350177492218323,
0.480350333944597,0.660101830447868,0.78687633015929,0.878149104051584,0.94237973476495,
0.993668580367366,1.),
.UNSPECIFIED.);
#1786=VERTEX_POINT('',#3511);
#1787=B_SPLINE_CURVE_WITH_KNOTS('',1,
(#3512,#3513),
.UNSPECIFIED.,.F.,.F.,
(2,2),
(0.,1.),
.UNSPECIFIED.);
#1788=B_SPLINE_CURVE_WITH_KNOTS('',3,
(#3514,#3515,#3516,#3517,#3518,#3519),
.UNSPECIFIED.,.F.,.F.,
(4,2,4),
(0.,0.49146757679181,1.),
.UNSPECIFIED.);
#1789=B_SPLINE_CURVE_WITH_KNOTS('',3,
(#3520,#3521,#3522,#3523,#3524,#3525,#3526,#3527,#3528,#3529,#3530,#3531,#3532,#3533,
#3534,#3535,#3536,#3537,#3538,#3539,#3540,#3541,#3542,#3543,#3544,#3545),
.UNSPECIFIED.,.F.,.F.,
(4,2,2,2,2,2,2,2,2,2,2,2,4),
(0.,0.0647153109294242,0.134791077948617,0.212598691210386,0.30154866384389,0.403134960376546,
0.536352685773815,0.685997201283296,0.784394602391214,0.866100594050636,0.931317618302791,
0.989272594020906,1.),
.UNSPECIFIED.);
#1790=CARTESIAN_POINT('',(0.,-39.377777306775,-4.99999999999991));
#1791=CARTESIAN_POINT('',(0.,39.377777306775,-4.99999999999991));
#1792=CARTESIAN_POINT('',(0.,-39.377777306775,-4.99999999999991));
#1793=CARTESIAN_POINT('',(78.75555461355,-39.3777773067751,-4.99999999999991));
#1794=CARTESIAN_POINT('',(78.7555546135496,39.3777773067749,-4.99999999999991));
#1795=CARTESIAN_POINT('',(0.,39.377777306775,-4.99999999999991));
#1796=CARTESIAN_POINT('',(2.27373675443232E-13,-39.4214282686432,-6.25000000009591));
#1797=CARTESIAN_POINT('',(0.,-39.377777306775,-4.99999999999991));
#1798=CARTESIAN_POINT('',(0.,-39.3865074991491,-5.25000000001909));
#1799=CARTESIAN_POINT('',(0.,-39.3952376915224,-5.50000000003826));
#1800=CARTESIAN_POINT('',(0.,-39.4039678838961,-5.7500000000575));
#1801=CARTESIAN_POINT('',(0.,-39.4126980762696,-6.0000000000767));
#1802=CARTESIAN_POINT('',(0.,-39.4214282686431,-6.25000000009591));
#1803=CARTESIAN_POINT('',(12.9055220739003,-37.3470251674412,-8.90000000009537));
#1804=CARTESIAN_POINT('',(12.9055220739006,-37.3470251674412,-8.90000000009477));
#1805=CARTESIAN_POINT('',(12.4166712201183,-37.5050327519505,-8.69040280792428));
#1806=CARTESIAN_POINT('',(11.5103931889197,-37.7898391600341,-8.32766911807883));
#1807=CARTESIAN_POINT('',(10.2759938089958,-38.1238149759031,-7.89659143495501));
#1808=CARTESIAN_POINT('',(9.2665112623602,-38.3685891373035,-7.58386777808602));
#1809=CARTESIAN_POINT('',(8.45469258205374,-38.5463478107805,-7.35699948700807));
#1810=CARTESIAN_POINT('',(7.72690544891791,-38.6918035688243,-7.171974084262));
#1811=CARTESIAN_POINT('',(7.04285706479256,-38.8163185719973,-7.01366610697421));
#1812=CARTESIAN_POINT('',(6.38219981366732,-38.9255295168703,-6.87564926716582));
#1813=CARTESIAN_POINT('',(5.76768694628361,-39.0166220824077,-6.76007360848505));
#1814=CARTESIAN_POINT('',(5.17924726549486,-39.0954001861981,-6.66036267164814));
#1815=CARTESIAN_POINT('',(4.57877290072609,-39.1674123512621,-6.56962656186363));
#1816=CARTESIAN_POINT('',(3.95845585992322,-39.2322794017504,-6.48804715332958));
#1817=CARTESIAN_POINT('',(3.32244695930673,-39.2886414566818,-6.41689332556875));
#1818=CARTESIAN_POINT('',(2.65578491231523,-39.3375139044318,-6.35539342172007));
#1819=CARTESIAN_POINT('',(1.9737683956161,-39.3759516032462,-6.3070445743742));
#1820=CARTESIAN_POINT('',(1.34347480692494,-39.400986529349,-6.27584682407707));
#1821=CARTESIAN_POINT('',(0.838815999679086,-39.4133621729328,-6.25980901335653));
#1822=CARTESIAN_POINT('',(0.466460287182938,-39.4178885972722,-6.25282842452496));
#1823=CARTESIAN_POINT('',(0.202418844151005,-39.4200387988187,-6.25038046754338));
#1824=CARTESIAN_POINT('',(0.0572049113324768,-39.4210349499845,-6.25000000009585));
#1825=CARTESIAN_POINT('',(2.22675950293414E-13,-39.4214282686432,-6.25000000009585));
#1826=CARTESIAN_POINT('',(19.4346815661968,-34.4041558721922,-8.90000000009581));
#1827=CARTESIAN_POINT('',(19.4346815661958,-34.4041558721906,-8.9000000000958));
#1828=CARTESIAN_POINT('',(19.303531231867,-34.4782416470326,-8.9000000000958));
#1829=CARTESIAN_POINT('',(19.040874811027,-34.6246390847399,-8.90000000009581));
#1830=CARTESIAN_POINT('',(18.6452490707242,-34.8392705713591,-8.90000000009582));
#1831=CARTESIAN_POINT('',(18.2490057861442,-35.0484408958382,-8.90000000009581));
#1832=CARTESIAN_POINT('',(17.9833990232039,-35.184830317562,-8.9000000000958));
#1833=CARTESIAN_POINT('',(17.7174964411195,-35.3194760742774,-8.90000000009579));
#1834=CARTESIAN_POINT('',(17.4503982937428,-35.4528268753378,-8.90000000009577));
#1835=CARTESIAN_POINT('',(17.048261459055,-35.6479480019439,-8.90000000009574));
#1836=CARTESIAN_POINT('',(16.6433507297066,-35.8387859620493,-8.9000000000957));
#1837=CARTESIAN_POINT('',(16.2353199657393,-36.0254701139928,-8.90000000009566));
#1838=CARTESIAN_POINT('',(15.8240327997724,-36.2080164605826,-8.9000000000956));
#1839=CARTESIAN_POINT('',(15.4099064669934,-36.3861984797871,-8.90000000009553));
#1840=CARTESIAN_POINT('',(14.9962028989061,-36.558627095506,-8.90000000009545));
#1841=CARTESIAN_POINT('',(14.7174107708913,-36.6711433824998,-8.9000000000954));
#1842=CARTESIAN_POINT('',(14.4386837090282,-36.7817894248919,-8.90000000009534));
#1843=CARTESIAN_POINT('',(14.1580748073235,-36.8913073925583,-8.90000000009528));
#1844=CARTESIAN_POINT('',(13.7402508139103,-37.0489456995271,-8.90000000009518));
#1845=CARTESIAN_POINT('',(13.3231576517399,-37.2009621956764,-8.90000000009507));
#1846=CARTESIAN_POINT('',(13.0446313634496,-37.2989548337784,-8.90000000009499));
#1847=CARTESIAN_POINT('',(12.9055220739004,-37.3470251674413,-8.90000000009495));
#1848=CARTESIAN_POINT('',(19.7625771877842,-34.4041558714761,-14.5938214996573));
#1849=CARTESIAN_POINT('',(19.7625771877842,-34.4041558721922,-14.5938214996573));
#1850=CARTESIAN_POINT('',(19.7205328504572,-34.4041558721922,-13.6441253572976));
#1851=CARTESIAN_POINT('',(19.6784885131302,-34.4041558721922,-12.6944292149379));
#1852=CARTESIAN_POINT('',(19.5691899726011,-34.4041558721922,-10.796488715084));
#1853=CARTESIAN_POINT('',(19.5019357693989,-34.4041558721922,-9.84824435758993));
#1854=CARTESIAN_POINT('',(19.4346815661968,-34.4041558721922,-8.90000000009581));
#1855=CARTESIAN_POINT('',(25.1371738360026,-29.9999999949896,-29.1449255787858));
#1856=CARTESIAN_POINT('',(25.1371738360026,-29.9999999949896,-29.1449255787858));
#1857=CARTESIAN_POINT('',(25.0218889873173,-30.2219341631009,-28.2428362153241));
#1858=CARTESIAN_POINT('',(24.7350088206228,-30.6396888401794,-26.5870831299328));
#1859=CARTESIAN_POINT('',(24.1964399103851,-31.2534264484626,-24.3669428761569));
#1860=CARTESIAN_POINT('',(23.6014392591494,-31.8179095617497,-22.4307917730364));
#1861=CARTESIAN_POINT('',(22.9900417849436,-32.3272873160222,-20.7663982294288));
#1862=CARTESIAN_POINT('',(22.3776795268424,-32.7852819065201,-19.3279090639203));
#1863=CARTESIAN_POINT('',(21.8693185246033,-33.1365694075807,-18.2573505081083));
#1864=CARTESIAN_POINT('',(21.4287645376137,-33.424913166194,-17.3968831705102));
#1865=CARTESIAN_POINT('',(20.9891015546104,-33.7004409576908,-16.5885343110183));
#1866=CARTESIAN_POINT('',(20.435182953805,-34.0306234847804,-15.6388375067092));
#1867=CARTESIAN_POINT('',(20.005338135868,-34.2721971845687,-14.9601891019758));
#1868=CARTESIAN_POINT('',(19.7625771881923,-34.4041558708276,-14.5938214991534));
#1869=CARTESIAN_POINT('',(9.42398453066039,-29.9999999972677,-64.3019468760037));
#1870=CARTESIAN_POINT('',(9.42398452972062,-29.9999999972677,-64.3019468734806));
#1871=CARTESIAN_POINT('',(10.4129327358188,-29.7927916800122,-63.9336023883071));
#1872=CARTESIAN_POINT('',(12.2122027091338,-29.3556712112455,-63.1398986077643));
#1873=CARTESIAN_POINT('',(14.5837328565021,-28.6508686975457,-61.7697967119753));
#1874=CARTESIAN_POINT('',(16.6355584574056,-27.9600135699178,-60.3120444782412));
#1875=CARTESIAN_POINT('',(18.4553194108374,-27.2941912066971,-58.7571849802481));
#1876=CARTESIAN_POINT('',(20.0925946606469,-26.670098555358,-57.0834723537366));
#1877=CARTESIAN_POINT('',(21.4878468999075,-26.1409546408862,-55.3938147546639));
#1878=CARTESIAN_POINT('',(22.6243277062967,-25.7329459432875,-53.7752032412361));
#1879=CARTESIAN_POINT('',(23.4829786416692,-25.4572428268373,-52.3522667399045));
#1880=CARTESIAN_POINT('',(24.0511634609189,-25.3016118686324,-51.2824441367625));
#1881=CARTESIAN_POINT('',(24.4251473427112,-25.2143959470681,-50.5133694749986));
#1882=CARTESIAN_POINT('',(24.7170677084564,-25.1561343940274,-49.873680795412));
#1883=CARTESIAN_POINT('',(25.023176858274,-25.1077564372662,-49.1531124323781));
#1884=CARTESIAN_POINT('',(25.3448084396479,-25.0759975966402,-48.3238995387723));
#1885=CARTESIAN_POINT('',(25.6471538693495,-25.070251949856,-47.4558894660271));
#1886=CARTESIAN_POINT('',(25.9116433650216,-25.0910389649421,-46.6048562541689));
#1887=CARTESIAN_POINT('',(26.1294190201521,-25.1328127610668,-45.8161515845521));
#1888=CARTESIAN_POINT('',(26.3106222113929,-25.191139664098,-45.0767163753381));
#1889=CARTESIAN_POINT('',(26.4690941269371,-25.2659420212876,-44.3456495611779));
#1890=CARTESIAN_POINT('',(26.6283285621176,-25.3730420519756,-43.4973906579335));
#1891=CARTESIAN_POINT('',(26.8059837182656,-25.5544579442106,-42.3291305756235));
#1892=CARTESIAN_POINT('',(26.9658432627879,-25.8683267830898,-40.7321408523111));
#1893=CARTESIAN_POINT('',(27.0274889613146,-26.3650282139351,-38.7342829471598));
#1894=CARTESIAN_POINT('',(26.9214402298525,-27.0179296023376,-36.5768127157853));
#1895=CARTESIAN_POINT('',(26.6230537604768,-27.8149779612863,-34.3135467649285));
#1896=CARTESIAN_POINT('',(26.1671900574907,-28.6379171510429,-32.2343582380246));
#1897=CARTESIAN_POINT('',(25.6391715560647,-29.3885140069498,-30.4898293901509));
#1898=CARTESIAN_POINT('',(25.2890857559347,-29.8215522079745,-29.5324047931819));
#1899=CARTESIAN_POINT('',(25.137173830641,-29.9999999949896,-29.1449255808878));
#1900=CARTESIAN_POINT('',(6.73975112124481,-30.3765506998478,-65.5339647169955));
#1901=CARTESIAN_POINT('',(6.73975115398963,-30.3765507706242,-65.5339647817018));
#1902=CARTESIAN_POINT('',(6.91738237360352,-30.3545475501359,-65.4661436884673));
#1903=CARTESIAN_POINT('',(7.24685617952123,-30.3135238363605,-65.3363705209109));
#1904=CARTESIAN_POINT('',(7.69348856144001,-30.2558077195414,-65.1486847403042));
#1905=CARTESIAN_POINT('',(8.08948185283563,-30.202049355441,-64.9723972777514));
#1906=CARTESIAN_POINT('',(8.48011458760263,-30.1458418728352,-64.7885872370955));
#1907=CARTESIAN_POINT('',(8.8621262282746,-30.0880817506638,-64.5985959846308));
#1908=CARTESIAN_POINT('',(9.18292289560778,-30.0380793647811,-64.4315089712685));
#1909=CARTESIAN_POINT('',(9.35886877821581,-30.0103070810879,-64.3371987582044));
#1910=CARTESIAN_POINT('',(9.42398453159309,-29.9999999945954,-64.3019468785079));
#1911=CARTESIAN_POINT('',(31.1152550578665,0.,-65.5339646453045));
#1912=CARTESIAN_POINT('',(31.1152548537581,-5.11991621564243E-14,-65.5339646470856));
#1913=CARTESIAN_POINT('',(31.1152552920181,-0.21702387136094,-65.5339646481728));
#1914=CARTESIAN_POINT('',(31.1104179229792,-0.679288955423542,-65.5339646492638));
#1915=CARTESIAN_POINT('',(31.0890859711573,-1.3304894842563,-65.5339646488022));
#1916=CARTESIAN_POINT('',(31.0612480696068,-1.84845921963102,-65.5339646488919));
#1917=CARTESIAN_POINT('',(31.0155390046228,-2.53093402842804,-65.5339646488769));
#1918=CARTESIAN_POINT('',(30.9327717262893,-3.44070526227897,-65.5339646488877));
#1919=CARTESIAN_POINT('',(30.7738407654632,-4.64980967318374,-65.5339646488837));
#1920=CARTESIAN_POINT('',(30.6311133648172,-5.48285158324669,-65.5339646488845));
#1921=CARTESIAN_POINT('',(30.4930651875554,-6.19972350154268,-65.5339646488846));
#1922=CARTESIAN_POINT('',(30.3655317457718,-6.808134587796,-65.5339646488848));
#1923=CARTESIAN_POINT('',(30.1684351524385,-7.63191393863888,-65.5339646488835));
#1924=CARTESIAN_POINT('',(29.9602196655505,-8.41136600292034,-65.5339646488881));
#1925=CARTESIAN_POINT('',(29.7676379941378,-9.0654330713313,-65.5339646488735));
#1926=CARTESIAN_POINT('',(29.6074335686915,-9.57147365318585,-65.533964648905));
#1927=CARTESIAN_POINT('',(29.438828090814,-10.0811272469961,-65.5339646488014));
#1928=CARTESIAN_POINT('',(29.2228306338078,-10.6960201799131,-65.5339646497386));
#1929=CARTESIAN_POINT('',(28.9335595972041,-11.4555473551975,-65.5339646457538));
#1930=CARTESIAN_POINT('',(28.6245076090869,-12.2072197663953,-65.5339646497385));
#1931=CARTESIAN_POINT('',(28.3610411297871,-12.8033228526424,-65.5339646488013));
#1932=CARTESIAN_POINT('',(28.1350836395626,-13.2902329717702,-65.533964648905));
#1933=CARTESIAN_POINT('',(27.9054617534261,-13.7687883005376,-65.5339646488735));
#1934=CARTESIAN_POINT('',(27.5981179748451,-14.3774041999496,-65.5339646488881));
#1935=CARTESIAN_POINT('',(27.2286965599009,-15.0651184337059,-65.5339646488836));
#1936=CARTESIAN_POINT('',(26.8482350853698,-15.7328977705274,-65.5339646488848));
#1937=CARTESIAN_POINT('',(26.5274020559387,-16.2653369591368,-65.5339646488845));
#1938=CARTESIAN_POINT('',(26.2636378062133,-16.686089677733,-65.5339646488845));
#1939=CARTESIAN_POINT('',(25.9992436854482,-17.0969715480495,-65.5339646488845));
#1940=CARTESIAN_POINT('',(25.6603076003579,-17.6033992533143,-65.5339646488845));
#1941=CARTESIAN_POINT('',(25.2528576241924,-18.182805641208,-65.5339646488846));
#1942=CARTESIAN_POINT('',(24.8468273816187,-18.7335341774847,-65.5339646488845));
#1943=CARTESIAN_POINT('',(24.4414248218436,-19.2592141735972,-65.5339646488846));
#1944=CARTESIAN_POINT('',(24.1500914967977,-19.6210559454035,-65.5339646488845));
#1945=CARTESIAN_POINT('',(23.8827796188191,-19.94514160535,-65.5339646488846));
#1946=CARTESIAN_POINT('',(23.6225879085,-20.2543184889422,-65.5339646488845));
#1947=CARTESIAN_POINT('',(23.2510051213102,-20.6800406448187,-65.5339646488846));
#1948=CARTESIAN_POINT('',(22.8617715921792,-21.1094065317887,-65.5339646488845));
#1949=CARTESIAN_POINT('',(22.4742844067548,-21.5214023892793,-65.5339646488847));
#1950=CARTESIAN_POINT('',(22.0851500389822,-21.9204666286278,-65.5339646488839));
#1951=CARTESIAN_POINT('',(21.6949584244824,-22.3066618525155,-65.533964648887));
#1952=CARTESIAN_POINT('',(21.431858420132,-22.5580862780417,-65.5339646488792));
#1953=CARTESIAN_POINT('',(21.1681340617485,-22.8057426913304,-65.5339646488899));
#1954=CARTESIAN_POINT('',(20.9006846820902,-23.0525436170971,-65.533964648882));
#1955=CARTESIAN_POINT('',(20.4907141110625,-23.4177580993482,-65.5339646488852));
#1956=CARTESIAN_POINT('',(20.0679189367144,-23.78114572435,-65.5339646488843));
#1957=CARTESIAN_POINT('',(19.6323721705203,-24.142029842734,-65.5339646488846));
#1958=CARTESIAN_POINT('',(19.1814152830426,-24.5019409775962,-65.5339646488845));
#1959=CARTESIAN_POINT('',(18.7332739814027,-24.8460955566242,-65.5339646488845));
#1960=CARTESIAN_POINT('',(18.4145051512719,-25.0818871765515,-65.5339646488846));
#1961=CARTESIAN_POINT('',(18.0865225723779,-25.3196367805131,-65.5339646488845));
#1962=CARTESIAN_POINT('',(17.7319038706074,-25.5708024805522,-65.5339646488845));
#1963=CARTESIAN_POINT('',(17.2176303834072,-25.9199221254816,-65.5339646488845));
#1964=CARTESIAN_POINT('',(16.6917928106907,-26.2616761299142,-65.5339646488845));
#1965=CARTESIAN_POINT('',(16.1555955172504,-26.594908709852,-65.5339646488846));
#1966=CARTESIAN_POINT('',(15.6121207781251,-26.9175391352801,-65.5339646488845));
#1967=CARTESIAN_POINT('',(15.221858041551,-27.1386223716156,-65.5339646488846));
#1968=CARTESIAN_POINT('',(14.8551669782656,-27.34084137361,-65.5339646488845));
#1969=CARTESIAN_POINT('',(14.4892880894365,-27.5378447963341,-65.5339646488845));
#1970=CARTESIAN_POINT('',(13.9616892951809,-27.809309391388,-65.5339646488845));
#1971=CARTESIAN_POINT('',(13.4082198755409,-28.0803180452122,-65.5339646488845));
#1972=CARTESIAN_POINT('',(12.8545763793957,-28.3380025344521,-65.5339646488845));
#1973=CARTESIAN_POINT('',(12.300616935245,-28.5827708838593,-65.5339646488846));
#1974=CARTESIAN_POINT('',(11.8339298282629,-28.7782726066783,-65.5339646488846));
#1975=CARTESIAN_POINT('',(11.464715105251,-28.9266108829622,-65.5339646488845));
#1976=CARTESIAN_POINT('',(11.0962835457707,-29.0705662165126,-65.5339646488845));
#1977=CARTESIAN_POINT('',(10.6397763913019,-29.2415915700437,-65.5339646488845));
#1978=CARTESIAN_POINT('',(10.0836472893021,-29.4379772282385,-65.5339646488846));
#1979=CARTESIAN_POINT('',(9.52652487435194,-29.6229442972708,-65.5339646488842));
#1980=CARTESIAN_POINT('',(8.96788359678925,-29.7968087795556,-65.533964648886));
#1981=CARTESIAN_POINT('',(8.51959497544409,-29.9271532124174,-65.5339646488806));
#1982=CARTESIAN_POINT('',(8.14638792926393,-30.0303790533852,-65.5339646488909));
#1983=CARTESIAN_POINT('',(7.77547917209322,-30.129268569073,-65.5339646488349));
#1984=CARTESIAN_POINT('',(7.29489252265543,-30.249827685872,-65.5339646492038));
#1985=CARTESIAN_POINT('',(6.92440671191115,-30.3355808658308,-65.5339646482173));
#1986=CARTESIAN_POINT('',(6.73975114567081,-30.3765508099381,-65.5339646470856));
#1987=CARTESIAN_POINT('',(0.,31.1152548537269,-65.5339646453045));
#1988=CARTESIAN_POINT('',(6.67692722892677E-12,31.1152548537582,-65.5339646470856));
#1989=CARTESIAN_POINT('',(0.212336096395979,31.1152552210344,-65.533964648196));
#1990=CARTESIAN_POINT('',(0.641646659303931,31.1108598003151,-65.5339646492145));
#1991=CARTESIAN_POINT('',(1.25498481470409,31.0918822257688,-65.5339646488066));
#1992=CARTESIAN_POINT('',(1.69260642196658,31.0698615590539,-65.5339646488875));
#1993=CARTESIAN_POINT('',(2.14020490813597,31.0425512227698,-65.5339646488822));
#1994=CARTESIAN_POINT('',(2.63269739259164,31.0062021564183,-65.5339646488855));
#1995=CARTESIAN_POINT('',(3.32167857237035,30.9400653692193,-65.5339646488843));
#1996=CARTESIAN_POINT('',(4.02005427736282,30.8571945553912,-65.5339646488846));
#1997=CARTESIAN_POINT('',(4.76420072747659,30.7516154044865,-65.5339646488845));
#1998=CARTESIAN_POINT('',(5.32086440119332,30.6584478414048,-65.5339646488845));
#1999=CARTESIAN_POINT('',(5.96981723209812,30.539320676949,-65.5339646488846));
#2000=CARTESIAN_POINT('',(6.67944118535907,30.3955083596418,-65.5339646488845));
#2001=CARTESIAN_POINT('',(7.59995806534173,30.1775084578736,-65.5339646488846));
#2002=CARTESIAN_POINT('',(8.45525999591342,29.9481061567861,-65.5339646488845));
#2003=CARTESIAN_POINT('',(8.97951378236884,29.7926691104502,-65.5339646488846));
#2004=CARTESIAN_POINT('',(9.51105376469138,29.6273218599962,-65.5339646488844));
#2005=CARTESIAN_POINT('',(10.0556118173855,29.4497341117501,-65.5339646488846));
#2006=CARTESIAN_POINT('',(10.8724762532625,29.1583128623779,-65.5339646488845));
#2007=CARTESIAN_POINT('',(11.69938964123,28.8366321449929,-65.5339646488845));
#2008=CARTESIAN_POINT('',(12.37024272618,28.5531467018159,-65.5339646488845));
#2009=CARTESIAN_POINT('',(12.9209156876378,28.3068639432848,-65.5339646488845));
#2010=CARTESIAN_POINT('',(13.4731391065492,28.0501285208157,-65.5339646488845));
#2011=CARTESIAN_POINT('',(14.1784044109184,27.7022402871109,-65.5339646488845));
#2012=CARTESIAN_POINT('',(14.9922891287754,27.2704008778171,-65.5339646488846));
#2013=CARTESIAN_POINT('',(15.7092191824941,26.8622868542132,-65.5339646488845));
#2014=CARTESIAN_POINT('',(16.2346752423094,26.5455760861352,-65.5339646488845));
#2015=CARTESIAN_POINT('',(16.7516193597878,26.2235203740587,-65.5339646488845));
#2016=CARTESIAN_POINT('',(17.3382514894397,25.8421554649935,-65.5339646488845));
#2017=CARTESIAN_POINT('',(18.0791939402562,25.3292263405265,-65.5339646488845));
#2018=CARTESIAN_POINT('',(18.7955026974905,24.8021950347088,-65.5339646488846));
#2019=CARTESIAN_POINT('',(19.2714576102804,24.4307056813123,-65.5339646488844));
#2020=CARTESIAN_POINT('',(19.7226131813919,24.0677450273763,-65.5339646488847));
#2021=CARTESIAN_POINT('',(20.160917666952,23.7050060892007,-65.5339646488845));
#2022=CARTESIAN_POINT('',(20.7894140942562,23.1558984551394,-65.5339646488846));
#2023=CARTESIAN_POINT('',(21.4046337490741,22.5883200237214,-65.5339646488845));
#2024=CARTESIAN_POINT('',(21.9411189802496,22.0661041770887,-65.5339646488845));
#2025=CARTESIAN_POINT('',(22.3258886927542,21.6742483167273,-65.5339646488846));
#2026=CARTESIAN_POINT('',(22.7024576561061,21.2804935283711,-65.5339646488845));
#2027=CARTESIAN_POINT('',(23.125564691536,20.822786766451,-65.5339646488846));
#2028=CARTESIAN_POINT('',(23.6627903693631,20.2102166408346,-65.5339646488845));
#2029=CARTESIAN_POINT('',(24.1839307175434,19.583616891523,-65.5339646488846));
#2030=CARTESIAN_POINT('',(24.6049956461431,19.0494847598122,-65.5339646488845));
#2031=CARTESIAN_POINT('',(24.9327331221205,18.6164756007083,-65.5339646488845));
#2032=CARTESIAN_POINT('',(25.2546654776946,18.1793661304126,-65.5339646488845));
#2033=CARTESIAN_POINT('',(25.6458388859641,17.6258668847702,-65.5339646488846));
#2034=CARTESIAN_POINT('',(26.0985204930406,16.9483842440198,-65.5339646488845));
#2035=CARTESIAN_POINT('',(26.5773084649943,16.1895350368962,-65.5339646488846));
#2036=CARTESIAN_POINT('',(26.8992235281023,15.6434982508976,-65.5339646488845));
#2037=CARTESIAN_POINT('',(27.2554483053741,15.014422510885,-65.5339646488846));
#2038=CARTESIAN_POINT('',(27.6034262040119,14.3735823684919,-65.5339646488845));
#2039=CARTESIAN_POINT('',(28.0447816295234,13.4887734875463,-65.5339646488845));
#2040=CARTESIAN_POINT('',(28.4195478110662,12.6768438764321,-65.5339646488845));
#2041=CARTESIAN_POINT('',(28.6467160500069,12.1494049309822,-65.5339646488845));
#2042=CARTESIAN_POINT('',(28.8490707544145,11.6597852241613,-65.5339646488845));
#2043=CARTESIAN_POINT('',(29.0433220110733,11.1723331491886,-65.5339646488845));
#2044=CARTESIAN_POINT('',(29.302229007798,10.4757426535019,-65.5339646488845));
#2045=CARTESIAN_POINT('',(29.5547588994283,9.74038436874969,-65.5339646488845));
#2046=CARTESIAN_POINT('',(29.8013591981638,8.95957732925919,-65.5339646488845));
#2047=CARTESIAN_POINT('',(29.9636354315057,8.39290866600297,-65.5339646488845));
#2048=CARTESIAN_POINT('',(30.1337390601465,7.76087927289888,-65.5339646488846));
#2049=CARTESIAN_POINT('',(30.2958218460888,7.11520791602158,-65.5339646488845));
#2050=CARTESIAN_POINT('',(30.4838298988232,6.25535286397444,-65.5339646488846));
#2051=CARTESIAN_POINT('',(30.6364536813614,5.45483086251649,-65.5339646488845));
#2052=CARTESIAN_POINT('',(30.7407355079898,4.82560521449821,-65.5339646488845));
#2053=CARTESIAN_POINT('',(30.8286466045469,4.22456174139408,-65.5339646488846));
#2054=CARTESIAN_POINT('',(30.916689992116,3.54245933141176,-65.533964648884));
#2055=CARTESIAN_POINT('',(31.005819290198,2.66996605148135,-65.5339646488874));
#2056=CARTESIAN_POINT('',(31.0638304647697,1.84028382016518,-65.5339646488764));
#2057=CARTESIAN_POINT('',(31.0885295639158,1.30374534583941,-65.5339646488948));
#2058=CARTESIAN_POINT('',(31.1027907235568,0.905781549638322,-65.533964648865));
#2059=CARTESIAN_POINT('',(31.1125078966582,0.512726033766381,-65.5339646492588));
#2060=CARTESIAN_POINT('',(31.115254973085,0.16285365710014,-65.5339646482147));
#2061=CARTESIAN_POINT('',(31.1152548537581,7.00547567200246E-10,-65.5339646470856));
#2062=CARTESIAN_POINT('',(1.59161572810262E-12,39.3777773067751,-4.99999999999991));
#2063=CARTESIAN_POINT('',(1.59161572810262E-12,39.3882535376231,-5.29999999999991));
#2064=CARTESIAN_POINT('',(1.59161572810262E-12,39.39872976847,-5.59999999999991));
#2065=CARTESIAN_POINT('',(1.59161572810262E-12,39.4092059993179,-5.90000000000001));
#2066=CARTESIAN_POINT('',(1.59161572810262E-12,39.4196822301651,-6.20000000000001));
#2067=CARTESIAN_POINT('',(1.59161572810262E-12,39.4441267688101,-6.90000000001931));
#2068=CARTESIAN_POINT('',(1.59161572810262E-12,39.4580950766081,-7.30000000003841));
#2069=CARTESIAN_POINT('',(1.59161572810262E-12,39.472063384405,-7.70000000005751));
#2070=CARTESIAN_POINT('',(1.59161572810262E-12,39.4860316922021,-8.10000000007681));
#2071=CARTESIAN_POINT('',(1.59161572810262E-12,39.8529642818761,-18.6075745757337));
#2072=CARTESIAN_POINT('',(1.59161572810262E-12,40.2059285637531,-28.7151491513715));
#2073=CARTESIAN_POINT('',(1.59161572810262E-12,38.2434771805531,-38.9310767539426));
#2074=CARTESIAN_POINT('',(1.36424205265939E-12,35.6217385902761,-48.7155383770193));
#2075=CARTESIAN_POINT('',(1.36424205265939E-12,32.6230509706157,-59.9067929296219));
#2076=CARTESIAN_POINT('',(1.36424205265939E-12,32.2461019412314,-61.313585859148));
#2077=CARTESIAN_POINT('',(1.13686837721616E-12,31.8691529118471,-62.7203787886739));
#2078=CARTESIAN_POINT('',(1.13686837721616E-12,31.4922038824626,-64.1271717181999));
#2079=CARTESIAN_POINT('',(1.13686837721616E-12,31.1152548530783,-65.5339646477258));
#2080=CARTESIAN_POINT('',(-25.1371738332309,-29.99999999714,-29.1449255801186));
#2081=CARTESIAN_POINT('',(-9.42398453213809,-29.9999999957962,-64.3019468795863));
#2082=CARTESIAN_POINT('',(-25.1371738332307,-29.9999999946141,-29.1449255801187));
#2083=CARTESIAN_POINT('',(-25.3436431024419,-29.9999999946141,-29.6714711464208));
#2084=CARTESIAN_POINT('',(-25.7233692577795,-29.9999999946141,-30.737573792257));
#2085=CARTESIAN_POINT('',(-26.1914980047402,-29.9999999946141,-32.3693185293199));
#2086=CARTESIAN_POINT('',(-26.5562022338736,-29.9999999946141,-34.0272473818328));
#2087=CARTESIAN_POINT('',(-26.8160806933544,-29.9999999946141,-35.704805222823));
#2088=CARTESIAN_POINT('',(-26.9672796017433,-29.9999999946141,-37.3647474949149));
#2089=CARTESIAN_POINT('',(-27.0000286691223,-29.9999999946141,-38.4651594579528));
#2090=CARTESIAN_POINT('',(-27.0000000026916,-29.9999999946141,-39.0000000000959));
#2091=CARTESIAN_POINT('',(-27.0000336610915,-29.9999999946141,-39.5655791716486));
#2092=CARTESIAN_POINT('',(-26.9644307972196,-29.9999999946141,-40.6967287059755));
#2093=CARTESIAN_POINT('',(-26.8046700108664,-29.9999999946141,-42.3867617397427));
#2094=CARTESIAN_POINT('',(-26.5390646764612,-29.9999999946141,-44.0634226226421));
#2095=CARTESIAN_POINT('',(-26.1686951724025,-29.9999999946141,-45.7200946385562));
#2096=CARTESIAN_POINT('',(-25.6950151164126,-29.9999999946141,-47.350236935084));
#2097=CARTESIAN_POINT('',(-25.1198967868788,-29.9999999946141,-48.9474142106188));
#2098=CARTESIAN_POINT('',(-24.4456100232114,-29.9999999946141,-50.5053210839722));
#2099=CARTESIAN_POINT('',(-23.6748169380946,-29.9999999946141,-52.0178072642613));
#2100=CARTESIAN_POINT('',(-22.8105604237805,-29.9999999946141,-53.4789017566372));
#2101=CARTESIAN_POINT('',(-21.856252403121,-29.9999999946141,-54.8828364545987));
#2102=CARTESIAN_POINT('',(-20.8156602891663,-29.9999999946141,-56.2240689055991));
#2103=CARTESIAN_POINT('',(-19.6928921316798,-29.9999999946141,-57.4973041943831));
#2104=CARTESIAN_POINT('',(-18.4923803921782,-29.9999999946141,-58.6975158405754));
#2105=CARTESIAN_POINT('',(-17.2188644547818,-29.9999999946141,-59.8199656620585));
#2106=CARTESIAN_POINT('',(-15.8773718860114,-29.9999999946141,-60.8602224066623));
#2107=CARTESIAN_POINT('',(-14.4731986979156,-29.9999999946141,-61.8141795208197));
#2108=CARTESIAN_POINT('',(-13.011888026749,-29.9999999946141,-62.6780703352659));
#2109=CARTESIAN_POINT('',(-11.499209793755,-29.9999999946141,-63.448486764726));
#2110=CARTESIAN_POINT('',(-10.2930648509362,-29.9999999946141,-63.9701623584373));
#2111=CARTESIAN_POINT('',(-9.59484428726546,-29.9999999946141,-64.2383101147681));
#2112=CARTESIAN_POINT('',(-9.42398453078591,-29.9999999946141,-64.3019468759562));
#2113=CARTESIAN_POINT('',(-6.73975149560056,-30.3765507293461,-65.5339646471359));
#2114=CARTESIAN_POINT('',(-9.42398453213809,-29.9999999957962,-64.3019468795863));
#2115=CARTESIAN_POINT('',(-9.2578023991873,-30.0263047476249,-64.3919133220724));
#2116=CARTESIAN_POINT('',(-8.94573443429523,-30.0753499603018,-64.5566112290965));
#2117=CARTESIAN_POINT('',(-8.51253783282494,-30.1410135088818,-64.7727678649797));
#2118=CARTESIAN_POINT('',(-8.12058469714469,-30.1976908661587,-64.9581228470936));
#2119=CARTESIAN_POINT('',(-7.7264740829272,-30.2514657232206,-65.1344802395937));
#2120=CARTESIAN_POINT('',(-7.33300096624768,-30.3024449904991,-65.3004258492594));
#2121=CARTESIAN_POINT('',(-6.9962595139377,-30.3447299593232,-65.4351471027017));
#2122=CARTESIAN_POINT('',(-6.8092271222311,-30.3679447654078,-65.5074382709361));
#2123=CARTESIAN_POINT('',(-6.73975149622146,-30.376550726823,-65.5339646495812));
#2124=CARTESIAN_POINT('',(-4.92828276639625,-29.999999945874,-65.5464127330632));
#2125=CARTESIAN_POINT('',(-6.73975149591451,-30.3765507280999,-65.5339646492491));
#2126=CARTESIAN_POINT('',(-6.70209649500584,-30.3675669195264,-65.5342601079139));
#2127=CARTESIAN_POINT('',(-6.62681022838592,-30.3497470858554,-65.5348463789005));
#2128=CARTESIAN_POINT('',(-6.51387027919111,-30.3234426084708,-65.5357124136783));
#2129=CARTESIAN_POINT('',(-6.40100451576168,-30.2975838196185,-65.5365643763812));
#2130=CARTESIAN_POINT('',(-6.28819142972104,-30.2721661759974,-65.5374023888631));
#2131=CARTESIAN_POINT('',(-6.17122955408252,-30.2462596180046,-65.5382571085345));
#2132=CARTESIAN_POINT('',(-6.04586588391752,-30.2189978311451,-65.5391571858883));
#2133=CARTESIAN_POINT('',(-5.89106196183745,-30.1860265500441,-65.5402466193021));
#2134=CARTESIAN_POINT('',(-5.71081820825666,-30.1486784695924,-65.5414818962472));
#2135=CARTESIAN_POINT('',(-5.50919378618756,-30.1082905080924,-65.5428192442825));
#2136=CARTESIAN_POINT('',(-5.3282699187013,-30.0733046786956,-65.5439790050676));
#2137=CARTESIAN_POINT('',(-5.1724616249941,-30.0440930132804,-65.5449482356967));
#2138=CARTESIAN_POINT('',(-5.04616275881433,-30.0209938449777,-65.5457151888094));
#2139=CARTESIAN_POINT('',(-4.96616211113128,-30.0066953025898,-65.5461902303743));
#2140=CARTESIAN_POINT('',(-4.92828275903911,-29.9999999874744,-65.5464127323675));
#2141=CARTESIAN_POINT('',(4.92828279296987,-29.9999999971624,-65.5464127305932));
#2142=AXIS2_PLACEMENT_3D('',#2143,#2144,#2145);
#2143=CARTESIAN_POINT('',(0.,-29.9999999946157,-39.0000000000959));
#2144=DIRECTION('',(0.,-1.,0.));
#2145=DIRECTION('',(-0.182528991346184,0.,-0.983200471581531));
#2146=CARTESIAN_POINT('',(4.9282827932111,-29.9999999958657,-65.5464127326365));
#2147=CARTESIAN_POINT('',(4.96616213627729,-30.0066953080315,-65.5461902304151));
#2148=CARTESIAN_POINT('',(5.046162764478,-30.0209938455509,-65.5457151886759));
#2149=CARTESIAN_POINT('',(5.17246159958772,-30.044093008776,-65.5449482358815));
#2150=CARTESIAN_POINT('',(5.32826985485277,-30.073304666545,-65.5439790054558));
#2151=CARTESIAN_POINT('',(5.50919367842672,-30.1082904870116,-65.5428192449857));
#2152=CARTESIAN_POINT('',(5.71081805345445,-30.1486784381493,-65.5414818972867));
#2153=CARTESIAN_POINT('',(5.89106176722537,-30.1860265092624,-65.5402466206506));
#2154=CARTESIAN_POINT('',(6.04586565697716,-30.2189977823485,-65.5391571875));
#2155=CARTESIAN_POINT('',(6.1712293021679,-30.2462595627565,-65.5382571103583));
#2156=CARTESIAN_POINT('',(6.28819115513229,-30.2721661146742,-65.5374023908844));
#2157=CARTESIAN_POINT('',(6.40100421951162,-30.2975837523593,-65.5365643786024));
#2158=CARTESIAN_POINT('',(6.51386996131365,-30.3234425349727,-65.5357124160827));
#2159=CARTESIAN_POINT('',(6.62680988858521,-30.3497470064433,-65.5348463815752));
#2160=CARTESIAN_POINT('',(6.70209614105857,-30.367566834788,-65.5342601105698));
#2161=CARTESIAN_POINT('',(6.73975113500049,-30.3765506400481,-65.5339646518026));
#2162=CARTESIAN_POINT('',(27.0000000053847,-29.9999999946156,-39.0000000000959));
#2163=AXIS2_PLACEMENT_3D('',#2164,#2165,#2166);
#2164=CARTESIAN_POINT('',(0.,-29.9999999946155,-39.0000000000959));
#2165=DIRECTION('',(0.,-1.,0.));
#2166=DIRECTION('',(0.349036464063728,0.,-0.937109143458695));
#2167=CARTESIAN_POINT('',(32.7500000001123,-35.7499999997764,-39.0000000000959));
#2168=CARTESIAN_POINT('',(27.0000000053847,-29.9999999946155,-39.0000000000959));
#2169=VECTOR('',#2170,1.);
#2170=DIRECTION('',(0.707106780551943,-0.707106781821152,0.));
#2171=CARTESIAN_POINT('',(-16.9968807426828,-35.7499999998279,-11.0059194644341));
#2172=CARTESIAN_POINT('',(32.7500000001124,-35.7499999997764,-39.0000000000959));
#2173=CARTESIAN_POINT('',(32.7500408265049,-35.7499999997764,-39.6860265877465));
#2174=CARTESIAN_POINT('',(32.706855871257,-35.7499999997764,-41.0580690783258));
#2175=CARTESIAN_POINT('',(32.5130719544954,-35.7499999997764,-43.1080165542721));
#2176=CARTESIAN_POINT('',(32.1909025211275,-35.7499999997764,-45.141744106482));
#2177=CARTESIAN_POINT('',(31.7416580301365,-35.7499999997764,-47.1512259033697));
#2178=CARTESIAN_POINT('',(31.1671016659819,-35.7499999997764,-49.1285281332269));
#2179=CARTESIAN_POINT('',(30.4695044330034,-35.7499999997764,-51.0658450135501));
#2180=CARTESIAN_POINT('',(29.6516195623378,-35.7499999997764,-52.9555283504922));
#2181=CARTESIAN_POINT('',(28.7166760980717,-35.7499999997764,-54.7901180689962));
#2182=CARTESIAN_POINT('',(27.6683649558153,-35.7499999997764,-56.5623715734795));
#2183=CARTESIAN_POINT('',(26.510824671589,-35.7499999997764,-58.2652923643136));
#2184=CARTESIAN_POINT('',(25.2486249780039,-35.7499999997764,-59.8921576521229));
#2185=CARTESIAN_POINT('',(23.8867487868415,-35.7499999997764,-61.4365448997412));
#2186=CARTESIAN_POINT('',(22.4305725113654,-35.7499999997764,-62.8923571766331));
#2187=CARTESIAN_POINT('',(20.8858448429717,-35.7499999997764,-64.2538472284751));
#2188=CARTESIAN_POINT('',(19.2586640560681,-35.7499999997764,-65.5156401661277));
#2189=CARTESIAN_POINT('',(17.5554539334305,-35.7499999997764,-66.6727546846259));
#2190=CARTESIAN_POINT('',(15.7829384063678,-35.7499999997764,-67.7206227283686));
#2191=CARTESIAN_POINT('',(13.9481150100007,-35.7499999997764,-68.6551075248844));
#2192=CARTESIAN_POINT('',(12.0582272583969,-35.7499999997764,-69.4725199159779));
#2193=CARTESIAN_POINT('',(10.1207360486338,-35.7499999997764,-70.1696329217852));
#2194=CARTESIAN_POINT('',(8.14329020667551,-35.7499999997764,-70.7436944802417));
#2195=CARTESIAN_POINT('',(6.13369629134579,-35.7499999997764,-71.19243831167));
#2196=CARTESIAN_POINT('',(4.09988777560166,-35.7499999997764,-71.5140928655973));
#2197=CARTESIAN_POINT('',(2.049893726777,-35.7499999997764,-71.7073883144798));
#2198=CARTESIAN_POINT('',(-0.00819289056234951,-35.7499999997764,-71.7715615667274));
#2199=CARTESIAN_POINT('',(-2.06624716401609,-35.7499999997764,-71.7063592792357));
#2200=CARTESIAN_POINT('',(-4.11614430887109,-35.7499999997764,-71.5120388575333));
#2201=CARTESIAN_POINT('',(-6.14979174311887,-35.7499999997764,-71.1893674395974));
#2202=CARTESIAN_POINT('',(-8.15916103534302,-35.7499999997764,-70.7396188673463));
#2203=CARTESIAN_POINT('',(-10.1363195993533,-35.7499999997764,-70.1645686577677));
#2204=CARTESIAN_POINT('',(-12.0734620104417,-35.7499999997764,-69.466486993535));
#2205=CARTESIAN_POINT('',(-13.962940819631,-35.7499999997764,-68.6481297607816));
#2206=CARTESIAN_POINT('',(-15.7972967442664,-35.7499999997764,-67.7127276694164));
#2207=CARTESIAN_POINT('',(-17.5692881157646,-35.7499999997764,-66.6639734989306));
#2208=CARTESIAN_POINT('',(-19.2719194682658,-35.7499999997764,-65.5060075200459));
#2209=CARTESIAN_POINT('',(-20.8984691553293,-35.7499999997764,-64.2434011497579));
#2210=CARTESIAN_POINT('',(-22.4425158856344,-35.7499999997764,-62.8811389043001));
#2211=CARTESIAN_POINT('',(-23.8979640729803,-35.7499999997764,-61.4245987212773));
#2212=CARTESIAN_POINT('',(-25.259067900317,-35.7499999997764,-59.8795307286403));
#2213=CARTESIAN_POINT('',(-26.5204540035156,-35.7499999997764,-58.2520345443686));
#2214=CARTESIAN_POINT('',(-27.6771426826948,-35.7499999997764,-56.5485351962819));
#2215=CARTESIAN_POINT('',(-28.7245675671769,-35.7499999997764,-54.7757577577795));
#2216=CARTESIAN_POINT('',(-29.6585936198292,-35.7499999997764,-52.940700796892));
#2217=CARTESIAN_POINT('',(-30.4755335463492,-35.7499999997764,-51.0506087537221));
#2218=CARTESIAN_POINT('',(-31.1721620347769,-35.7499999997764,-49.1129433170355));
#2219=CARTESIAN_POINT('',(-31.7457296721247,-35.7499999997764,-47.1353540558954));
#2220=CARTESIAN_POINT('',(-32.1939693807088,-35.7499999997764,-45.1256478889849));
#2221=CARTESIAN_POINT('',(-32.5151218555642,-35.7499999997764,-43.091759502444));
#2222=CARTESIAN_POINT('',(-32.7073697497451,-35.7499999997764,-41.0471524506346));
#2223=CARTESIAN_POINT('',(-32.7500399012608,-35.7499999997764,-39.6805681734827));
#2224=CARTESIAN_POINT('',(-32.7500000001124,-35.7499999997764,-39.0000000000959));
#2225=CARTESIAN_POINT('',(-32.7500408265049,-35.7499999997764,-38.3139734124452));
#2226=CARTESIAN_POINT('',(-32.706855871257,-35.7499999997764,-36.9419309218659));
#2227=CARTESIAN_POINT('',(-32.5130719544954,-35.7499999997764,-34.8919834459198));
#2228=CARTESIAN_POINT('',(-32.1909025211276,-35.7499999997764,-32.8582558937096));
#2229=CARTESIAN_POINT('',(-31.7416580301361,-35.7499999997764,-30.8487740968228));
#2230=CARTESIAN_POINT('',(-31.1671016659834,-35.7499999997764,-28.8714718669625));
#2231=CARTESIAN_POINT('',(-30.4695044329977,-35.7499999997764,-26.9341549866506));
#2232=CARTESIAN_POINT('',(-29.651619562359,-35.7499999997764,-25.0444716496665));
#2233=CARTESIAN_POINT('',(-28.7166760979923,-35.7499999997764,-23.2098819313192));
#2234=CARTESIAN_POINT('',(-27.6683649561117,-35.7499999997764,-21.437628426251));
#2235=CARTESIAN_POINT('',(-26.5108246704826,-35.7499999997764,-19.7347076375997));
#2236=CARTESIAN_POINT('',(-25.2486249821333,-35.7499999997764,-18.1078423416441));
#2237=CARTESIAN_POINT('',(-23.8867487714303,-35.7499999997764,-16.5634551244283));
#2238=CARTESIAN_POINT('',(-22.4305725688805,-35.7499999997764,-15.1076427340727));
#2239=CARTESIAN_POINT('',(-20.8858446283224,-35.7499999997764,-13.746153105683));
#2240=CARTESIAN_POINT('',(-19.2586648571504,-35.7499999997764,-12.484358587685));
#2241=CARTESIAN_POINT('',(-17.9455796844608,-35.7499999997764,-11.5922908556718));
#2242=CARTESIAN_POINT('',(-17.1803291962532,-35.7499999997764,-11.1172997582735));
#2243=CARTESIAN_POINT('',(-16.9968807425977,-35.7499999997764,-11.0059194645742));
#2244=CARTESIAN_POINT('',(-16.9968807426828,-35.7499999998279,-11.0059194644342));
#2245=CARTESIAN_POINT('',(-17.5627627157424,-35.5026391759262,-11.6388852571939));
#2246=CARTESIAN_POINT('',(-18.5206696104637,-35.0579866494149,-12.8037103989564));
#2247=CARTESIAN_POINT('',(-19.6529526748477,-34.4703254308419,-14.403108820906));
#2248=CARTESIAN_POINT('',(-20.4587100970904,-34.0174239354862,-15.6759283249583));
#2249=CARTESIAN_POINT('',(-21.0601283151561,-33.6575530384365,-16.712570899714));
#2250=CARTESIAN_POINT('',(-21.563805281771,-33.3386883156103,-17.6516272442002));
#2251=CARTESIAN_POINT('',(-22.0025834336,-33.0456589388562,-18.5329187488795));
#2252=CARTESIAN_POINT('',(-22.4493944908696,-32.7313212035577,-19.4974305358562));
#2253=CARTESIAN_POINT('',(-22.9569439008687,-32.3510571016384,-20.693058833247));
#2254=CARTESIAN_POINT('',(-23.5493839845173,-31.8642469694985,-22.2765837678599));
#2255=CARTESIAN_POINT('',(-24.1641114801533,-31.2886679898211,-24.2388312465973));
#2256=CARTESIAN_POINT('',(-24.7308143017271,-30.6461981472664,-26.5616227298996));
#2257=CARTESIAN_POINT('',(-25.021414821384,-30.2209399899932,-28.2443505095374));
#2258=CARTESIAN_POINT('',(-25.1371738356596,-29.9999999945313,-29.1449255791665));
#2259=AXIS2_PLACEMENT_3D('',#2260,#2261,#2262);
#2260=CARTESIAN_POINT('',(0.,-29.9999999946155,-39.0000000000959));
#2261=DIRECTION('',(0.,-1.,0.));
#2262=DIRECTION('',(1.,0.,0.));
#2263=CARTESIAN_POINT('',(4.79458003706122,-28.6009090353213,-65.5708863659704));
#2264=CARTESIAN_POINT('',(29.0000000000632,0.,-65.5708865634327));
#2265=AXIS2_PLACEMENT_3D('',#2266,#2267,#2268);
#2266=CARTESIAN_POINT('',(0.,0.,-65.5708865634327));
#2267=DIRECTION('',(0.,0.,1.));
#2268=DIRECTION('',(0.165330346559821,-0.986238245307091,0.));
#2269=CARTESIAN_POINT('',(29.0000000001266,-1.19458759488915E-13,-65.5708865634327));
#2270=VECTOR('',#2271,1.);
#2271=DIRECTION('',(0.999847695125414,-4.11864018403488E-15,0.0174524082119652));
#2272=CARTESIAN_POINT('',(4.92818668548829,-30.0000157776189,-65.5464127322346));
#2273=CARTESIAN_POINT('',(4.91362784201942,-29.8445302047716,-65.5491320424041));
#2274=CARTESIAN_POINT('',(4.88419830136745,-29.5335894762317,-65.5545708203126));
#2275=CARTESIAN_POINT('',(4.83965639204144,-29.0672222115656,-65.562728756261));
#2276=CARTESIAN_POINT('',(4.80964175181292,-28.7563466223194,-65.5681672628856));
#2277=CARTESIAN_POINT('',(4.7944836077968,-28.6009251958418,-65.5708865649025));
#2278=CARTESIAN_POINT('',(-29.0000000001266,0.,-65.5708865634327));
#2279=AXIS2_PLACEMENT_3D('',#2280,#2281,#2282);
#2280=CARTESIAN_POINT('',(0.,0.,-65.5708865634327));
#2281=DIRECTION('',(0.,0.,1.));
#2282=DIRECTION('',(1.,-1.22464679914735E-16,0.));
#2283=CARTESIAN_POINT('',(-31.1152550578668,0.,-65.5339646453045));
#2284=CARTESIAN_POINT('',(-29.0000000001271,7.10295143508577E-15,-65.5708865634327));
#2285=VECTOR('',#2286,1.);
#2286=DIRECTION('',(-0.999847695125414,2.44892055894039E-16,0.0174524082119603));
#2287=CARTESIAN_POINT('',(-31.11525485365,3.36643051628464E-15,-65.5339646474891));
#2288=CARTESIAN_POINT('',(-31.1152552855491,0.217021044715814,-65.5339646479823));
#2289=CARTESIAN_POINT('',(-31.1104180181917,0.67928176701403,-65.5339646484773));
#2290=CARTESIAN_POINT('',(-31.0890863363153,1.3304815437738,-65.5339646482678));
#2291=CARTESIAN_POINT('',(-31.0612488081486,1.84844692209358,-65.5339646483085));
#2292=CARTESIAN_POINT('',(-31.0155398418775,2.53092324986072,-65.5339646483017));
#2293=CARTESIAN_POINT('',(-30.9229332339588,3.54885855691962,-65.533964648307));
#2294=CARTESIAN_POINT('',(-30.7576560578268,4.75725766146303,-65.5339646483049));
#2295=CARTESIAN_POINT('',(-30.5762808690073,5.78355840270719,-65.5339646483052));
#2296=CARTESIAN_POINT('',(-30.3958737233574,6.67472012533725,-65.5339646483052));
#2297=CARTESIAN_POINT('',(-30.1912828992538,7.54851653672723,-65.5339646483052));
#2298=CARTESIAN_POINT('',(-29.9484478771347,8.45404132496309,-65.5339646483051));
#2299=CARTESIAN_POINT('',(-29.7563767715412,9.10196544768681,-65.5339646483052));
#2300=CARTESIAN_POINT('',(-29.577302485373,9.66533145738815,-65.5339646483052));
#2301=CARTESIAN_POINT('',(-29.3627641739576,10.3061087883469,-65.5339646483052));
#2302=CARTESIAN_POINT('',(-29.0281416114199,11.2249233057517,-65.5339646483051));
#2303=CARTESIAN_POINT('',(-28.6054983786138,12.2605511676449,-65.5339646483054));
#2304=CARTESIAN_POINT('',(-28.2329798018794,13.0855696096766,-65.5339646483048));
#2305=CARTESIAN_POINT('',(-27.8106775981856,13.9669830233922,-65.5339646483063));
#2306=CARTESIAN_POINT('',(-27.2773759131151,14.9958264446295,-65.5339646482885));
#2307=CARTESIAN_POINT('',(-26.6944497140967,15.9973971488431,-65.5339646483063));
#2308=CARTESIAN_POINT('',(-26.1765676599251,16.826186668177,-65.5339646483048));
#2309=CARTESIAN_POINT('',(-25.6796039664766,17.5827636226961,-65.5339646483053));
#2310=CARTESIAN_POINT('',(-25.030535051657,18.496121189756,-65.5339646483052));
#2311=CARTESIAN_POINT('',(-24.4339667992771,19.2709474996431,-65.5339646483052));
#2312=CARTESIAN_POINT('',(-24.0041173052826,19.7999877648778,-65.5339646483052));
#2313=CARTESIAN_POINT('',(-23.6165612974111,20.2621460539061,-65.5339646483052));
#2314=CARTESIAN_POINT('',(-23.1560818436789,20.7892105446433,-65.5339646483052));
#2315=CARTESIAN_POINT('',(-22.5271857404949,21.4709052289682,-65.5339646483052));
#2316=CARTESIAN_POINT('',(-21.9082260340864,22.1012686835106,-65.5339646483052));
#2317=CARTESIAN_POINT('',(-21.3818089375056,22.6070723729007,-65.5339646483052));
#2318=CARTESIAN_POINT('',(-20.8496089484085,23.1007737397982,-65.5339646483053));
#2319=CARTESIAN_POINT('',(-20.2800937758826,23.6046666825963,-65.533964648304));
#2320=CARTESIAN_POINT('',(-19.583917589271,24.1836873388007,-65.5339646483082));
#2321=CARTESIAN_POINT('',(-18.9440147809862,24.6881450228184,-65.5339646482939));
#2322=CARTESIAN_POINT('',(-18.5088758134428,25.0130819387868,-65.5339646483295));
#2323=CARTESIAN_POINT('',(-18.0697587641869,25.332124692133,-65.5339646482809));
#2324=CARTESIAN_POINT('',(-17.6262504642793,25.6455748772308,-65.5339646483164));
#2325=CARTESIAN_POINT('',(-16.9487031153887,26.0983163216851,-65.5339646483021));
#2326=CARTESIAN_POINT('',(-16.2593445734446,26.5332674821853,-65.533964648306));
#2327=CARTESIAN_POINT('',(-15.605807705518,26.9220653213967,-65.533964648305));
#2328=CARTESIAN_POINT('',(-15.1328323984253,27.1885691690714,-65.5339646483052));
#2329=CARTESIAN_POINT('',(-14.657440643958,27.4483019214724,-65.5339646483052));
#2330=CARTESIAN_POINT('',(-14.1313217143388,27.7251448103308,-65.5339646483052));
#2331=CARTESIAN_POINT('',(-13.406731151743,28.0826524498104,-65.5339646483052));
#2332=CARTESIAN_POINT('',(-12.6767952924426,28.4195699220771,-65.5339646483052));
#2333=CARTESIAN_POINT('',(-12.0256824772641,28.7000011890964,-65.5339646483052));
#2334=CARTESIAN_POINT('',(-11.5350025943974,28.8990761401659,-65.5339646483052));
#2335=CARTESIAN_POINT('',(-11.046550148723,29.0900674025334,-65.5339646483052));
#2336=CARTESIAN_POINT('',(-10.4762663295008,29.3020425315433,-65.5339646483052));
#2337=CARTESIAN_POINT('',(-9.74073237371046,29.5546475727878,-65.5339646483052));
#2338=CARTESIAN_POINT('',(-9.00870746804568,29.7858456445154,-65.5339646483052));
#2339=CARTESIAN_POINT('',(-8.34101482158544,29.9788430728958,-65.5339646483052));
#2340=CARTESIAN_POINT('',(-7.86042268390047,30.1068466142762,-65.5339646483052));
#2341=CARTESIAN_POINT('',(-7.3920222348232,30.2256711953964,-65.5339646483052));
#2342=CARTESIAN_POINT('',(-6.87568236429424,30.3488102243818,-65.5339646483052));
#2343=CARTESIAN_POINT('',(-6.19753187354227,30.4943589751513,-65.5339646483052));
#2344=CARTESIAN_POINT('',(-5.5376649516553,30.6208663165593,-65.5339646483052));
#2345=CARTESIAN_POINT('',(-4.90333587576356,30.7286360231943,-65.5339646483052));
#2346=CARTESIAN_POINT('',(-4.37377814183071,30.8075955806244,-65.5339646483052));
#2347=CARTESIAN_POINT('',(-3.97033384984919,30.8614048153776,-65.5339646483052));
#2348=CARTESIAN_POINT('',(-3.57849898879753,30.9097884237873,-65.5339646483052));
#2349=CARTESIAN_POINT('',(-3.11430857162499,30.9607558186891,-65.5339646483052));
#2350=CARTESIAN_POINT('',(-2.55850404198094,31.0115011412541,-65.5339646483052));
#2351=CARTESIAN_POINT('',(-2.01911382257176,31.0511864021784,-65.5339646483052));
#2352=CARTESIAN_POINT('',(-1.50869866500225,31.0799960326544,-65.5339646483051));
#2353=CARTESIAN_POINT('',(-1.16384457102695,31.0939121453318,-65.5339646483053));
#2354=CARTESIAN_POINT('',(-0.828709203925105,31.1046938005244,-65.5339646483051));
#2355=CARTESIAN_POINT('',(-0.489169739164739,31.1127021454545,-65.5339646483067));
#2356=CARTESIAN_POINT('',(-0.16168314836855,31.1152549506013,-65.5339646483022));
#2357=CARTESIAN_POINT('',(-6.4842878214458E-11,31.1152548534338,-65.5339646482963));
#2358=CARTESIAN_POINT('',(26.1627913591858,-35.7499999999466,-19.3004860896557));
#2359=AXIS2_PLACEMENT_3D('',#2360,#2361,#2362);
#2360=CARTESIAN_POINT('',(0.,-35.7499999997763,-39.0000000000959));
#2361=DIRECTION('',(0.,1.,0.));
#2362=DIRECTION('',(0.79886385829131,0.,0.601511875124608));
#2363=CARTESIAN_POINT('',(25.8840706009587,-43.3000000000064,-18.9356687347739));
#2364=CARTESIAN_POINT('',(26.1627913591132,-35.7499999999466,-19.3004860897104));
#2365=CARTESIAN_POINT('',(26.1990309319499,-35.7838447946456,-19.3486140863921));
#2366=CARTESIAN_POINT('',(26.2702553682224,-35.8523609605903,-19.4437556456713));
#2367=CARTESIAN_POINT('',(26.3746539199329,-35.9589769988518,-19.5847973056918));
#2368=CARTESIAN_POINT('',(26.4750232447689,-36.0677715381803,-19.7219045183696));
#2369=CARTESIAN_POINT('',(26.5716054705448,-36.1788678420574,-19.8552620952117));
#2370=CARTESIAN_POINT('',(26.6638974303788,-36.2915312260588,-19.9840292487659));
#2371=CARTESIAN_POINT('',(26.7521642802384,-36.4058998505082,-20.1084247645258));
#2372=CARTESIAN_POINT('',(26.8360668960984,-36.5213125376923,-20.2278180024103));
#2373=CARTESIAN_POINT('',(26.9162767804933,-36.6385076038991,-20.3430218202633));
#2374=CARTESIAN_POINT('',(26.9923881991398,-36.7567582898611,-20.4533232684733));
#2375=CARTESIAN_POINT('',(27.0644306167657,-36.8759098584821,-20.5586279538417));
#2376=CARTESIAN_POINT('',(27.1315502430301,-36.9941663998622,-20.6575372317986));
#2377=CARTESIAN_POINT('',(27.1942463320212,-37.111897668709,-20.7506336633909));
#2378=CARTESIAN_POINT('',(27.2521159990917,-37.2278191094488,-20.8371795437207));
#2379=CARTESIAN_POINT('',(27.3056378949403,-37.3422916453991,-20.9177575776399));
#2380=CARTESIAN_POINT('',(27.35448728385,-37.4538995799554,-20.9917536684629));
#2381=CARTESIAN_POINT('',(27.3996045848171,-37.564109197841,-21.060483813457));
#2382=CARTESIAN_POINT('',(27.4420945103283,-37.6752758259939,-21.1255525925805));
#2383=CARTESIAN_POINT('',(27.4832198355605,-37.7911136952275,-21.1888520963377));
#2384=CARTESIAN_POINT('',(27.5273733266154,-37.9261615030535,-21.2571537954572));
#2385=CARTESIAN_POINT('',(27.5720490194676,-38.0783009082762,-21.3266577460483));
#2386=CARTESIAN_POINT('',(27.6146005524329,-38.2443275077639,-21.3932370962953));
#2387=CARTESIAN_POINT('',(27.6486882164166,-38.3989016158565,-21.4468354556089));
#2388=CARTESIAN_POINT('',(27.6750547547478,-38.5384688106482,-21.4884489900029));
#2389=CARTESIAN_POINT('',(27.6947026615285,-38.6595692182532,-21.519545580917));
#2390=CARTESIAN_POINT('',(27.7089085329477,-38.7621376546715,-21.5420776952085));
#2391=CARTESIAN_POINT('',(27.7193534230958,-38.8496067892422,-21.5586688588573));
#2392=CARTESIAN_POINT('',(27.7272397167449,-38.9256311866123,-21.5712094901727));
#2393=CARTESIAN_POINT('',(27.7338524967941,-39.0003609007962,-21.5817346516464));
#2394=CARTESIAN_POINT('',(27.7392656087895,-39.0739615481559,-21.5903569557974));
#2395=CARTESIAN_POINT('',(27.743555319016,-39.1469332842118,-21.5971940619512));
#2396=CARTESIAN_POINT('',(27.7470894139976,-39.2268522073165,-21.6028295281935));
#2397=CARTESIAN_POINT('',(27.7494451971965,-39.3125327041741,-21.6065876314354));
#2398=CARTESIAN_POINT('',(27.7500125564223,-39.375545324459,-21.6074929030709));
#2399=CARTESIAN_POINT('',(27.7499863503161,-39.4381696138852,-21.6074510910536));
#2400=CARTESIAN_POINT('',(27.7494146362123,-39.4941759665953,-21.6065388647353));
#2401=CARTESIAN_POINT('',(27.7473417034929,-39.5721314913319,-21.6032320581787));
#2402=CARTESIAN_POINT('',(27.744164698897,-39.6503134339593,-21.5981655434358));
#2403=CARTESIAN_POINT('',(27.7392293219713,-39.7366842057478,-21.5902986066742));
#2404=CARTESIAN_POINT('',(27.7320295040449,-39.8312289821091,-21.5788313689821));
#2405=CARTESIAN_POINT('',(27.7237507373937,-39.9181011191143,-21.5656592993215));
#2406=CARTESIAN_POINT('',(27.7148756291256,-39.9972272549893,-21.5515543920538));
#2407=CARTESIAN_POINT('',(27.7048041984732,-40.0766848874092,-21.5355655669488));
#2408=CARTESIAN_POINT('',(27.6922375024965,-40.1640077315329,-21.5156432332738));
#2409=CARTESIAN_POINT('',(27.6767043240965,-40.2589464733184,-21.4910636429899));
#2410=CARTESIAN_POINT('',(27.6607934536671,-40.3456893082635,-21.4659386799109));
#2411=CARTESIAN_POINT('',(27.6449971042573,-40.4243266685643,-21.4410453697085));
#2412=CARTESIAN_POINT('',(27.629713153485,-40.4950934968462,-21.4170042635907));
#2413=CARTESIAN_POINT('',(27.6134184710446,-40.5655805592462,-21.391424072854));
#2414=CARTESIAN_POINT('',(27.5960927705419,-40.6358741825239,-21.3642825831254));
#2415=CARTESIAN_POINT('',(27.5777908173618,-40.7057600812535,-21.335675547968));
#2416=CARTESIAN_POINT('',(27.5562903336679,-40.78327455251,-21.3021476864902));
#2417=CARTESIAN_POINT('',(27.5311694091594,-40.8682383675512,-21.2630858969325));
#2418=CARTESIAN_POINT('',(27.501931076733,-40.9605236781115,-21.2177809299989));
#2419=CARTESIAN_POINT('',(27.4724716824497,-41.0476083217824,-21.1723029434296));
#2420=CARTESIAN_POINT('',(27.4421279078609,-41.1322862122374,-21.1256297126621));
#2421=CARTESIAN_POINT('',(27.4056742191908,-41.2287235147168,-21.0697626463376));
#2422=CARTESIAN_POINT('',(27.360202801649,-41.3412180369962,-21.0004202961691));
#2423=CARTESIAN_POINT('',(27.3054782512011,-41.4666611829413,-20.9174980711103));
#2424=CARTESIAN_POINT('',(27.248367730409,-41.588326146953,-20.8315483822293));
#2425=CARTESIAN_POINT('',(27.190287587261,-41.7039516678565,-20.7447454633014));
#2426=CARTESIAN_POINT('',(27.1328179051305,-41.8115659058221,-20.6594388150937));
#2427=CARTESIAN_POINT('',(27.0792637033779,-41.9063528147729,-20.5804782533281));
#2428=CARTESIAN_POINT('',(27.0291736477721,-41.9909206889003,-20.5070683736485));
#2429=CARTESIAN_POINT('',(26.9817601603645,-42.0677921694445,-20.4379540729618));
#2430=CARTESIAN_POINT('',(26.9325462089874,-42.144430005484,-20.366614693353));
#2431=CARTESIAN_POINT('',(26.8758634636067,-42.2292414601484,-20.2849203790628));
#2432=CARTESIAN_POINT('',(26.8058698019963,-42.3292562302822,-20.1847316291938));
#2433=CARTESIAN_POINT('',(26.7219783809638,-42.4423897551007,-20.0657285420059));
#2434=CARTESIAN_POINT('',(26.6363916283615,-42.5508637234932,-19.9455521502392));
#2435=CARTESIAN_POINT('',(26.5625223670799,-42.639582802789,-19.8427824270413));
#2436=CARTESIAN_POINT('',(26.5012922298605,-42.710223212373,-19.758199366377));
#2437=CARTESIAN_POINT('',(26.4469760614628,-42.7708344203727,-19.6836139782007));
#2438=CARTESIAN_POINT('',(26.3931193409716,-42.8290222072584,-19.6100936920272));
#2439=CARTESIAN_POINT('',(26.3400798821473,-42.8845635534463,-19.5381060774499));
#2440=CARTESIAN_POINT('',(26.2875047986443,-42.9379755014046,-19.4671520404648));
#2441=CARTESIAN_POINT('',(26.2355188530139,-42.9892502583984,-19.3973840244366));
#2442=CARTESIAN_POINT('',(26.1839304230443,-43.0386816002159,-19.328530494833));
#2443=CARTESIAN_POINT('',(26.1330723188834,-43.0860565525658,-19.2610188523981));
#2444=CARTESIAN_POINT('',(26.0826824960974,-43.1317194757304,-19.1944841470945));
#2445=CARTESIAN_POINT('',(26.0327924372122,-43.1757239362398,-19.1289541758073));
#2446=CARTESIAN_POINT('',(25.98310808271,-43.2183943920404,-19.0640325401536));
#2447=CARTESIAN_POINT('',(25.9336504903669,-43.2597671735335,-18.9997386375754));
#2448=CARTESIAN_POINT('',(25.9005838174118,-43.2867156753502,-18.9569716547924));
#2449=CARTESIAN_POINT('',(25.8840706009583,-43.3000000000054,-18.9356687347739));
#2450=CARTESIAN_POINT('',(12.9055220739012,-43.3000000000001,-8.90000000009581));
#2451=AXIS2_PLACEMENT_3D('',#2452,#2453,#2454);
#2452=CARTESIAN_POINT('',(0.,-43.3000000000001,-39.0000000000959));
#2453=DIRECTION('',(0.,-1.,0.));
#2454=DIRECTION('',(0.790353300792636,0.,0.61265133634571));
#2455=CARTESIAN_POINT('',(12.9055220739001,-43.3000000000002,-8.90000000009524));
#2456=VECTOR('',#2457,1.);
#2457=DIRECTION('',(0.,1.,0.));
#2458=CARTESIAN_POINT('',(2.22675950293414E-13,-39.4214282686432,-6.25000000009585));
#2459=CARTESIAN_POINT('',(-0.376472759330625,-39.4139024805344,-6.25000000009584));
#2460=CARTESIAN_POINT('',(-1.04167609842519,-39.4006060509164,-6.26146906895192));
#2461=CARTESIAN_POINT('',(-1.90739345729856,-39.3724823731905,-6.30280600946263));
#2462=CARTESIAN_POINT('',(-2.57095341341437,-39.3401432360753,-6.34944061289367));
#2463=CARTESIAN_POINT('',(-3.12850680220754,-39.3038604856352,-6.39829289949889));
#2464=CARTESIAN_POINT('',(-3.6977305514757,-39.256356358431,-6.45759370923091));
#2465=CARTESIAN_POINT('',(-4.31330367507203,-39.1963378429283,-6.53308459454705));
#2466=CARTESIAN_POINT('',(-4.9856589347601,-39.1199160788856,-6.62921410655774));
#2467=CARTESIAN_POINT('',(-5.68178382255572,-39.0291554626275,-6.74392169311672));
#2468=CARTESIAN_POINT('',(-6.41722436483397,-38.9206878041773,-6.88187573942259));
#2469=CARTESIAN_POINT('',(-7.18122276258531,-38.7928359537652,-7.04358946129269));
#2470=CARTESIAN_POINT('',(-8.0108195858354,-38.6374142281428,-7.24079119334519));
#2471=CARTESIAN_POINT('',(-8.90868950949017,-38.4498667230712,-7.47986149822854));
#2472=CARTESIAN_POINT('',(-9.86391487910792,-38.2265433530658,-7.76511451491989));
#2473=CARTESIAN_POINT('',(-10.8230734291369,-37.9773978323817,-8.08464542654812));
#2474=CARTESIAN_POINT('',(-11.7257616830089,-37.7200049718295,-8.4164047705464));
#2475=CARTESIAN_POINT('',(-12.5967883078802,-37.4508778482192,-8.76484042116448));
#2476=CARTESIAN_POINT('',(-13.5174370492266,-37.1444057493759,-9.16344876143617));
#2477=CARTESIAN_POINT('',(-14.5701279754148,-36.7646128751675,-9.66044509184712));
#2478=CARTESIAN_POINT('',(-15.7570392243692,-36.2967146456166,-10.2779945554781));
#2479=CARTESIAN_POINT('',(-16.5758822198677,-35.9402718625616,-10.750306079777));
#2480=CARTESIAN_POINT('',(-16.9968807425395,-35.7499999998279,-11.0059194646703));
#2481=CARTESIAN_POINT('',(32.75,-76.4999999999999,-39.0000000000959));
#2482=CARTESIAN_POINT('',(-32.748734815782,-76.5,-39.2878679656447));
#2483=AXIS2_PLACEMENT_3D('',#2484,#2485,#2486);
#2484=CARTESIAN_POINT('',(0.,-76.5,-39.0000000000959));
#2485=DIRECTION('',(0.,1.,0.));
#2486=DIRECTION('',(1.,0.,2.16959613972549E-16));
#2487=CARTESIAN_POINT('',(-32.7496564867486,-76.362132034356,-39.1500000000007));
#2488=CARTESIAN_POINT('',(-32.7496564867486,-76.362132034356,-39.1500000000007));
#2489=CARTESIAN_POINT('',(-32.7494459962907,-76.4080886356449,-39.1959566012896));
#2490=CARTESIAN_POINT('',(-32.7491387721815,-76.4540446920641,-39.2419126577088));
#2491=CARTESIAN_POINT('',(-32.748734815782,-76.5,-39.2878679656447));
#2492=CARTESIAN_POINT('',(-32.7496564867477,-76.362132034356,-38.8500000000007));
#2493=CARTESIAN_POINT('',(-32.7496564867486,-76.362132034356,-39.1500000000007));
#2494=CARTESIAN_POINT('',(-32.7497341815514,-76.3462048152718,-39.1330368126238));
#2495=CARTESIAN_POINT('',(-32.7498680895917,-76.3204476244702,-39.0987446414367));
#2496=CARTESIAN_POINT('',(-32.7499860823133,-76.3021812165974,-39.0427615766572));
#2497=CARTESIAN_POINT('',(-32.7500103939198,-76.2983918109458,-38.9919963253035));
#2498=CARTESIAN_POINT('',(-32.7499628453743,-76.3057239600016,-38.9430814723078));
#2499=CARTESIAN_POINT('',(-32.7498394460398,-76.3257038429971,-38.8936082785918));
#2500=CARTESIAN_POINT('',(-32.7497199380612,-76.348487167063,-38.8638533914609));
#2501=CARTESIAN_POINT('',(-32.7496564867477,-76.362132034356,-38.8500000000007));
#2502=CARTESIAN_POINT('',(-32.7487348157804,-76.5,-38.7121320343567));
#2503=CARTESIAN_POINT('',(-32.7487348157804,-76.5,-38.7121320343568));
#2504=CARTESIAN_POINT('',(-32.74913877218,-76.4540446920641,-38.7580873422927));
#2505=CARTESIAN_POINT('',(-32.7494459962896,-76.4080886356449,-38.8040433987118));
#2506=CARTESIAN_POINT('',(-32.7496564867477,-76.3621320343561,-38.8500000000007));
#2507=AXIS2_PLACEMENT_3D('',#2508,#2509,#2510);
#2508=CARTESIAN_POINT('',(0.,-76.5,-39.0000000000959));
#2509=DIRECTION('',(0.,1.,0.));
#2510=DIRECTION('',(-0.999961368420773,0.,0.0087898615492871));
#2511=CARTESIAN_POINT('',(-3.77912637635882,-39.7084380241121,-6.46877340423097));
#2512=CARTESIAN_POINT('',(-1.77424258019482,-39.7084380241123,-6.29809541845687));
#2513=AXIS2_PLACEMENT_3D('',#2514,#2515,#2516);
#2514=CARTESIAN_POINT('',(0.,-39.7084380241121,-39.0000000000959));
#2515=DIRECTION('',(0.,1.,0.));
#2516=DIRECTION('',(-0.115393171797216,0.,0.993319896056944));
#2517=CARTESIAN_POINT('',(-2.02538905906636,-43.3000000000002,-6.31268901923644));
#2518=CARTESIAN_POINT('',(-1.77424258019505,-39.7084380241125,-6.29809541845682));
#2519=CARTESIAN_POINT('',(-1.85797655095262,-40.9058895942658,-6.30263840695329));
#2520=CARTESIAN_POINT('',(-1.94169245555569,-42.1030828063731,-6.30750296446637));
#2521=CARTESIAN_POINT('',(-2.02538905906642,-43.3000000000004,-6.31268901923641));
#2522=CARTESIAN_POINT('',(-4.03027285522921,-43.3000000000002,-6.49893231436587));
#2523=AXIS2_PLACEMENT_3D('',#2524,#2525,#2526);
#2524=CARTESIAN_POINT('',(0.,-43.3000000000001,-39.0000000000959));
#2525=DIRECTION('',(0.,-1.,0.));
#2526=DIRECTION('',(-0.0618439407348504,0.,0.998085831476624));
#2527=CARTESIAN_POINT('',(-4.03027285522919,-43.3000000000003,-6.49893231436585));
#2528=CARTESIAN_POINT('',(-3.94659639356028,-42.1033708481306,-6.48855607148833));
#2529=CARTESIAN_POINT('',(-3.8628804844263,-40.9061775712283,-6.47850305146675));
#2530=CARTESIAN_POINT('',(-3.7791263763578,-39.7084380241121,-6.46877340423081));
#2531=CARTESIAN_POINT('',(25.8840706009669,-43.3000000000001,-8.90000000009581));
#2532=CARTESIAN_POINT('',(25.8840706009687,-43.2999999999984,-8.90000000009581));
#2533=VECTOR('',#2534,1.);
#2534=DIRECTION('',(0.,0.,-1.));
#2535=CARTESIAN_POINT('',(22.7500000010375,-34.4041558721921,-17.3514779699972));
#2536=CARTESIAN_POINT('',(22.7500000012969,-34.4041558718341,-17.3514779697504));
#2537=CARTESIAN_POINT('',(22.7838809278466,-34.4041558557931,-17.3870823987717));
#2538=CARTESIAN_POINT('',(22.8515312212429,-34.4048385162883,-17.457516912442));
#2539=CARTESIAN_POINT('',(22.9534957993242,-34.4079529493571,-17.5616346463084));
#2540=CARTESIAN_POINT('',(23.05455953717,-34.4131010622832,-17.6627820287392));
#2541=CARTESIAN_POINT('',(23.1547288468392,-34.4202300808859,-17.7609846117134));
#2542=CARTESIAN_POINT('',(23.2534043419764,-34.4292359638369,-17.8556832463141));
#2543=CARTESIAN_POINT('',(23.3507878723204,-34.440065195835,-17.9471112159177));
#2544=CARTESIAN_POINT('',(23.4463312349605,-34.4525723897624,-18.0348082352111));
#2545=CARTESIAN_POINT('',(23.5408129813356,-34.4667859047701,-18.1195330749608));
#2546=CARTESIAN_POINT('',(23.6337388590961,-34.482575936215,-18.2008686662848));
#2547=CARTESIAN_POINT('',(23.7251996991193,-34.4998914259371,-18.2789334977221));
#2548=CARTESIAN_POINT('',(23.8139510790486,-34.5183924533422,-18.3527495744467));
#2549=CARTESIAN_POINT('',(23.9004894194486,-34.5380565399283,-18.4228418925728));
#2550=CARTESIAN_POINT('',(23.9840690904078,-34.5585916804674,-18.4887193620881));
#2551=CARTESIAN_POINT('',(24.0652550558109,-34.580011653827,-18.5509465327746));
#2552=CARTESIAN_POINT('',(24.1432858084788,-34.6019807445533,-18.6090756474217));
#2553=CARTESIAN_POINT('',(24.2192690888287,-34.6246908723742,-18.6640537689557));
#2554=CARTESIAN_POINT('',(24.2926013543906,-34.6478636263782,-18.715543060167));
#2555=CARTESIAN_POINT('',(24.3634688392351,-34.6714510501858,-18.7637869555986));
#2556=CARTESIAN_POINT('',(24.4305760338527,-34.6948807071899,-18.8080644107392));
#2557=CARTESIAN_POINT('',(24.4946845561421,-34.7182675197971,-18.8490558443196));
#2558=CARTESIAN_POINT('',(24.5553313085158,-34.7413098597048,-18.8866240225623));
#2559=CARTESIAN_POINT('',(24.6132409516169,-34.7641610975538,-18.9213659517645));
#2560=CARTESIAN_POINT('',(24.6678825674768,-34.7864900329975,-18.9531146644119));
#2561=CARTESIAN_POINT('',(24.7204742951193,-34.8086934098292,-18.9827045476846));
#2562=CARTESIAN_POINT('',(24.7711426356161,-34.8307562541969,-19.0102913902057));
#2563=CARTESIAN_POINT('',(24.8204913136796,-34.8528912563677,-19.0362648371442));
#2564=CARTESIAN_POINT('',(24.8679297171043,-34.8747788452952,-19.0603825474934));
#2565=CARTESIAN_POINT('',(24.9138710448641,-34.8965519119342,-19.0829286702655));
#2566=CARTESIAN_POINT('',(24.9580771395355,-34.9180459366888,-19.1038531760355));
#2567=CARTESIAN_POINT('',(25.0009335108464,-34.9394011241157,-19.1234001050616));
#2568=CARTESIAN_POINT('',(25.0422298766342,-34.9604659610429,-19.1415354603115));
#2569=CARTESIAN_POINT('',(25.0825462428593,-34.9814980569347,-19.1585644888706));
#2570=CARTESIAN_POINT('',(25.1220171649644,-35.0025428788845,-19.1745756794396));
#2571=CARTESIAN_POINT('',(25.1609566947445,-35.0237523661134,-19.189714998088));
#2572=CARTESIAN_POINT('',(25.199166769378,-35.0450032400018,-19.2039241925878));
#2573=CARTESIAN_POINT('',(25.2367767122921,-35.0663504363255,-19.2172727489021));
#2574=CARTESIAN_POINT('',(25.2736509998922,-35.0877007676179,-19.2297332361123));
#2575=CARTESIAN_POINT('',(25.3098954458123,-35.1090987676072,-19.2413630522746));
#2576=CARTESIAN_POINT('',(25.3453816438583,-35.1304504126725,-19.252145200783));
#2577=CARTESIAN_POINT('',(25.38034574245,-35.1518817277986,-19.2621726840074));
#2578=CARTESIAN_POINT('',(25.4148063664337,-35.1733929774079,-19.2714649225268));
#2579=CARTESIAN_POINT('',(25.448882505522,-35.1950500827549,-19.2800639863763));
#2580=CARTESIAN_POINT('',(25.4824260439257,-35.2167491588815,-19.2879447936475));
#2581=CARTESIAN_POINT('',(25.5155126516627,-35.2385278489977,-19.2951399807642));
#2582=CARTESIAN_POINT('',(25.5480433238525,-35.2603098037916,-19.3016428857336));
#2583=CARTESIAN_POINT('',(25.5800824859469,-35.2821264040692,-19.3074823166668));
#2584=CARTESIAN_POINT('',(25.6115373828503,-35.3039014524322,-19.3126594928105));
#2585=CARTESIAN_POINT('',(25.6425594032386,-35.3257278764736,-19.3172158203163));
#2586=CARTESIAN_POINT('',(25.6731159759966,-35.3475735167078,-19.3211590570959));
#2587=CARTESIAN_POINT('',(25.7032382323549,-35.36945141885,-19.3245058382818));
#2588=CARTESIAN_POINT('',(25.7327199269464,-35.391199062997,-19.3272515677991));
#2589=CARTESIAN_POINT('',(25.7615979058716,-35.4128273446667,-19.3294238072642));
#2590=CARTESIAN_POINT('',(25.7896626477777,-35.4341612346531,-19.3310340363488));
#2591=CARTESIAN_POINT('',(25.8169355765586,-35.4551953541522,-19.3321165874546));
#2592=CARTESIAN_POINT('',(25.841580538008,-35.474470539527,-19.3326661264873));
#2593=CARTESIAN_POINT('',(25.8587621822362,-35.488074233952,-19.332783426933));
#2594=CARTESIAN_POINT('',(25.8754792554068,-35.5013980638621,-19.3327561557515));
#2595=CARTESIAN_POINT('',(25.893301588833,-35.5157141379156,-19.3325480381563));
#2596=CARTESIAN_POINT('',(25.9170584597417,-35.5350421422346,-19.3318758503967));
#2597=CARTESIAN_POINT('',(25.9419847920898,-35.555571492192,-19.3307669303476));
#2598=CARTESIAN_POINT('',(25.9679955886355,-35.5772853744643,-19.329138222054));
#2599=CARTESIAN_POINT('',(25.9949077865249,-35.600083052305,-19.3269156311547));
#2600=CARTESIAN_POINT('',(26.0182991696005,-35.6201769558452,-19.3245306391883));
#2601=CARTESIAN_POINT('',(26.0385388672254,-35.6377657965681,-19.3221374116887));
#2602=CARTESIAN_POINT('',(26.0558272263757,-35.6529322652963,-19.3198608596964));
#2603=CARTESIAN_POINT('',(26.072563525378,-35.6677495906795,-19.3174362612909));
#2604=CARTESIAN_POINT('',(26.0886126538291,-35.6820845771761,-19.3149051184294));
#2605=CARTESIAN_POINT('',(26.1041606519975,-35.6960906627388,-19.3122586911121));
#2606=CARTESIAN_POINT('',(26.1192453526144,-35.7097923274924,-19.3095060626713));
#2607=CARTESIAN_POINT('',(26.1340298864645,-35.7233308475362,-19.3066285890397));
#2608=CARTESIAN_POINT('',(26.1485060185749,-35.7366929206448,-19.3036371577422));
#2609=CARTESIAN_POINT('',(26.1580576229845,-35.7455789366885,-19.3015491650949));
#2610=CARTESIAN_POINT('',(26.1627913592283,-35.7499999998933,-19.3004860896237));
#2611=CARTESIAN_POINT('',(22.75,-34.4041558721922,-8.90000000009581));
#2612=CARTESIAN_POINT('',(22.75,-34.4041558721922,-8.9000000000958));
#2613=VECTOR('',#2614,1.);
#2614=DIRECTION('',(0.,0.,-1.));
#2615=AXIS2_PLACEMENT_3D('',#2616,#2617,#2618);
#2616=CARTESIAN_POINT('',(22.75,-39.4041558721921,-8.90000000009581));
#2617=DIRECTION('',(0.,0.,-1.));
#2618=DIRECTION('',(0.,1.,0.));
#2619=CARTESIAN_POINT('',(-4.79457898306146,-28.6009092928679,-65.5708865598194));
#2620=CARTESIAN_POINT('',(-4.79457898273597,-28.6009092928365,-65.570886558047));
#2621=CARTESIAN_POINT('',(-4.67034804783914,-28.621734990745,-65.5933033059256));
#2622=CARTESIAN_POINT('',(-4.42287306821662,-28.6615652682173,-65.6361689661025));
#2623=CARTESIAN_POINT('',(-4.05289166781787,-28.716201115162,-65.6949498502232));
#2624=CARTESIAN_POINT('',(-3.68788576985509,-28.7653264268731,-65.7477871364576));
#2625=CARTESIAN_POINT('',(-3.32830253163365,-28.8091168730195,-65.7948745592576));
#2626=CARTESIAN_POINT('',(-2.97754948369098,-28.8474395847848,-65.8360734206793));
#2627=CARTESIAN_POINT('',(-2.63577979582091,-28.880625765107,-65.8717433898701));
#2628=CARTESIAN_POINT('',(-2.30601030151501,-28.9087816176339,-65.902001577497));
#2629=CARTESIAN_POINT('',(-1.98505933129875,-28.9325584238832,-65.9275502221784));
#2630=CARTESIAN_POINT('',(-1.67556652980928,-28.9520924561666,-65.9485375000816));
#2631=CARTESIAN_POINT('',(-1.37718706811982,-28.9677681104878,-65.9653777824931));
#2632=CARTESIAN_POINT('',(-1.09544173691231,-28.9797362246836,-65.9782341343461));
#2633=CARTESIAN_POINT('',(-0.82735047294201,-28.9885843303124,-65.9877384051904));
#2634=CARTESIAN_POINT('',(-0.575602683263428,-28.994634399121,-65.994236886483));
#2635=CARTESIAN_POINT('',(-0.337367989583703,-28.9983400965598,-65.9982171389737));
#2636=CARTESIAN_POINT('',(-0.147764575431931,-28.9997893148946,-65.9997737086763));
#2637=CARTESIAN_POINT('',(-0.00430526615456183,-29.0000613366147,-66.0000658801681));
#2638=CARTESIAN_POINT('',(0.132387087115226,-28.9998326243287,-65.9998202262098));
#2639=CARTESIAN_POINT('',(0.296624293512834,-28.9987080243126,-65.9986123214633));
#2640=CARTESIAN_POINT('',(0.490532375822217,-28.9960570902241,-65.9957649883187));
#2641=CARTESIAN_POINT('',(0.675661944811309,-28.9923172225143,-65.9917479769929));
#2642=CARTESIAN_POINT('',(0.854649152516096,-28.9875809171883,-65.9866605715197));
#2643=CARTESIAN_POINT('',(1.02839707686959,-28.9819305669278,-65.9805911963569));
#2644=CARTESIAN_POINT('',(1.1995599030894,-28.9753458595044,-65.9735179427663));
#2645=CARTESIAN_POINT('',(1.36905470441846,-28.9678311460746,-65.9654453807612));
#2646=CARTESIAN_POINT('',(1.53861464704327,-28.9593215584579,-65.956303702503));
#2647=CARTESIAN_POINT('',(1.71059539855945,-28.9496791062851,-65.9459445136292));
#2648=CARTESIAN_POINT('',(1.88642302052629,-28.9387641977729,-65.9342176466915));
#2649=CARTESIAN_POINT('',(2.06808451518166,-28.9263619009527,-65.9208919193702));
#2650=CARTESIAN_POINT('',(2.25461360584181,-28.9124324911095,-65.9059243250163));
#2651=CARTESIAN_POINT('',(2.44693415519227,-28.8968028002517,-65.8891283984634));
#2652=CARTESIAN_POINT('',(2.64401101007172,-28.8794506962302,-65.8704798959608));
#2653=CARTESIAN_POINT('',(2.84672148186872,-28.8601858106787,-65.8497736703658));
#2654=CARTESIAN_POINT('',(3.05305275195254,-28.8390967579212,-65.8271043354419));
#2655=CARTESIAN_POINT('',(3.26288550189846,-28.8161167934123,-65.802399456391));
#2656=CARTESIAN_POINT('',(3.47515618015922,-28.7912967216535,-65.7757129053492));
#2657=CARTESIAN_POINT('',(3.69066989002457,-28.7644727494579,-65.746867721311));
#2658=CARTESIAN_POINT('',(3.90838639322865,-28.7357060164241,-65.7159287063076));
#2659=CARTESIAN_POINT('',(4.12824766278313,-28.7049491530659,-65.6828438990259));
#2660=CARTESIAN_POINT('',(4.3493836208572,-28.6722805003642,-65.6476964980571));
#2661=CARTESIAN_POINT('',(4.57184333231487,-28.6376540844173,-65.6104358901861));
#2662=CARTESIAN_POINT('',(4.72024310728807,-28.6133708434477,-65.5843001691732));
#2663=CARTESIAN_POINT('',(4.79458005002712,-28.6009091139056,-65.5708863648192));
#2664=AXIS2_PLACEMENT_3D('',#2665,#2666,#2667);
#2665=CARTESIAN_POINT('',(0.,0.,-65.5708865634327));
#2666=DIRECTION('',(0.,0.,1.));
#2667=DIRECTION('',(-1.,0.,0.));
#2668=CARTESIAN_POINT('',(29.,1.13686837721616E-13,-78.5000000000959));
#2669=AXIS2_PLACEMENT_3D('',#2670,#2671,#2672);
#2670=CARTESIAN_POINT('',(0.,0.,-78.5000000000959));
#2671=DIRECTION('',(0.,0.,1.));
#2672=DIRECTION('',(-1.,0.,0.));
#2673=CARTESIAN_POINT('',(-29.,1.13686837721616E-13,0.));
#2674=AXIS2_PLACEMENT_3D('',#2675,#2676,#2677);
#2675=CARTESIAN_POINT('',(0.,0.,0.));
#2676=DIRECTION('',(0.,0.,-1.));
#2677=DIRECTION('',(1.,0.,0.));
#2678=CARTESIAN_POINT('',(-29.,1.13686837721616E-13,-4.99999999999991));
#2679=AXIS2_PLACEMENT_3D('',#2680,#2681,#2682);
#2680=CARTESIAN_POINT('',(0.,0.,-4.99999999999991));
#2681=DIRECTION('',(0.,0.,-1.));
#2682=DIRECTION('',(1.,0.,0.));
#2683=CARTESIAN_POINT('',(20.,-66.4999999999999,-39.0000000000007));
#2684=AXIS2_PLACEMENT_3D('',#2685,#2686,#2687);
#2685=CARTESIAN_POINT('',(0.,-66.5,-39.0000000000007));
#2686=DIRECTION('',(0.,-1.,0.));
#2687=DIRECTION('',(-1.,0.,1.22464679914735E-16));
#2688=CARTESIAN_POINT('',(20.,-76.4999999999999,-39.0000000000007));
#2689=CARTESIAN_POINT('',(-19.9979281935496,-76.5,-38.7121320343567));
#2690=AXIS2_PLACEMENT_3D('',#2691,#2692,#2693);
#2691=CARTESIAN_POINT('',(0.,-76.5,-39.0000000000007));
#2692=DIRECTION('',(0.,-1.,0.));
#2693=DIRECTION('',(1.,0.,0.));
#2694=CARTESIAN_POINT('',(-19.9994374920896,-76.362132034356,-38.8500000000007));
#2695=CARTESIAN_POINT('',(-19.9994506931674,-76.3621321066149,-38.8499999277419));
#2696=CARTESIAN_POINT('',(-19.999251945241,-76.3851107150624,-38.8270213192944));
#2697=CARTESIAN_POINT('',(-19.9990531973145,-76.4080893235099,-38.8040427108469));
#2698=CARTESIAN_POINT('',(-19.9985500979673,-76.4540453120588,-38.758086722298));
#2699=CARTESIAN_POINT('',(-19.9982457465464,-76.4770226921602,-38.7351093421966));
#2700=CARTESIAN_POINT('',(-19.9979413951256,-76.5000000722616,-38.7121319620952));
#2701=CARTESIAN_POINT('',(-19.9994374920896,-76.362132034356,-39.1500000000007));
#2702=CARTESIAN_POINT('',(-19.9994575008343,-76.362132036499,-39.1500000021437));
#2703=CARTESIAN_POINT('',(-19.9995706847407,-76.3470412730023,-39.1349092390782));
#2704=CARTESIAN_POINT('',(-19.9997534246652,-76.3231618435862,-39.1024660674243));
#2705=CARTESIAN_POINT('',(-19.9999651779365,-76.3034091769852,-39.0488180200208));
#2706=CARTESIAN_POINT('',(-20.0000203348893,-76.2980288116379,-38.9966054389968));
#2707=CARTESIAN_POINT('',(-19.99994753495,-76.3050467315533,-38.944703783859));
#2708=CARTESIAN_POINT('',(-19.9997321785359,-76.325596714643,-38.8938005709926));
#2709=CARTESIAN_POINT('',(-19.9995536224872,-76.3485472228851,-38.8635848111895));
#2710=CARTESIAN_POINT('',(-19.999451733526,-76.3621320359136,-38.8499999984431));
#2711=CARTESIAN_POINT('',(-19.9979281935496,-76.5,-39.2878679656447));
#2712=CARTESIAN_POINT('',(-19.9979413951253,-76.5000000722616,-39.2878680379063));
#2713=CARTESIAN_POINT('',(-19.998245746546,-76.4770226921601,-39.2648906578048));
#2714=CARTESIAN_POINT('',(-19.9985500979668,-76.4540453120587,-39.2419132777034));
#2715=CARTESIAN_POINT('',(-19.9990531973141,-76.4080893235098,-39.1959572891545));
#2716=CARTESIAN_POINT('',(-19.9992519452406,-76.3851107150624,-39.172978680707));
#2717=CARTESIAN_POINT('',(-19.9994506931671,-76.3621321066149,-39.1500000722596));
#2718=AXIS2_PLACEMENT_3D('',#2719,#2720,#2721);
#2719=CARTESIAN_POINT('',(0.,-76.5,-39.0000000000007));
#2720=DIRECTION('',(0.,-1.,0.));
#2721=DIRECTION('',(-0.999896409677467,0.,-0.0143933982821991));
#2722=CARTESIAN_POINT('',(1.59161572810262E-12,39.3777773067751,-4.99999999999991));
#2723=CARTESIAN_POINT('',(-78.7555546135518,39.3777773067783,-4.99999999999991));
#2724=CARTESIAN_POINT('',(-78.7555546135532,-39.3777773067753,-4.99999999999991));
#2725=CARTESIAN_POINT('',(2.27373675443232E-13,-39.377777306775,-4.99999999999991));
#2726=CARTESIAN_POINT('',(-6.73975149620353,-30.3765507320535,-65.533964647489));
#2727=CARTESIAN_POINT('',(-6.94801962940361,-30.3303419589511,-65.5339646479887));
#2728=CARTESIAN_POINT('',(-7.3676233934659,-30.2327039368591,-65.5339646484558));
#2729=CARTESIAN_POINT('',(-7.99672746966959,-30.0724776100386,-65.5339646482617));
#2730=CARTESIAN_POINT('',(-8.41948644550443,-29.9552942209266,-65.5339646483053));
#2731=CARTESIAN_POINT('',(-8.84997097071927,-29.8310108570071,-65.5339646483051));
#2732=CARTESIAN_POINT('',(-9.28941530642091,-29.6988519849321,-65.5339646483052));
#2733=CARTESIAN_POINT('',(-9.94642436357348,-29.4854062185614,-65.5339646483052));
#2734=CARTESIAN_POINT('',(-10.6091476303262,-29.2535947571253,-65.5339646483052));
#2735=CARTESIAN_POINT('',(-11.2798906023725,-29.0016754603917,-65.5339646483052));
#2736=CARTESIAN_POINT('',(-11.8479877070998,-28.773120863862,-65.5339646483052));
#2737=CARTESIAN_POINT('',(-12.2981995614904,-28.5824872591863,-65.5339646483052));
#2738=CARTESIAN_POINT('',(-12.7532384404497,-28.3834308778606,-65.5339646483052));
#2739=CARTESIAN_POINT('',(-13.3183595799791,-28.1242453973157,-65.5339646483052));
#2740=CARTESIAN_POINT('',(-14.0091132222488,-27.7867707756873,-65.5339646483052));
#2741=CARTESIAN_POINT('',(-14.7019377719767,-27.4266104174246,-65.5339646483052));
#2742=CARTESIAN_POINT('',(-15.2986513760384,-27.0969640803436,-65.5339646483052));
#2743=CARTESIAN_POINT('',(-15.757836084609,-26.8310225633092,-65.5339646483052));
#2744=CARTESIAN_POINT('',(-16.2186529550565,-26.5561480013226,-65.5339646483052));
#2745=CARTESIAN_POINT('',(-16.7721617035256,-26.2120810099074,-65.5339646483051));
#2746=CARTESIAN_POINT('',(-17.4509809102979,-25.765166036079,-65.5339646483052));
#2747=CARTESIAN_POINT('',(-18.1179333591368,-25.3005770210678,-65.5339646483051));
#2748=CARTESIAN_POINT('',(-18.6428018223849,-24.9142454198311,-65.5339646483052));
#2749=CARTESIAN_POINT('',(-19.0691379184264,-24.5882324374579,-65.5339646483052));
#2750=CARTESIAN_POINT('',(-19.4864861657392,-24.260485277961,-65.5339646483052));
#2751=CARTESIAN_POINT('',(-20.0140685101999,-23.8286154533221,-65.5339646483052));
#2752=CARTESIAN_POINT('',(-20.6054790162909,-23.3189629796381,-65.5339646483052));
#2753=CARTESIAN_POINT('',(-21.1750931976686,-22.8027915365174,-65.5339646483052));
#2754=CARTESIAN_POINT('',(-21.6253995068931,-22.3742332635472,-65.5339646483052));
#2755=CARTESIAN_POINT('',(-21.9790252458926,-22.0255919529757,-65.5339646483052));
#2756=CARTESIAN_POINT('',(-22.3228356947184,-21.6785175388231,-65.5339646483052));
#2757=CARTESIAN_POINT('',(-22.74382701996,-21.2379223418428,-65.5339646483052));
#2758=CARTESIAN_POINT('',(-23.2212000145768,-20.7146594716083,-65.5339646483052));
#2759=CARTESIAN_POINT('',(-23.6709300236101,-20.1989416750432,-65.5339646483052));
#2760=CARTESIAN_POINT('',(-24.0963594631056,-19.6892373994211,-65.5339646483052));
#2761=CARTESIAN_POINT('',(-24.3864789142109,-19.3264685311586,-65.5339646483051));
#2762=CARTESIAN_POINT('',(-24.6449684691152,-18.9952987039001,-65.5339646483053));
#2763=CARTESIAN_POINT('',(-24.890417771419,-18.674346099138,-65.5339646483051));
#2764=CARTESIAN_POINT('',(-25.2255438744796,-18.2193637912891,-65.5339646483053));
#2765=CARTESIAN_POINT('',(-25.5603491496887,-17.7464407852609,-65.5339646483047));
#2766=CARTESIAN_POINT('',(-25.8786055786873,-17.2789464421938,-65.5339646483071));
#2767=CARTESIAN_POINT('',(-26.1839240046848,-16.8125805873622,-65.5339646482983));
#2768=CARTESIAN_POINT('',(-26.4764665153256,-16.3479397036281,-65.5339646483306));
#2769=CARTESIAN_POINT('',(-26.6649466627866,-16.036596632301,-65.533964648251));
#2770=CARTESIAN_POINT('',(-26.8496255570931,-15.7254388562454,-65.5339646483594));
#2771=CARTESIAN_POINT('',(-27.0326445149564,-15.4108578873133,-65.5339646482798));
#2772=CARTESIAN_POINT('',(-27.3003707376977,-14.9315260393018,-65.5339646483121));
#2773=CARTESIAN_POINT('',(-27.5634744695375,-14.4401892211165,-65.5339646483033));
#2774=CARTESIAN_POINT('',(-27.8213901847475,-13.9369241036559,-65.5339646483057));
#2775=CARTESIAN_POINT('',(-28.0854802337296,-13.397463555352,-65.533964648305));
#2776=CARTESIAN_POINT('',(-28.323837733778,-12.8850798494881,-65.5339646483052));
#2777=CARTESIAN_POINT('',(-28.5133943895522,-12.457616812806,-65.5339646483052));
#2778=CARTESIAN_POINT('',(-28.7562585261305,-11.891830605047,-65.5339646483052));
#2779=CARTESIAN_POINT('',(-29.0676333534003,-11.1194187687905,-65.5339646483052));
#2780=CARTESIAN_POINT('',(-29.446317767815,-10.0741190681516,-65.5339646483052));
#2781=CARTESIAN_POINT('',(-29.7044090296645,-9.27319597363222,-65.5339646483052));
#2782=CARTESIAN_POINT('',(-29.8835286535373,-8.67085747408429,-65.5339646483052));
#2783=CARTESIAN_POINT('',(-30.0164692193449,-8.20275623357666,-65.5339646483052));
#2784=CARTESIAN_POINT('',(-30.1678689616337,-7.62897699344242,-65.5339646483052));
#2785=CARTESIAN_POINT('',(-30.3180450794715,-7.00718256102345,-65.5339646483052));
#2786=CARTESIAN_POINT('',(-30.4496261040264,-6.41113769205736,-65.5339646483052));
#2787=CARTESIAN_POINT('',(-30.5685728715613,-5.8174175063937,-65.5339646483052));
#2788=CARTESIAN_POINT('',(-30.6583541903214,-5.31941926809252,-65.5339646483052));
#2789=CARTESIAN_POINT('',(-30.7232167046834,-4.92671125525154,-65.5339646483052));
#2790=CARTESIAN_POINT('',(-30.7839573843878,-4.53578215706324,-65.5339646483051));
#2791=CARTESIAN_POINT('',(-30.8520172047917,-4.05320084873844,-65.5339646483052));
#2792=CARTESIAN_POINT('',(-30.9232090087815,-3.4683203001588,-65.5339646483052));
#2793=CARTESIAN_POINT('',(-30.9829754614299,-2.885825777181,-65.5339646483052));
#2794=CARTESIAN_POINT('',(-31.0315630906857,-2.30514507355221,-65.5339646483052));
#2795=CARTESIAN_POINT('',(-31.0617410546079,-1.84014124382629,-65.5339646483052));
#2796=CARTESIAN_POINT('',(-31.0816719504017,-1.45492524602177,-65.5339646483052));
#2797=CARTESIAN_POINT('',(-31.0979638396156,-1.07110439216695,-65.5339646483049));
#2798=CARTESIAN_POINT('',(-31.1117209992924,-0.574448687439613,-65.5339646483067));
#2799=CARTESIAN_POINT('',(-31.1152550856644,-0.19131272651618,-65.5339646483019));
#2800=CARTESIAN_POINT('',(-31.1152548534339,3.02336822244348E-10,-65.5339646482963));
#2801=CARTESIAN_POINT('',(-25.1371738307247,-29.99999999714,-29.1449255811012));
#2802=CARTESIAN_POINT('',(-25.4526828453173,-29.6304186854404,-29.9496891585013));
#2803=CARTESIAN_POINT('',(-25.9537268601761,-28.970198437254,-31.4335861348043));
#2804=CARTESIAN_POINT('',(-26.4450041182572,-28.1511684340847,-33.4515323437602));
#2805=CARTESIAN_POINT('',(-26.7202424370563,-27.557017287454,-35.0441382655181));
#2806=CARTESIAN_POINT('',(-26.8661520791781,-27.1416461166388,-36.2465199484441));
#2807=CARTESIAN_POINT('',(-26.951705883635,-26.8050472227942,-37.2908057635078));
#2808=CARTESIAN_POINT('',(-27.0001612769165,-26.4869705051761,-38.3508884128489));
#2809=CARTESIAN_POINT('',(-27.0045588321474,-26.1605364380778,-39.5498138069199));
#2810=CARTESIAN_POINT('',(-26.9514731959683,-25.8710850522478,-40.761456764974));
#2811=CARTESIAN_POINT('',(-26.8554125469028,-25.6488314882775,-41.8459368659664));
#2812=CARTESIAN_POINT('',(-26.7464455297231,-25.4937257179262,-42.7191689753883));
#2813=CARTESIAN_POINT('',(-26.6333373969048,-25.3817504610084,-43.4521638902263));
#2814=CARTESIAN_POINT('',(-26.5125278115784,-25.2933849727213,-44.1218914400112));
#2815=CARTESIAN_POINT('',(-26.3721782655896,-25.2172625048083,-44.803117224532));
#2816=CARTESIAN_POINT('',(-26.1961606582908,-25.1507586878924,-45.5567023956141));
#2817=CARTESIAN_POINT('',(-25.972222541055,-25.0996711424004,-46.3981400614125));
#2818=CARTESIAN_POINT('',(-25.6968243997222,-25.0720893022955,-47.3057974716292));
#2819=CARTESIAN_POINT('',(-25.3912416593481,-25.0733449421523,-48.1965406646899));
#2820=CARTESIAN_POINT('',(-25.0663691646445,-25.1027352654639,-49.0464878557764));
#2821=CARTESIAN_POINT('',(-24.7353887395872,-25.1522714120806,-49.834943704491));
#2822=CARTESIAN_POINT('',(-24.3889582759044,-25.2209992863107,-50.59319956758));
#2823=CARTESIAN_POINT('',(-24.03080019815,-25.3083753491408,-51.3180882713261));
#2824=CARTESIAN_POINT('',(-23.6657282966466,-25.4087563141318,-52.0047526675044));
#2825=CARTESIAN_POINT('',(-23.3058002817652,-25.515014848125,-52.6383240941829));
#2826=CARTESIAN_POINT('',(-22.9443084267182,-25.6312807930355,-53.2378399125791));
#2827=CARTESIAN_POINT('',(-22.5566286447297,-25.7619006186769,-53.8452670238638));
#2828=CARTESIAN_POINT('',(-22.1021854379388,-25.9203326119498,-54.5159535963038));
#2829=CARTESIAN_POINT('',(-21.5742283833887,-26.1126448811388,-55.243680986018));
#2830=CARTESIAN_POINT('',(-20.9820784512923,-26.3333575705991,-56.0019333108163));
#2831=CARTESIAN_POINT('',(-20.3726482953974,-26.5638296736902,-56.7270897689474));
#2832=CARTESIAN_POINT('',(-19.7270751377958,-26.8098060538616,-57.443092149494));
#2833=CARTESIAN_POINT('',(-18.9966944093841,-27.0871379283746,-58.1975853494503));
#2834=CARTESIAN_POINT('',(-18.0878251377886,-27.4280595026749,-59.0615182953885));
#2835=CARTESIAN_POINT('',(-16.9676327185646,-27.8367474182679,-60.0226077600663));
#2836=CARTESIAN_POINT('',(-15.7228015304317,-28.2693036917103,-60.9689947247129));
#2837=CARTESIAN_POINT('',(-14.4843369586598,-28.6726565859814,-61.8003997645585));
#2838=CARTESIAN_POINT('',(-13.3436425162937,-29.0181607531207,-62.4832042185678));
#2839=CARTESIAN_POINT('',(-12.2001186711597,-29.3398725041438,-63.0981272310215));
#2840=CARTESIAN_POINT('',(-11.1037737386836,-29.6216733405697,-63.6214462063284));
#2841=CARTESIAN_POINT('',(-10.1507190002496,-29.844727200487,-64.0241161089533));
#2842=CARTESIAN_POINT('',(-9.62358163567523,-29.957538727835,-64.227604766601));
#2843=CARTESIAN_POINT('',(-9.42398452984649,-29.9999999957962,-64.3019468734337));
#2844=CARTESIAN_POINT('',(25.8840706009669,-43.3000000000001,-8.90000000009581));
#2845=VECTOR('',#2846,1.);
#2846=DIRECTION('',(-1.,0.,0.));
#2847=CARTESIAN_POINT('',(19.4346815661968,-34.4041558721922,-8.90000000009581));
#2848=VECTOR('',#2849,1.);
#2849=DIRECTION('',(1.,0.,-5.35802781804726E-16));
#2850=AXIS2_PLACEMENT_3D('',#2851,#2852,#2853);
#2851=CARTESIAN_POINT('',(0.,-34.4041558721922,-39.0000000000959));
#2852=DIRECTION('',(0.,-1.,0.));
#2853=DIRECTION('',(0.724426413261594,0.,0.689352139163245));
#2854=CARTESIAN_POINT('',(-4.794486923956,-28.6009247177043,-65.5708865635638));
#2855=CARTESIAN_POINT('',(-4.80964610235793,-28.7563471036321,-65.5681672420667));
#2856=CARTESIAN_POINT('',(-4.83963405827621,-29.0672253572799,-65.5627287660425));
#2857=CARTESIAN_POINT('',(-4.88422176827225,-29.5335862585142,-65.554570808813));
#2858=CARTESIAN_POINT('',(-4.91362376946653,-29.8445296859464,-65.5491320628906));
#2859=CARTESIAN_POINT('',(-4.92818239058752,-30.0000164271365,-65.5464127331995));
#2860=CARTESIAN_POINT('',(-30.,-76.5,-39.2878679656448));
#2861=CARTESIAN_POINT('',(-32.748734815782,-76.5,-39.2878679656447));
#2862=VECTOR('',#2863,1.);
#2863=DIRECTION('',(1.,0.,0.));
#2864=CARTESIAN_POINT('',(-30.,-76.5,-38.7121320343567));
#2865=CARTESIAN_POINT('',(-30.,-76.5000000000001,-38.7121320343567));
#2866=VECTOR('',#2867,1.);
#2867=DIRECTION('',(-1.,0.,0.));
#2868=CARTESIAN_POINT('',(-30.,-76.5,-36.5147186257621));
#2869=CARTESIAN_POINT('',(-30.,-76.5,-36.5147186257621));
#2870=VECTOR('',#2871,1.);
#2871=DIRECTION('',(5.17366633319713E-14,2.58683316659856E-14,-1.));
#2872=CARTESIAN_POINT('',(-24.69497474683,-76.5,-38.7121320343568));
#2873=CARTESIAN_POINT('',(-24.69497474683,-76.5,-38.7121320343568));
#2874=VECTOR('',#2875,1.);
#2875=DIRECTION('',(-0.923879532511292,0.,0.382683432365077));
#2876=CARTESIAN_POINT('',(-19.9979281935496,-76.5,-38.7121320343567));
#2877=VECTOR('',#2878,1.);
#2878=DIRECTION('',(-1.,-9.07646191324875E-15,7.56371826104062E-15));
#2879=CARTESIAN_POINT('',(-24.69497474683,-76.5,-39.2878679656447));
#2880=CARTESIAN_POINT('',(-24.6949747468298,-76.5,-39.2878679656447));
#2881=VECTOR('',#2882,1.);
#2882=DIRECTION('',(1.,0.,0.));
#2883=CARTESIAN_POINT('',(-30.,-76.5,-41.4852813742393));
#2884=CARTESIAN_POINT('',(-30.,-76.5,-41.4852813742393));
#2885=VECTOR('',#2886,1.);
#2886=DIRECTION('',(0.923879532511296,0.,0.382683432365068));
#2887=CARTESIAN_POINT('',(-30.,-76.5,-39.2878679656448));
#2888=VECTOR('',#2889,1.);
#2889=DIRECTION('',(0.,0.,-1.));
#2890=CARTESIAN_POINT('',(-23.0000000002501,-76.5,-44.2125351749627));
#2891=CARTESIAN_POINT('',(-23.0000000002501,-76.5,-41.1999999997261));
#2892=CARTESIAN_POINT('',(-23.00000000025,-76.5,-44.2125351749627));
#2893=VECTOR('',#2894,1.);
#2894=DIRECTION('',(-3.77379287239979E-14,0.,1.));
#2895=CARTESIAN_POINT('',(-24.5328728577599,-76.5,-44.2125351749627));
#2896=CARTESIAN_POINT('',(-24.5328728577599,-76.5,-44.2125351749627));
#2897=VECTOR('',#2898,1.);
#2898=DIRECTION('',(1.,0.,0.));
#2899=CARTESIAN_POINT('',(-24.5328728577599,-76.5,-41.1999999997261));
#2900=CARTESIAN_POINT('',(-24.53287285776,-76.5,-41.1999999997261));
#2901=VECTOR('',#2902,1.);
#2902=DIRECTION('',(0.,0.,-1.));
#2903=CARTESIAN_POINT('',(-23.0000000002499,-76.5,-41.1999999997261));
#2904=VECTOR('',#2905,1.);
#2905=DIRECTION('',(-1.,3.70829312961754E-14,0.));
#2906=CARTESIAN_POINT('',(-23.676250588308,-76.5,-23.2102204462611));
#2907=CARTESIAN_POINT('',(-23.22149046293,-76.5,-21.7862799321759));
#2908=CARTESIAN_POINT('',(-23.676250588308,-76.5,-23.2102204462612));
#2909=VECTOR('',#2910,1.);
#2910=DIRECTION('',(0.304229005594682,-3.80275574518552E-14,0.952598925127921));
#2911=CARTESIAN_POINT('',(-24.4080994658002,-76.5,-23.1935331726655));
#2912=CARTESIAN_POINT('',(-24.4080994658002,-76.5,-23.1935331726655));
#2913=CARTESIAN_POINT('',(-24.2137577127603,-76.5,-23.1142820860304));
#2914=CARTESIAN_POINT('',(-23.96980808693,-76.5,-23.1198445105619));
#2915=CARTESIAN_POINT('',(-23.67625058831,-76.5,-23.2102204462605));
#2916=CARTESIAN_POINT('',(-23.29802948827,-76.5,-25.7017421051558));
#2917=CARTESIAN_POINT('',(-23.29802948827,-76.5,-25.7017421051558));
#2918=CARTESIAN_POINT('',(-24.1141835624101,-76.5,-25.2756402365346));
#2919=CARTESIAN_POINT('',(-24.60982451466,-76.5,-24.9000627812958));
#2920=CARTESIAN_POINT('',(-24.9607013576201,-76.5,-24.2535576958784));
#2921=CARTESIAN_POINT('',(-24.98190170005,-76.5,-23.9439268071959));
#2922=CARTESIAN_POINT('',(-24.7513239561099,-76.5,-23.426040715066));
#2923=CARTESIAN_POINT('',(-24.6032736294701,-76.5,-23.2746538841822));
#2924=CARTESIAN_POINT('',(-24.4080994658002,-76.5,-23.1935331726655));
#2925=CARTESIAN_POINT('',(-18.48884175393,-76.5,-24.520657526751));
#2926=CARTESIAN_POINT('',(-18.4888417539294,-76.5,-24.520657526751));
#2927=CARTESIAN_POINT('',(-18.531124738922,-76.5,-24.4248344880293));
#2928=CARTESIAN_POINT('',(-18.5734077239146,-76.5,-24.3290114493077));
#2929=CARTESIAN_POINT('',(-18.673540347271,-76.5,-24.1498567408271));
#2930=CARTESIAN_POINT('',(-18.7287741292875,-76.5,-24.0647330601528));
#2931=CARTESIAN_POINT('',(-18.8503879343743,-76.5,-23.9007329436434));
#2932=CARTESIAN_POINT('',(-18.9177252832118,-76.5,-23.8208063267624));
#2933=CARTESIAN_POINT('',(-19.062608930895,-76.5,-23.6693212826852));
#2934=CARTESIAN_POINT('',(-19.1417367378836,-76.5,-23.5965884054615));
#2935=CARTESIAN_POINT('',(-19.3139971166207,-76.5,-23.4543200497484));
#2936=CARTESIAN_POINT('',(-19.409798294421,-76.5,-23.3859444102328));
#2937=CARTESIAN_POINT('',(-19.6184469481196,-76.5,-23.251042728502));
#2938=CARTESIAN_POINT('',(-19.7351587508368,-76.5,-23.186585435944));
#2939=CARTESIAN_POINT('',(-19.9906084474529,-76.5,-23.0596358133681));
#2940=CARTESIAN_POINT('',(-20.1318401147751,-76.5,-22.9987275323065));
#2941=CARTESIAN_POINT('',(-20.4114924053104,-76.5,-22.9028716946983));
#2942=CARTESIAN_POINT('',(-20.5499934741774,-76.5,-22.8634389914555));
#2943=CARTESIAN_POINT('',(-20.8057690026367,-76.5,-22.8136255098889));
#2944=CARTESIAN_POINT('',(-20.9245734261929,-76.5,-22.7970350143102));
#2945=CARTESIAN_POINT('',(-21.147315613824,-76.5,-22.7832684683825));
#2946=CARTESIAN_POINT('',(-21.2528465106148,-76.5,-22.7830484988802));
#2947=CARTESIAN_POINT('',(-21.4607840727404,-76.5,-22.796364685313));
#2948=CARTESIAN_POINT('',(-21.5649766491334,-76.5,-22.8101309203508));
#2949=CARTESIAN_POINT('',(-21.7642082196079,-76.5,-22.848617953784));
#2950=CARTESIAN_POINT('',(-21.8610368866988,-76.5,-22.8739664123027));
#2951=CARTESIAN_POINT('',(-22.0596281851605,-76.5,-22.939674504196));
#2952=CARTESIAN_POINT('',(-22.1628455669346,-76.5,-22.9796683471398));
#2953=CARTESIAN_POINT('',(-22.358167407687,-76.5,-23.0725171669958));
#2954=CARTESIAN_POINT('',(-22.452683994105,-76.5,-23.1254305185503));
#2955=CARTESIAN_POINT('',(-22.6189505416238,-76.5,-23.2317438399078));
#2956=CARTESIAN_POINT('',(-22.6914907902876,-76.5,-23.2868732904439));
#2957=CARTESIAN_POINT('',(-22.8278454286054,-76.5,-23.4026596909139));
#2958=CARTESIAN_POINT('',(-22.8915465178488,-76.5,-23.4644982546411));
#2959=CARTESIAN_POINT('',(-23.0096969083743,-76.5,-23.5942885251705));
#2960=CARTESIAN_POINT('',(-23.06520067867,-76.5,-23.6636888031975));
#2961=CARTESIAN_POINT('',(-23.1683072384887,-76.5,-23.8107479387103));
#2962=CARTESIAN_POINT('',(-23.217092268667,-76.5,-23.8896245310932));
#2963=CARTESIAN_POINT('',(-23.3051595702219,-76.5,-24.0552100577218));
#2964=CARTESIAN_POINT('',(-23.3452722665125,-76.5,-24.1429684760655));
#2965=CARTESIAN_POINT('',(-23.4096376890426,-76.5,-24.3102155270464));
#2966=CARTESIAN_POINT('',(-23.4340798928564,-76.5,-24.3913944026271));
#2967=CARTESIAN_POINT('',(-23.4714070229485,-76.5,-24.5477548123639));
#2968=CARTESIAN_POINT('',(-23.4837232058063,-76.5,-24.6242067745225));
#2969=CARTESIAN_POINT('',(-23.4987620180704,-76.5,-24.7731293021287));
#2970=CARTESIAN_POINT('',(-23.5007913612167,-76.5,-24.8470193255879));
#2971=CARTESIAN_POINT('',(-23.4965515543269,-76.5,-24.9901580036026));
#2972=CARTESIAN_POINT('',(-23.4899391990562,-76.5,-25.0608132246202));
#2973=CARTESIAN_POINT('',(-23.4661511010922,-76.5,-25.2088017377617));
#2974=CARTESIAN_POINT('',(-23.4494745131235,-76.5,-25.2871064739242));
#2975=CARTESIAN_POINT('',(-23.4030404431347,-76.5,-25.4470767702883));
#2976=CARTESIAN_POINT('',(-23.370629539751,-76.5,-25.5287289412111));
#2977=CARTESIAN_POINT('',(-23.3275471095612,-76.5,-25.6414496352488));
#2978=CARTESIAN_POINT('',(-23.3127882989156,-76.5,-25.6715958702023));
#2979=CARTESIAN_POINT('',(-23.29802948827,-76.5,-25.7017421051558));
#2980=CARTESIAN_POINT('',(-20.2334625266799,-76.5,-27.9510692229893));
#2981=CARTESIAN_POINT('',(-20.2334625266799,-76.5,-27.9510692229893));
#2982=CARTESIAN_POINT('',(-19.44909260287,-76.5,-27.7290325303976));
#2983=CARTESIAN_POINT('',(-18.8914693276899,-76.5,-27.2514653055471));
#2984=CARTESIAN_POINT('',(-18.25634001858,-76.5,-25.8249415210881));
#2985=CARTESIAN_POINT('',(-18.2320090302101,-76.5,-25.1614627458257));
#2986=CARTESIAN_POINT('',(-18.48884175393,-76.5,-24.520657526751));
#2987=CARTESIAN_POINT('',(-24.88475563061,-76.5,-21.8791150934062));
#2988=CARTESIAN_POINT('',(-24.88475563061,-76.5,-21.8791150934062));
#2989=CARTESIAN_POINT('',(-25.35743343336,-76.5,-22.1055117810292));
#2990=CARTESIAN_POINT('',(-25.71738531298,-76.5,-22.4963494197188));
#2991=CARTESIAN_POINT('',(-26.3167209651001,-76.5,-23.8424793342806));
#2992=CARTESIAN_POINT('',(-26.3064881457601,-76.5,-24.6165734323723));
#2993=CARTESIAN_POINT('',(-25.56537457278,-76.5,-26.1349682872661));
#2994=CARTESIAN_POINT('',(-24.7105263369001,-76.5,-26.8112826556179));
#2995=CARTESIAN_POINT('',(-22.06313750493,-76.5,-27.989976104777));
#2996=CARTESIAN_POINT('',(-21.0188696647499,-76.5,-28.1704038800719));
#2997=CARTESIAN_POINT('',(-20.2334625266799,-76.5,-27.9510692229893));
#2998=CARTESIAN_POINT('',(-23.22149046293,-76.5,-21.7862799321759));
#2999=CARTESIAN_POINT('',(-23.3842748193947,-76.5,-21.7498163750767));
#3000=CARTESIAN_POINT('',(-23.5470591758595,-76.5,-21.7133528179776));
#3001=CARTESIAN_POINT('',(-23.8342860432474,-76.5,-21.6863349031623));
#3002=CARTESIAN_POINT('',(-23.958971037002,-76.5,-21.6808621289784));
#3003=CARTESIAN_POINT('',(-24.1814228696902,-76.5,-21.6909940890991));
#3004=CARTESIAN_POINT('',(-24.2818236575295,-76.5,-21.7017880533772));
#3005=CARTESIAN_POINT('',(-24.4701464786034,-76.5,-21.7346479537115));
#3006=CARTESIAN_POINT('',(-24.5589849197943,-76.5,-21.7572958130884));
#3007=CARTESIAN_POINT('',(-24.7272396347844,-76.5,-21.8106951536661));
#3008=CARTESIAN_POINT('',(-24.8059976326972,-76.5,-21.8449051235362));
#3009=CARTESIAN_POINT('',(-24.88475563061,-76.5,-21.8791150934062));
#3010=CARTESIAN_POINT('',(-22.9999999998699,-76.5,-31.206753645899));
#3011=CARTESIAN_POINT('',(-24.3956420049899,-76.5,-31.206753645899));
#3012=CARTESIAN_POINT('',(-22.9999999998702,-76.5,-31.206753645899));
#3013=VECTOR('',#3014,1.);
#3014=DIRECTION('',(-1.,0.,-5.09115326963196E-15));
#3015=CARTESIAN_POINT('',(-22.9999999998699,-76.5,-33.2860578157634));
#3016=CARTESIAN_POINT('',(-22.9999999998699,-76.5,-33.2860578157634));
#3017=VECTOR('',#3018,1.);
#3018=DIRECTION('',(-1.70860700915737E-15,0.,1.));
#3019=CARTESIAN_POINT('',(-20.8983514085801,-76.5,-33.2860578157634));
#3020=CARTESIAN_POINT('',(-20.8983514085799,-76.5,-33.2860578157634));
#3021=VECTOR('',#3022,1.);
#3022=DIRECTION('',(-1.,0.,-3.38088269706336E-15));
#3023=CARTESIAN_POINT('',(-20.8983514085801,-76.5,-34.720695830601));
#3024=CARTESIAN_POINT('',(-20.8983514085801,-76.5,-34.720695830601));
#3025=VECTOR('',#3026,1.);
#3026=DIRECTION('',(-8.41970335582481E-14,-3.96221334391756E-14,1.));
#3027=CARTESIAN_POINT('',(-22.9999999998699,-76.5,-34.720695830601));
#3028=CARTESIAN_POINT('',(-22.9999999998699,-76.5000000000001,-34.720695830601));
#3029=VECTOR('',#3030,1.);
#3030=DIRECTION('',(1.,2.70470615765156E-14,3.38088269706445E-15));
#3031=CARTESIAN_POINT('',(-22.9999999998699,-76.5,-36.8000000004654));
#3032=CARTESIAN_POINT('',(-22.9999999998699,-76.5,-36.8000000004654));
#3033=VECTOR('',#3034,1.);
#3034=DIRECTION('',(-3.4172140183148E-15,0.,1.));
#3035=CARTESIAN_POINT('',(-24.3956420049899,-76.5,-36.8000000004654));
#3036=CARTESIAN_POINT('',(-24.3956420049901,-76.5000000000001,-36.8000000004654));
#3037=VECTOR('',#3038,1.);
#3038=DIRECTION('',(1.,0.,5.09115326963031E-15));
#3039=CARTESIAN_POINT('',(-24.3956420049899,-76.5,-34.720695830601));
#3040=CARTESIAN_POINT('',(-24.3956420049899,-76.5000000000001,-34.720695830601));
#3041=VECTOR('',#3042,1.);
#3042=DIRECTION('',(5.8092638311351E-14,5.46754242930363E-14,-1.));
#3043=CARTESIAN_POINT('',(-26.49115140858,-76.5,-34.720695830601));
#3044=CARTESIAN_POINT('',(-26.4911514085798,-76.4999999999999,-34.720695830601));
#3045=VECTOR('',#3046,1.);
#3046=DIRECTION('',(1.,-5.42526020293057E-14,3.39078762683161E-15));
#3047=CARTESIAN_POINT('',(-26.49115140858,-76.5,-33.2860578157635));
#3048=CARTESIAN_POINT('',(-26.4911514085801,-76.5000000000001,-33.2860578157635));
#3049=VECTOR('',#3050,1.);
#3050=DIRECTION('',(8.17206502183E-14,0.,-1.));
#3051=CARTESIAN_POINT('',(-24.3956420049899,-76.5,-33.2860578157634));
#3052=CARTESIAN_POINT('',(-24.3956420049899,-76.5,-33.2860578157634));
#3053=VECTOR('',#3054,1.);
#3054=DIRECTION('',(-1.,-2.7126301014644E-14,-3.3907876268305E-15));
#3055=CARTESIAN_POINT('',(-24.3956420049899,-76.5,-31.206753645899));
#3056=VECTOR('',#3057,1.);
#3057=DIRECTION('',(-5.12582102747213E-14,-2.7337712146518E-14,-1.));
#3058=CARTESIAN_POINT('',(-18.5549806561701,-76.5,-22.3898673736028));
#3059=CARTESIAN_POINT('',(-17.1546316200488,-76.5,-23.0133429339282));
#3060=CARTESIAN_POINT('',(-18.5549806561701,-76.5,-22.3898673736028));
#3061=VECTOR('',#3062,1.);
#3062=DIRECTION('',(0.91354545764258,0.,-0.406736643075847));
#3063=CARTESIAN_POINT('',(-17.9315050958412,-76.5,-20.9895183374819));
#3064=CARTESIAN_POINT('',(-17.9315050958422,-76.5,-20.9895183374815));
#3065=VECTOR('',#3066,1.);
#3066=DIRECTION('',(-0.406736643077253,0.,-0.913545457641954));
#3067=CARTESIAN_POINT('',(-16.5311560597199,-76.5,-21.6129938978073));
#3068=CARTESIAN_POINT('',(-16.5311560597199,-76.5,-21.6129938978073));
#3069=VECTOR('',#3070,1.);
#3070=DIRECTION('',(-0.913545457642578,0.,0.406736643075853));
#3071=CARTESIAN_POINT('',(-17.1546316200478,-76.5,-23.0133429339286));
#3072=VECTOR('',#3073,1.);
#3073=DIRECTION('',(0.406736643077181,0.,0.913545457641986));
#3074=CARTESIAN_POINT('',(-2.02538905906772,-43.3000000000002,-8.00000000009601));
#3075=CARTESIAN_POINT('',(-1.77424258019505,-39.7084380241124,-8.00000000009601));
#3076=CARTESIAN_POINT('',(-2.02538905906638,-43.3000000000002,-8.00000000009601));
#3077=VECTOR('',#3078,1.);
#3078=DIRECTION('',(0.0697564737441162,0.997564050259825,0.));
#3079=CARTESIAN_POINT('',(-2.02538905906638,-43.3000000000002,-6.31268901923644));
#3080=VECTOR('',#3081,1.);
#3081=DIRECTION('',(0.,0.,-1.));
#3082=CARTESIAN_POINT('',(-1.77424258019504,-39.7084380241122,-8.00000000009601));
#3083=VECTOR('',#3084,1.);
#3084=DIRECTION('',(0.,0.,1.));
#3085=CARTESIAN_POINT('',(-3.77912637635927,-39.7084380241121,-8.00000000009601));
#3086=CARTESIAN_POINT('',(-1.77424258019505,-39.708438024112,-8.00000000009601));
#3087=VECTOR('',#3088,1.);
#3088=DIRECTION('',(-1.,-2.83524755746751E-14,0.));
#3089=CARTESIAN_POINT('',(-3.77912637635888,-39.7084380241121,-8.00000000009601));
#3090=VECTOR('',#3091,1.);
#3091=DIRECTION('',(-2.32017500766661E-15,-3.71228001226658E-14,1.));
#3092=CARTESIAN_POINT('',(-4.03027285522944,-43.3000000000002,-8.00000000009601));
#3093=CARTESIAN_POINT('',(-4.0302728552292,-43.3000000000002,-8.00000000009601));
#3094=VECTOR('',#3095,1.);
#3095=DIRECTION('',(0.0697564737441454,0.997564050259823,0.));
#3096=CARTESIAN_POINT('',(-4.03027285522919,-43.3000000000001,-6.49893231436587));
#3097=VECTOR('',#3098,1.);
#3098=DIRECTION('',(-2.36679112645904E-15,-3.78686580233447E-14,-1.));
#3099=CARTESIAN_POINT('',(-4.03027285522921,-43.3,-8.00000000009601));
#3100=VECTOR('',#3101,1.);
#3101=DIRECTION('',(1.,-2.83524755747137E-14,1.77202972341961E-15));
#3102=CARTESIAN_POINT('',(-30.,-76.3000000000002,-39.0000000000007));
#3103=CARTESIAN_POINT('',(-30.,-76.362132034356,-39.1500000000007));
#3104=AXIS2_PLACEMENT_3D('',#3105,#3106,#3107);
#3105=CARTESIAN_POINT('',(-30.,-76.512132034356,-39.0000000000007));
#3106=DIRECTION('',(-1.,0.,0.));
#3107=DIRECTION('',(0.,1.,0.));
#3108=CARTESIAN_POINT('',(-30.,-76.362132034356,-39.1500000000007));
#3109=VECTOR('',#3110,1.);
#3110=DIRECTION('',(0.,-0.707106781186475,-0.70710678118662));
#3111=CARTESIAN_POINT('',(-30.,-76.3000000000002,-41.4852813742393));
#3112=CARTESIAN_POINT('',(-30.,-76.5,-41.4852813742393));
#3113=VECTOR('',#3114,1.);
#3114=DIRECTION('',(0.,1.,0.));
#3115=CARTESIAN_POINT('',(-30.,-76.3000000000002,-41.4852813742393));
#3116=VECTOR('',#3117,1.);
#3117=DIRECTION('',(0.,0.,1.));
#3118=CARTESIAN_POINT('',(-29.9999999999998,-76.362132034356,-39.1500000000007));
#3119=VECTOR('',#3120,1.);
#3120=DIRECTION('',(-1.,0.,0.));
#3121=CARTESIAN_POINT('',(-30.,-76.362132034356,-38.8500000000007));
#3122=CARTESIAN_POINT('',(-32.7496564867477,-76.3621320343561,-38.8500000000007));
#3123=VECTOR('',#3124,1.);
#3124=DIRECTION('',(1.,0.,0.));
#3125=CARTESIAN_POINT('',(-30.,-76.3621320343561,-38.8500000000007));
#3126=VECTOR('',#3127,1.);
#3127=DIRECTION('',(0.,-0.707106781186402,0.707106781186693));
#3128=CARTESIAN_POINT('',(-30.,-76.3000000000002,-36.5147186257621));
#3129=CARTESIAN_POINT('',(-30.,-76.3000000000002,-39.0000000000007));
#3130=VECTOR('',#3131,1.);
#3131=DIRECTION('',(4.57440509151391E-14,0.,1.));
#3132=CARTESIAN_POINT('',(-30.,-76.3000000000002,-36.5147186257621));
#3133=VECTOR('',#3134,1.);
#3134=DIRECTION('',(0.,-1.,0.));
#3135=AXIS2_PLACEMENT_3D('',#3136,#3137,#3138);
#3136=CARTESIAN_POINT('',(-30.,-76.512132034356,-39.0000000000007));
#3137=DIRECTION('',(-1.,0.,0.));
#3138=DIRECTION('',(0.,0.707106781186497,0.707106781186598));
#3139=CARTESIAN_POINT('',(-24.,-76.3000000000002,-39.0000000000007));
#3140=CARTESIAN_POINT('',(-24.3621320343545,-76.3621320343555,-38.8500000000013));
#3141=CARTESIAN_POINT('',(-24.,-76.3,-39.0000000000007));
#3142=CARTESIAN_POINT('',(-24.1376411699554,-76.3,-38.9429871606643));
#3143=CARTESIAN_POINT('',(-24.2648050297083,-76.3218178690461,-38.8903141653109));
#3144=CARTESIAN_POINT('',(-24.3621320343546,-76.3621320343554,-38.8500000000013));
#3145=CARTESIAN_POINT('',(-24.3621320343539,-76.3621320343567,-38.8500000000011));
#3146=VECTOR('',#3147,1.);
#3147=DIRECTION('',(-0.862856209462385,-0.357406744333763,0.357406744336121));
#3148=CARTESIAN_POINT('',(-30.,-76.3000000000002,-36.5147186257621));
#3149=VECTOR('',#3150,1.);
#3150=DIRECTION('',(0.923879532511287,0.,-0.38268343236509));
#3151=CARTESIAN_POINT('',(-24.3621320343545,-76.362132034356,-38.8500000000007));
#3152=VECTOR('',#3153,1.);
#3153=DIRECTION('',(1.,0.,0.));
#3154=CARTESIAN_POINT('',(-24.362132034353,-76.362132034356,-39.1500000000007));
#3155=CARTESIAN_POINT('',(-19.9994374920896,-76.362132034356,-39.1500000000007));
#3156=VECTOR('',#3157,1.);
#3157=DIRECTION('',(-1.,-6.51471450844623E-15,-8.14339313555778E-15));
#3158=CARTESIAN_POINT('',(-24.3621320343527,-76.3621320343569,-39.1500000000006));
#3159=VECTOR('',#3160,1.);
#3160=DIRECTION('',(-0.862856209463525,-0.357406744332341,-0.357406744334791));
#3161=CARTESIAN_POINT('',(-24.,-76.3000000000002,-39.0000000000007));
#3162=VECTOR('',#3163,1.);
#3163=DIRECTION('',(-0.923879532511287,0.,-0.38268343236509));
#3164=CARTESIAN_POINT('',(-24.3621320343537,-76.3621320343551,-39.1499999999998));
#3165=CARTESIAN_POINT('',(-24.2648050297075,-76.3218178690459,-39.1096858346902));
#3166=CARTESIAN_POINT('',(-24.137641169955,-76.3,-39.057012839337));
#3167=CARTESIAN_POINT('',(-24.,-76.3,-39.0000000000007));
#3168=CARTESIAN_POINT('',(-24.5328728577599,-76.4000000000001,-41.1999999997261));
#3169=CARTESIAN_POINT('',(-23.0000000002501,-76.4000000000001,-41.1999999997261));
#3170=CARTESIAN_POINT('',(-24.5328728577599,-76.4,-41.1999999997261));
#3171=VECTOR('',#3172,1.);
#3172=DIRECTION('',(1.,-3.70829312961754E-14,0.));
#3173=CARTESIAN_POINT('',(-23.0000000002502,-76.5,-41.199999999726));
#3174=VECTOR('',#3175,1.);
#3175=DIRECTION('',(1.13686837721719E-12,1.,0.));
#3176=CARTESIAN_POINT('',(-24.5328728577599,-76.4000000000001,-41.1999999997261));
#3177=VECTOR('',#3178,1.);
#3178=DIRECTION('',(0.,-1.,0.));
#3179=CARTESIAN_POINT('',(-23.0000000002501,-76.4000000000001,-44.2125351749627));
#3180=CARTESIAN_POINT('',(-23.0000000002501,-76.4000000000001,-44.2125351749627));
#3181=VECTOR('',#3182,1.);
#3182=DIRECTION('',(-3.77379287239979E-14,0.,1.));
#3183=CARTESIAN_POINT('',(-23.0000000002502,-76.5,-44.2125351749627));
#3184=VECTOR('',#3185,1.);
#3185=DIRECTION('',(1.13686837721719E-12,1.,0.));
#3186=CARTESIAN_POINT('',(-24.5328728577599,-76.4000000000001,-44.2125351749627));
#3187=CARTESIAN_POINT('',(-24.5328728577599,-76.4000000000001,-44.2125351749627));
#3188=VECTOR('',#3189,1.);
#3189=DIRECTION('',(1.,0.,0.));
#3190=CARTESIAN_POINT('',(-24.5328728577599,-76.5,-44.2125351749627));
#3191=VECTOR('',#3192,1.);
#3192=DIRECTION('',(0.,1.,0.));
#3193=CARTESIAN_POINT('',(-24.5328728577599,-76.4000000000001,-41.1999999997261));
#3194=VECTOR('',#3195,1.);
#3195=DIRECTION('',(0.,0.,-1.));
#3196=CARTESIAN_POINT('',(-24.88475563061,-76.4000000000001,-21.8791150934062));
#3197=CARTESIAN_POINT('',(-23.22149046293,-76.4000000000001,-21.7862799321759));
#3198=CARTESIAN_POINT('',(-24.8847556306096,-76.4000000000001,-21.8791150934062));
#3199=CARTESIAN_POINT('',(-24.8097189099122,-76.4000000000001,-21.8465220487521));
#3200=CARTESIAN_POINT('',(-24.7346821892149,-76.4000000000001,-21.813929004098));
#3201=CARTESIAN_POINT('',(-24.5748829525567,-76.4000000000001,-21.7622337792466));
#3202=CARTESIAN_POINT('',(-24.4902774280739,-76.4000000000001,-21.740126838827));
#3203=CARTESIAN_POINT('',(-24.3146703969564,-76.4000000000001,-21.7068386084106));
#3204=CARTESIAN_POINT('',(-24.2224367150258,-76.4000000000001,-21.6948902735999));
#3205=CARTESIAN_POINT('',(-24.0335884056814,-76.4000000000001,-21.6829228779217));
#3206=CARTESIAN_POINT('',(-23.9360210126953,-76.4000000000001,-21.682481343233));
#3207=CARTESIAN_POINT('',(-23.7289969666123,-76.4000000000001,-21.6945053994509));
#3208=CARTESIAN_POINT('',(-23.6186968806535,-76.4000000000001,-21.7077853545795));
#3209=CARTESIAN_POINT('',(-23.4129227040961,-76.4000000000001,-21.7405029213657));
#3210=CARTESIAN_POINT('',(-23.3172065835128,-76.4000000000001,-21.7633914267708));
#3211=CARTESIAN_POINT('',(-23.2214904629295,-76.4000000000001,-21.7862799321759));
#3212=CARTESIAN_POINT('',(-23.22149046293,-76.4000000000001,-21.7862799321759));
#3213=CARTESIAN_POINT('',(-23.22149046293,-76.5,-21.7862799321759));
#3214=CARTESIAN_POINT('',(-24.88475563061,-76.5,-21.8791150934062));
#3215=CARTESIAN_POINT('',(-24.88475563061,-76.4000000000001,-21.8791150934062));
#3216=CARTESIAN_POINT('',(-23.676250588308,-76.4000000000001,-23.2102204462611));
#3217=CARTESIAN_POINT('',(-23.22149046293,-76.4000000000001,-21.7862799321759));
#3218=VECTOR('',#3219,1.);
#3219=DIRECTION('',(-0.304229005593315,0.,-0.952598925128358));
#3220=CARTESIAN_POINT('',(-23.676250588306,-76.4000000000001,-23.2102204462619));
#3221=CARTESIAN_POINT('',(-23.676250588306,-76.5,-23.2102204462619));
#3222=CARTESIAN_POINT('',(-24.4080994658002,-76.4000000000001,-23.1935331726655));
#3223=CARTESIAN_POINT('',(-23.67625058831,-76.4000000000001,-23.2102204462605));
#3224=CARTESIAN_POINT('',(-23.96980808693,-76.4000000000001,-23.1198445105619));
#3225=CARTESIAN_POINT('',(-24.2137577127603,-76.4000000000001,-23.1142820860304));
#3226=CARTESIAN_POINT('',(-24.4080994658002,-76.4000000000001,-23.1935331726655));
#3227=CARTESIAN_POINT('',(-24.4080994658002,-76.4000000000001,-23.1935331726655));
#3228=CARTESIAN_POINT('',(-24.4080994658002,-76.5,-23.1935331726655));
#3229=CARTESIAN_POINT('',(-23.29802948827,-76.4000000000001,-25.7017421051558));
#3230=CARTESIAN_POINT('',(-24.4080994658002,-76.4000000000001,-23.1935331726655));
#3231=CARTESIAN_POINT('',(-24.4389789368363,-76.4000000000001,-23.2075630721157));
#3232=CARTESIAN_POINT('',(-24.4698584078723,-76.4000000000001,-23.2215929715659));
#3233=CARTESIAN_POINT('',(-24.5273538396579,-76.4000000000001,-23.2546684188944));
#3234=CARTESIAN_POINT('',(-24.5545744379932,-76.4000000000001,-23.2729244317764));
#3235=CARTESIAN_POINT('',(-24.606001194049,-76.4000000000001,-23.3121401979998));
#3236=CARTESIAN_POINT('',(-24.630474160991,-76.4000000000001,-23.3334646230847));
#3237=CARTESIAN_POINT('',(-24.6773060142268,-76.4000000000001,-23.3797485829937));
#3238=CARTESIAN_POINT('',(-24.7001608763154,-76.4000000000001,-23.4051173772942));
#3239=CARTESIAN_POINT('',(-24.7438611753329,-76.4000000000001,-23.4604602007228));
#3240=CARTESIAN_POINT('',(-24.7651227406376,-76.4000000000001,-23.4906820150521));
#3241=CARTESIAN_POINT('',(-24.8054104569421,-76.4000000000001,-23.5562633752839));
#3242=CARTESIAN_POINT('',(-24.825132178447,-76.4000000000001,-23.5918003746506));
#3243=CARTESIAN_POINT('',(-24.860519966772,-76.4000000000001,-23.6687443277679));
#3244=CARTESIAN_POINT('',(-24.8771141965204,-76.4000000000001,-23.7105567647977));
#3245=CARTESIAN_POINT('',(-24.9036228390009,-76.4000000000001,-23.794055968776));
#3246=CARTESIAN_POINT('',(-24.9138164895637,-76.4000000000001,-23.836468620005));
#3247=CARTESIAN_POINT('',(-24.9282829996156,-76.4000000000001,-23.9165787213438));
#3248=CARTESIAN_POINT('',(-24.9322808421451,-76.4000000000001,-23.9549830674486));
#3249=CARTESIAN_POINT('',(-24.9357011944945,-76.4000000000001,-24.0334913619783));
#3250=CARTESIAN_POINT('',(-24.9350915030544,-76.4000000000001,-24.0741790727339));
#3251=CARTESIAN_POINT('',(-24.9281957155249,-76.4000000000001,-24.1566787851445));
#3252=CARTESIAN_POINT('',(-24.9221013472057,-76.4000000000001,-24.1991232140168));
#3253=CARTESIAN_POINT('',(-24.9040398095493,-76.4000000000001,-24.2840323183505));
#3254=CARTESIAN_POINT('',(-24.8920717251224,-76.4000000000001,-24.3271138242037));
#3255=CARTESIAN_POINT('',(-24.8615627149762,-76.4000000000001,-24.4153154150921));
#3256=CARTESIAN_POINT('',(-24.8432247548824,-76.4000000000001,-24.461484810244));
#3257=CARTESIAN_POINT('',(-24.796803298744,-76.4000000000001,-24.5561165956633));
#3258=CARTESIAN_POINT('',(-24.7688891126589,-76.4000000000001,-24.6055934814194));
#3259=CARTESIAN_POINT('',(-24.7151101378219,-76.4000000000001,-24.6888926739925));
#3260=CARTESIAN_POINT('',(-24.688088363828,-76.4000000000001,-24.7225239104262));
#3261=CARTESIAN_POINT('',(-24.6286562312567,-76.4000000000001,-24.7926425998727));
#3262=CARTESIAN_POINT('',(-24.5953499212902,-76.4000000000001,-24.8293617602295));
#3263=CARTESIAN_POINT('',(-24.5044827433514,-76.4000000000001,-24.9167115630571));
#3264=CARTESIAN_POINT('',(-24.4474811269145,-76.4000000000001,-24.969149252365));
#3265=CARTESIAN_POINT('',(-24.3027074008377,-76.4000000000001,-25.0858101830844));
#3266=CARTESIAN_POINT('',(-24.2151532247694,-76.4000000000001,-25.1507734444278));
#3267=CARTESIAN_POINT('',(-23.9949153259283,-76.4000000000001,-25.3047534888658));
#3268=CARTESIAN_POINT('',(-23.8577806262152,-76.4000000000001,-25.3882851627624));
#3269=CARTESIAN_POINT('',(-23.5819055948389,-76.4000000000001,-25.5510913368753));
#3270=CARTESIAN_POINT('',(-23.4399675415545,-76.4000000000001,-25.6264167210156));
#3271=CARTESIAN_POINT('',(-23.29802948827,-76.4000000000001,-25.7017421051558));
#3272=CARTESIAN_POINT('',(-23.29802948827,-76.4,-25.7017421051558));
#3273=CARTESIAN_POINT('',(-23.29802948827,-76.5000000000002,-25.7017421051558));
#3274=CARTESIAN_POINT('',(-18.48884175393,-76.4000000000001,-24.520657526751));
#3275=CARTESIAN_POINT('',(-23.29802948827,-76.4000000000001,-25.7017421051558));
#3276=CARTESIAN_POINT('',(-23.5536861747401,-76.4000000000001,-25.1689919141998));
#3277=CARTESIAN_POINT('',(-23.5662256460103,-76.4000000000001,-24.6436737726569));
#3278=CARTESIAN_POINT('',(-23.07510337552,-76.4000000000001,-23.5405950926691));
#3279=CARTESIAN_POINT('',(-22.62953196636,-76.4000000000001,-23.1385924891955));
#3280=CARTESIAN_POINT('',(-21.3683353827801,-76.4000000000001,-22.7009672510179));
#3281=CARTESIAN_POINT('',(-20.699260929,-76.4000000000001,-22.7479517377131));
#3282=CARTESIAN_POINT('',(-19.2484320210899,-76.4000000000001,-23.3939023849924));
#3283=CARTESIAN_POINT('',(-18.74650688827,-76.4000000000001,-23.8817219325577));
#3284=CARTESIAN_POINT('',(-18.48884175393,-76.4000000000001,-24.520657526751));
#3285=CARTESIAN_POINT('',(-18.48884175393,-76.3999999999999,-24.520657526751));
#3286=CARTESIAN_POINT('',(-18.48884175393,-76.5000000000001,-24.520657526751));
#3287=CARTESIAN_POINT('',(-20.2334625266799,-76.4000000000001,-27.9510692229893));
#3288=CARTESIAN_POINT('',(-18.48884175393,-76.4000000000001,-24.520657526751));
#3289=CARTESIAN_POINT('',(-18.2320090302101,-76.4000000000001,-25.1614627458257));
#3290=CARTESIAN_POINT('',(-18.25634001858,-76.4000000000001,-25.8249415210881));
#3291=CARTESIAN_POINT('',(-18.8914693276899,-76.4000000000001,-27.2514653055471));
#3292=CARTESIAN_POINT('',(-19.44909260287,-76.4000000000001,-27.7290325303976));
#3293=CARTESIAN_POINT('',(-20.2334625266799,-76.4000000000001,-27.9510692229893));
#3294=CARTESIAN_POINT('',(-20.2334625266799,-76.4000000000001,-27.9510692229893));
#3295=CARTESIAN_POINT('',(-20.2334625266799,-76.5,-27.9510692229893));
#3296=CARTESIAN_POINT('',(-20.2334625266799,-76.4000000000001,-27.9510692229893));
#3297=CARTESIAN_POINT('',(-21.0188696647499,-76.4000000000001,-28.1704038800719));
#3298=CARTESIAN_POINT('',(-22.06313750493,-76.4000000000001,-27.989976104777));
#3299=CARTESIAN_POINT('',(-24.7105263369001,-76.4000000000001,-26.8112826556179));
#3300=CARTESIAN_POINT('',(-25.56537457278,-76.4000000000001,-26.1349682872661));
#3301=CARTESIAN_POINT('',(-26.3064881457601,-76.4000000000001,-24.6165734323723));
#3302=CARTESIAN_POINT('',(-26.3167209651001,-76.4000000000001,-23.8424793342806));
#3303=CARTESIAN_POINT('',(-25.71738531298,-76.4000000000001,-22.4963494197188));
#3304=CARTESIAN_POINT('',(-25.35743343336,-76.4000000000001,-22.1055117810292));
#3305=CARTESIAN_POINT('',(-24.88475563061,-76.4000000000001,-21.8791150934062));
#3306=CARTESIAN_POINT('',(-24.3956420049899,-76.4000000000001,-31.206753645899));
#3307=CARTESIAN_POINT('',(-24.3956420049899,-76.4000000000001,-33.2860578157635));
#3308=CARTESIAN_POINT('',(-24.3956420049899,-76.4000000000001,-31.206753645899));
#3309=VECTOR('',#3310,1.);
#3310=DIRECTION('',(3.41721401831474E-15,0.,-1.));
#3311=CARTESIAN_POINT('',(-24.39564200499,-76.5,-31.206753645899));
#3312=VECTOR('',#3313,1.);
#3313=DIRECTION('',(1.13686837721719E-12,1.,0.));
#3314=CARTESIAN_POINT('',(-24.3956420049899,-76.4000000000001,-33.2860578157634));
#3315=VECTOR('',#3316,1.);
#3316=DIRECTION('',(0.,-1.,0.));
#3317=CARTESIAN_POINT('',(-22.9999999998699,-76.4000000000001,-31.206753645899));
#3318=CARTESIAN_POINT('',(-22.9999999998699,-76.4000000000001,-31.206753645899));
#3319=VECTOR('',#3320,1.);
#3320=DIRECTION('',(-1.,0.,-1.01823065392623E-14));
#3321=CARTESIAN_POINT('',(-22.9999999998701,-76.5,-31.206753645899));
#3322=VECTOR('',#3323,1.);
#3323=DIRECTION('',(1.13686837721719E-12,1.,0.));
#3324=CARTESIAN_POINT('',(-22.9999999998699,-76.4000000000001,-33.2860578157634));
#3325=CARTESIAN_POINT('',(-22.9999999998699,-76.4000000000001,-33.2860578157634));
#3326=VECTOR('',#3327,1.);
#3327=DIRECTION('',(-1.70860700915737E-15,0.,1.));
#3328=CARTESIAN_POINT('',(-22.9999999998701,-76.5,-33.2860578157634));
#3329=VECTOR('',#3330,1.);
#3330=DIRECTION('',(1.13686837721719E-12,1.,0.));
#3331=CARTESIAN_POINT('',(-20.8983514085801,-76.4000000000001,-33.2860578157634));
#3332=CARTESIAN_POINT('',(-20.8983514085801,-76.4000000000001,-33.2860578157634));
#3333=VECTOR('',#3334,1.);
#3334=DIRECTION('',(-1.,0.,-6.76176539412818E-15));
#3335=CARTESIAN_POINT('',(-20.8983514085801,-76.5,-33.2860578157634));
#3336=VECTOR('',#3337,1.);
#3337=DIRECTION('',(0.,1.,0.));
#3338=CARTESIAN_POINT('',(-20.8983514085801,-76.4000000000001,-34.720695830601));
#3339=CARTESIAN_POINT('',(-20.8983514085801,-76.4000000000001,-34.720695830601));
#3340=VECTOR('',#3341,1.);
#3341=DIRECTION('',(-4.95276667989694E-15,0.,1.));
#3342=CARTESIAN_POINT('',(-20.8983514085801,-76.5,-34.720695830601));
#3343=VECTOR('',#3344,1.);
#3344=DIRECTION('',(0.,1.,0.));
#3345=CARTESIAN_POINT('',(-22.9999999998699,-76.4000000000001,-34.720695830601));
#3346=CARTESIAN_POINT('',(-22.9999999998699,-76.4000000000001,-34.720695830601));
#3347=VECTOR('',#3348,1.);
#3348=DIRECTION('',(1.,0.,0.));
#3349=CARTESIAN_POINT('',(-22.9999999998701,-76.5,-34.720695830601));
#3350=VECTOR('',#3351,1.);
#3351=DIRECTION('',(1.13686837721719E-12,1.,0.));
#3352=CARTESIAN_POINT('',(-22.9999999998699,-76.4000000000001,-36.8000000004654));
#3353=CARTESIAN_POINT('',(-22.9999999998699,-76.4000000000001,-36.8000000004654));
#3354=VECTOR('',#3355,1.);
#3355=DIRECTION('',(-3.41721401831479E-15,-2.73377121465183E-14,1.));
#3356=CARTESIAN_POINT('',(-22.9999999998701,-76.5,-36.8000000004654));
#3357=VECTOR('',#3358,1.);
#3358=DIRECTION('',(1.13686837721719E-12,1.,0.));
#3359=CARTESIAN_POINT('',(-24.3956420049899,-76.4000000000001,-36.8000000004654));
#3360=CARTESIAN_POINT('',(-24.3956420049899,-76.4000000000001,-36.8000000004654));
#3361=VECTOR('',#3362,1.);
#3362=DIRECTION('',(1.,0.,5.09115326963031E-15));
#3363=CARTESIAN_POINT('',(-24.39564200499,-76.5,-36.8000000004654));
#3364=VECTOR('',#3365,1.);
#3365=DIRECTION('',(1.13686837721719E-12,1.,0.));
#3366=CARTESIAN_POINT('',(-24.3956420049899,-76.4000000000001,-34.720695830601));
#3367=CARTESIAN_POINT('',(-24.3956420049899,-76.4000000000001,-34.720695830601));
#3368=VECTOR('',#3369,1.);
#3369=DIRECTION('',(3.41721401831476E-15,0.,-1.));
#3370=CARTESIAN_POINT('',(-24.39564200499,-76.5,-34.720695830601));
#3371=VECTOR('',#3372,1.);
#3372=DIRECTION('',(1.13686837721719E-12,1.,0.));
#3373=CARTESIAN_POINT('',(-26.49115140858,-76.4000000000001,-34.720695830601));
#3374=CARTESIAN_POINT('',(-26.49115140858,-76.4000000000001,-34.720695830601));
#3375=VECTOR('',#3376,1.);
#3376=DIRECTION('',(1.,-2.7126301014647E-14,6.78157525366174E-15));
#3377=CARTESIAN_POINT('',(-26.49115140858,-76.5,-34.720695830601));
#3378=VECTOR('',#3379,1.);
#3379=DIRECTION('',(0.,1.,-7.10542735760746E-14));
#3380=CARTESIAN_POINT('',(-26.49115140858,-76.4000000000001,-33.2860578157635));
#3381=CARTESIAN_POINT('',(-26.49115140858,-76.4000000000001,-33.2860578157635));
#3382=VECTOR('',#3383,1.);
#3383=DIRECTION('',(2.4763833399485E-15,0.,-1.));
#3384=CARTESIAN_POINT('',(-26.49115140858,-76.5,-33.2860578157635));
#3385=VECTOR('',#3386,1.);
#3386=DIRECTION('',(0.,1.,0.));
#3387=CARTESIAN_POINT('',(-24.3956420049899,-76.4000000000001,-33.2860578157634));
#3388=VECTOR('',#3389,1.);
#3389=DIRECTION('',(-1.,-2.7126301014644E-14,-6.78157525366101E-15));
#3390=CARTESIAN_POINT('',(-16.5311560597199,-76.4000000000001,-21.6129938978073));
#3391=CARTESIAN_POINT('',(-17.1546316200488,-76.4000000000001,-23.0133429339282));
#3392=CARTESIAN_POINT('',(-16.5311560597199,-76.4000000000001,-21.6129938978073));
#3393=VECTOR('',#3394,1.);
#3394=DIRECTION('',(-0.406736643075839,0.,-0.913545457642584));
#3395=CARTESIAN_POINT('',(-17.1546316200458,-76.4000000000001,-23.0133429339296));
#3396=VECTOR('',#3397,1.);
#3397=DIRECTION('',(0.,-1.,0.));
#3398=CARTESIAN_POINT('',(-16.5311560597199,-76.5,-21.6129938978073));
#3399=VECTOR('',#3400,1.);
#3400=DIRECTION('',(0.,1.,0.));
#3401=CARTESIAN_POINT('',(-18.5549806561701,-76.4000000000001,-22.3898673736028));
#3402=CARTESIAN_POINT('',(-17.1546316200488,-76.4000000000001,-23.0133429339282));
#3403=VECTOR('',#3404,1.);
#3404=DIRECTION('',(-0.913545457642596,0.,0.406736643075812));
#3405=CARTESIAN_POINT('',(-18.5549806561701,-76.4000000000001,-22.3898673736028));
#3406=VECTOR('',#3407,1.);
#3407=DIRECTION('',(-1.20792265079327E-12,-1.,1.77635683940187E-13));
#3408=CARTESIAN_POINT('',(-17.9315050958412,-76.4000000000001,-20.9895183374819));
#3409=CARTESIAN_POINT('',(-18.5549806561701,-76.4000000000001,-22.3898673736027));
#3410=VECTOR('',#3411,1.);
#3411=DIRECTION('',(0.406736643075786,-3.70829312961632E-14,0.913545457642607));
#3412=CARTESIAN_POINT('',(-17.9315050958442,-76.4000000000001,-20.9895183374805));
#3413=VECTOR('',#3414,1.);
#3414=DIRECTION('',(0.,-1.,0.));
#3415=CARTESIAN_POINT('',(-17.9315050958412,-76.4000000000001,-20.9895183374819));
#3416=VECTOR('',#3417,1.);
#3417=DIRECTION('',(0.913545457642597,0.,-0.40673664307581));
#3418=CARTESIAN_POINT('',(-21.75959424282,-76.4000000000001,-24.2539910586713));
#3419=CARTESIAN_POINT('',(-19.7088073555001,-76.4000000000001,-25.142417590684));
#3420=CARTESIAN_POINT('',(-21.75959424282,-76.4000000000001,-24.2539910586713));
#3421=CARTESIAN_POINT('',(-21.4565698546601,-76.4000000000001,-24.1671226495156));
#3422=CARTESIAN_POINT('',(-21.0671990953301,-76.4000000000001,-24.2284697822452));
#3423=CARTESIAN_POINT('',(-20.1286474049,-76.4000000000001,-24.6463399174696));
#3424=CARTESIAN_POINT('',(-19.8360146897901,-76.4000000000001,-24.8796793431559));
#3425=CARTESIAN_POINT('',(-19.7088073555001,-76.4000000000001,-25.142417590684));
#3426=CARTESIAN_POINT('',(-20.38460602025,-76.4000000000001,-26.4791465963346));
#3427=CARTESIAN_POINT('',(-19.7088073555001,-76.4000000000001,-25.142417590684));
#3428=CARTESIAN_POINT('',(-19.5843020567099,-76.4000000000001,-25.4061930524654));
#3429=CARTESIAN_POINT('',(-19.5790695353301,-76.4000000000001,-25.6661500877276));
#3430=CARTESIAN_POINT('',(-19.8146417430401,-76.4000000000001,-26.1952539291456));
#3431=CARTESIAN_POINT('',(-20.04458554558,-76.4000000000001,-26.3796268125127));
#3432=CARTESIAN_POINT('',(-20.38460602025,-76.4000000000001,-26.4791465963346));
#3433=CARTESIAN_POINT('',(-22.3897026959203,-76.4000000000001,-25.6289845609547));
#3434=CARTESIAN_POINT('',(-20.38460602025,-76.4000000000001,-26.4791465963346));
#3435=CARTESIAN_POINT('',(-20.72649611979,-76.4000000000001,-26.5778339695285));
#3436=CARTESIAN_POINT('',(-21.12460059265,-76.4000000000001,-26.5260397648311));
#3437=CARTESIAN_POINT('',(-21.99210653759,-76.4000000000001,-26.1398012334682));
#3438=CARTESIAN_POINT('',(-22.26084373649,-76.4000000000001,-25.9081398251639));
#3439=CARTESIAN_POINT('',(-22.3897026959203,-76.4000000000001,-25.6289845609547));
#3440=CARTESIAN_POINT('',(-22.3897026959203,-76.4000000000001,-25.6289845609547));
#3441=CARTESIAN_POINT('',(-22.5177292447199,-76.4000000000001,-25.3479596718643));
#3442=CARTESIAN_POINT('',(-22.5208741414599,-76.4000000000001,-25.0732504411769));
#3443=CARTESIAN_POINT('',(-22.2769778274801,-76.4000000000001,-24.5254503509455));
#3444=CARTESIAN_POINT('',(-22.0634510416101,-76.4000000000001,-24.3427290927082));
#3445=CARTESIAN_POINT('',(-21.75959424282,-76.4000000000001,-24.2539910586713));
#3446=CARTESIAN_POINT('',(-19.7088073555001,-76.5,-25.142417590684));
#3447=CARTESIAN_POINT('',(-19.7088073555001,-76.4000000000001,-25.142417590684));
#3448=CARTESIAN_POINT('',(-19.7088073555001,-76.5000000000001,-25.142417590684));
#3449=CARTESIAN_POINT('',(-20.38460602025,-76.5,-26.4791465963346));
#3450=CARTESIAN_POINT('',(-19.7088073555001,-76.5,-25.142417590684));
#3451=CARTESIAN_POINT('',(-19.6889686482388,-76.5,-25.1888507810216));
#3452=CARTESIAN_POINT('',(-19.6691299409775,-76.5,-25.2352839713592));
#3453=CARTESIAN_POINT('',(-19.6411377790304,-76.5,-25.3215518827613));
#3454=CARTESIAN_POINT('',(-19.6319038006857,-76.5,-25.3612726237099));
#3455=CARTESIAN_POINT('',(-19.6181293247924,-76.5,-25.4390723957241));
#3456=CARTESIAN_POINT('',(-19.6140409260971,-76.5,-25.4780650343627));
#3457=CARTESIAN_POINT('',(-19.6106908306695,-76.5,-25.5525231578));
#3458=CARTESIAN_POINT('',(-19.611742258858,-76.5,-25.5887067916548));
#3459=CARTESIAN_POINT('',(-19.6177448239652,-76.5,-25.6596095141642));
#3460=CARTESIAN_POINT('',(-19.6228840344637,-76.5,-25.6947053104766));
#3461=CARTESIAN_POINT('',(-19.6387086712083,-76.5,-25.7679483543905));
#3462=CARTESIAN_POINT('',(-19.6491479666794,-76.5,-25.806749557944));
#3463=CARTESIAN_POINT('',(-19.6761058149679,-76.5,-25.8840353565775));
#3464=CARTESIAN_POINT('',(-19.6925950847935,-76.5,-25.9232872347495));
#3465=CARTESIAN_POINT('',(-19.7283483559778,-76.5,-25.9957591600708));
#3466=CARTESIAN_POINT('',(-19.7479841462606,-76.5,-26.0295807875214));
#3467=CARTESIAN_POINT('',(-19.7911566255937,-76.5,-26.0940679491116));
#3468=CARTESIAN_POINT('',(-19.8150468195402,-76.5,-26.1251992983359));
#3469=CARTESIAN_POINT('',(-19.8669905931884,-76.5,-26.1844024884434));
#3470=CARTESIAN_POINT('',(-19.8953701532104,-76.5,-26.2129618680831));
#3471=CARTESIAN_POINT('',(-19.9557557274814,-76.5,-26.2661210912765));
#3472=CARTESIAN_POINT('',(-19.9883930588679,-76.5,-26.2911726120916));
#3473=CARTESIAN_POINT('',(-20.0564066241527,-76.5,-26.3374089873444));
#3474=CARTESIAN_POINT('',(-20.0923380359857,-76.5,-26.3590622831377));
#3475=CARTESIAN_POINT('',(-20.1743377762879,-76.5,-26.4011087703415));
#3476=CARTESIAN_POINT('',(-20.2207830485554,-76.5,-26.4214202983548));
#3477=CARTESIAN_POINT('',(-20.3058562806516,-76.5,-26.4551160641368));
#3478=CARTESIAN_POINT('',(-20.3452311504508,-76.5,-26.4671313302357));
#3479=CARTESIAN_POINT('',(-20.38460602025,-76.5,-26.4791465963346));
#3480=CARTESIAN_POINT('',(-20.38460602025,-76.5000000000001,-26.4791465963346));
#3481=CARTESIAN_POINT('',(-20.38460602025,-76.4000000000001,-26.4791465963346));
#3482=CARTESIAN_POINT('',(-21.75959424282,-76.5,-24.2539910586713));
#3483=CARTESIAN_POINT('',(-21.75959424282,-76.4000000000001,-24.2539910586713));
#3484=CARTESIAN_POINT('',(-21.75959424282,-76.5000000000002,-24.2539910586713));
#3485=CARTESIAN_POINT('',(-21.75959424282,-76.5,-24.2539910586713));
#3486=CARTESIAN_POINT('',(-21.7208315749079,-76.5,-24.2441712887481));
#3487=CARTESIAN_POINT('',(-21.6820689069959,-76.5,-24.2343515188249));
#3488=CARTESIAN_POINT('',(-21.5992687380522,-76.5,-24.2217648932193));
#3489=CARTESIAN_POINT('',(-21.5551879115553,-76.5,-24.2174363507918));
#3490=CARTESIAN_POINT('',(-21.4600337981999,-76.5,-24.2148297152492));
#3491=CARTESIAN_POINT('',(-21.4084246539993,-76.5,-24.2158783258337));
#3492=CARTESIAN_POINT('',(-21.2945974442619,-76.5,-24.226389376637));
#3493=CARTESIAN_POINT('',(-21.2315101099128,-76.5,-24.2351188272506));
#3494=CARTESIAN_POINT('',(-21.0950249394613,-76.5,-24.2630473053992));
#3495=CARTESIAN_POINT('',(-21.0206829685765,-76.5,-24.2811767046595));
#3496=CARTESIAN_POINT('',(-20.8510185553073,-76.5,-24.3353281234609));
#3497=CARTESIAN_POINT('',(-20.7546401872964,-76.5,-24.3708992574915));
#3498=CARTESIAN_POINT('',(-20.5310259321102,-76.5,-24.4645133950714));
#3499=CARTESIAN_POINT('',(-20.4031069105297,-76.5,-24.5245246882759));
#3500=CARTESIAN_POINT('',(-20.196922484165,-76.5,-24.6467346166807));
#3501=CARTESIAN_POINT('',(-20.1132132989855,-76.5,-24.7020602190313));
#3502=CARTESIAN_POINT('',(-19.9773624093321,-76.5,-24.8056026219957));
#3503=CARTESIAN_POINT('',(-19.9246856294438,-76.5,-24.8555204934437));
#3504=CARTESIAN_POINT('',(-19.8394295818145,-76.5,-24.9429165785919));
#3505=CARTESIAN_POINT('',(-19.8079522756513,-76.5,-24.983291604353));
#3506=CARTESIAN_POINT('',(-19.7549106746489,-76.5,-25.0573134216312));
#3507=CARTESIAN_POINT('',(-19.7361862176672,-76.5,-25.0938810773106));
#3508=CARTESIAN_POINT('',(-19.7129685634516,-76.5,-25.1332039777527));
#3509=CARTESIAN_POINT('',(-19.7108879594759,-76.5,-25.1378107842184));
#3510=CARTESIAN_POINT('',(-19.7088073555001,-76.5,-25.142417590684));
#3511=CARTESIAN_POINT('',(-22.3897026959203,-76.5,-25.6289845609547));
#3512=CARTESIAN_POINT('',(-22.3897026959203,-76.3999999999999,-25.6289845609547));
#3513=CARTESIAN_POINT('',(-22.3897026959203,-76.5,-25.6289845609547));
#3514=CARTESIAN_POINT('',(-22.3897026959203,-76.5,-25.6289845609547));
#3515=CARTESIAN_POINT('',(-22.5177292447199,-76.5,-25.3479596718643));
#3516=CARTESIAN_POINT('',(-22.5208741414599,-76.5,-25.0732504411769));
#3517=CARTESIAN_POINT('',(-22.2769778274801,-76.5,-24.5254503509455));
#3518=CARTESIAN_POINT('',(-22.0634510416101,-76.5,-24.3427290927082));
#3519=CARTESIAN_POINT('',(-21.75959424282,-76.5,-24.2539910586713));
#3520=CARTESIAN_POINT('',(-20.38460602025,-76.5,-26.4791465963346));
#3521=CARTESIAN_POINT('',(-20.4336099544666,-76.5,-26.4916504915393));
#3522=CARTESIAN_POINT('',(-20.4826138886831,-76.5,-26.5041543867439));
#3523=CARTESIAN_POINT('',(-20.5856185912446,-76.5,-26.5200700697353));
#3524=CARTESIAN_POINT('',(-20.6396543407046,-76.5,-26.5253538021268));
#3525=CARTESIAN_POINT('',(-20.753540258398,-76.5,-26.52860338789));
#3526=CARTESIAN_POINT('',(-20.8139742854152,-76.5,-26.5271489192042));
#3527=CARTESIAN_POINT('',(-20.9420340015697,-76.5,-26.5151375337729));
#3528=CARTESIAN_POINT('',(-21.0107814082991,-76.5,-26.5050909975162));
#3529=CARTESIAN_POINT('',(-21.15433777124,-76.5,-26.4746062378905));
#3530=CARTESIAN_POINT('',(-21.2301773965636,-76.5,-26.4550506491157));
#3531=CARTESIAN_POINT('',(-21.4017218849029,-76.5,-26.3973577711785));
#3532=CARTESIAN_POINT('',(-21.4990467446584,-76.5,-26.3603382113444));
#3533=CARTESIAN_POINT('',(-21.6973339638201,-76.5,-26.2699758433544));
#3534=CARTESIAN_POINT('',(-21.7989840730755,-76.5,-26.2147316275262));
#3535=CARTESIAN_POINT('',(-21.9617701497368,-76.5,-26.1156922870813));
#3536=CARTESIAN_POINT('',(-22.0223767363661,-76.5,-26.0692943211121));
#3537=CARTESIAN_POINT('',(-22.1292962464035,-76.5,-25.9802808334665));
#3538=CARTESIAN_POINT('',(-22.1752879770796,-76.5,-25.9346665553041));
#3539=CARTESIAN_POINT('',(-22.2520060335229,-76.5,-25.850643982544));
#3540=CARTESIAN_POINT('',(-22.2825560237917,-76.5,-25.8102707857015));
#3541=CARTESIAN_POINT('',(-22.3361730716513,-76.5,-25.7315601162588));
#3542=CARTESIAN_POINT('',(-22.3566509557603,-76.5,-25.691076717095));
#3543=CARTESIAN_POINT('',(-22.3829034741573,-76.5,-25.6445398655505));
#3544=CARTESIAN_POINT('',(-22.3863030850388,-76.5,-25.6367622132526));
#3545=CARTESIAN_POINT('',(-22.3897026959203,-76.5,-25.6289845609547));
ENDSEC;
END-ISO-10303-21;
