DBRep_DrawableShape

CASCADE Topology V3, (c) Open Cascade
Locations 0
Curve2ds 152
7 0 0  1 2 2  7.1066063636199907e-17 2.0209567895403407e-14  0.99999977087351821 9.1343328496854407e-15 
 0 2 1 2
7 0 0  1 2 2  1.0427875136766713e-17 1  0.99999977009289398 1 
 0 2 1 2
7 0 0  3 289 287  0.99999977087351821 9.1343328496854407e-15  0.99999977029017106 0.00091558914308819978  0.99999976898122545 0.00274171505393028  0.99999976947676039 0.0054659129859699123  0.99999976981232708 0.0081752870949976623  0.99999977024208342 0.010870001274212655  0.9999997704103557 0.013550217407818562  0.9999997703638126 0.016216095192640535  0.9999997701661183 0.018867792137422231  0.99999977006580643 0.021505463691580858  0.99999977011422736 0.024129262913917583  0.99999977013145425 0.026739340457318274  0.99999977009759911 0.029335844975929243  0.99999977013563235 0.031918923312577493  0.99999977020985997 0.034488720575960946  0.99999977019802233 0.0370453796761692  0.99999977011208085 0.039589041732117886  0.99999977011366159 0.042119845881373186  0.99999977017372788 0.04463793008915589  0.99999977016811759 0.047143430929994561  0.99999977010277374 0.049636483096049733  0.99999977012631824 0.052117219595174173  0.99999977020990805 0.054585771579746249  0.999999770213162 0.057042268392260335  0.99999977013286478 0.059486837775830928  0.99999977009818175 0.061919605726344626  0.99999977014510955 0.06434069718849586  0.99999977014076635 0.066750236244686373  0.99999977008966434 0.06914834523472306  0.99999977010830721 0.071535145128353003  0.99999977028401299 0.073910754893130079  0.99999977038533705 0.076275290398723425  0.99999977034537513 0.078628866292547922  0.9999997701902883 0.080971595802288548  0.99999977004621055 0.083303590627348545  0.99999977017743036 0.08562496175315816  0.99999977048076649 0.087935815773623541  0.99999977065294909 0.090236255255647421  0.99999977060070677 0.09252638215027699  0.99999977035862364 0.094806297045685398  0.9999997700750799 0.097076099437518104  0.99999977015049657 0.099335887557617422  0.99999977045064847 0.10158575919511528  0.99999977065263457 0.10382581130374052  0.99999977064257928 0.10605613962478526  0.99999977042598642 0.10827683881362797  0.99999977012079033 0.11048800243302312  0.99999977007476704 0.11268972300520386  0.99999977019644681 0.11488209192729254  0.99999977024457065 0.11706519950262349  0.99999977018213204 0.11923913500164419  0.99999977007901841 0.12140398672433726  0.99999977017661446 0.1235598418364864  0.9999997702835044 0.12570678926824269  0.99999977028066456 0.12784491712494117  0.999999770170652 0.12997431245990834  0.99999977007762897 0.13209506136506474  0.9999997701979948 0.13420724896946398  0.99999977029503195 0.13631095941212359  0.99999977027844855 0.13840627588774324  0.9999997701575758 0.14049328066602312  0.99999977007954244 0.14257205511323548  0.99999977022151798 0.14464267971320957  0.99999977032878617 0.14670523405323962  0.99999977031273524 0.14875979684171131  0.99999977018238406 0.15080644592993478  0.99999977007353491 0.15284525833075482  0.99999977020045949 0.15487631024116613  0.99999977031593423 0.15689967704193819  0.99999977031285348 0.15891543329407984  0.99999977019503272 0.16092365276712259  0.9999997700657679 0.16292440843422765  0.99999977020280351 0.16491777257541193  0.9999997704011373 0.16690381608514868  0.99999977046952593 0.16888260899352381  0.99999977036819421 0.1708542206252876  0.99999977014999986 0.17281871958043168  0.99999977006095897 0.17477617376155594  0.9999997700975789 0.17672665038769678  0.9999997701212433 0.17867021598435434  0.99999977012797869 0.18060693639589831  0.99999977007744834 0.1825368767969216  0.99999977010975227 0.18446010170263211  0.99999977032975695 0.18637667499928975  0.99999977046740207 0.18828665995723054  0.99999977043844201 0.1901901191994185  0.99999977026279052 0.1920871147252895  0.99999977007080532 0.19397770792347049  0.99999977015973529 0.19586195959052785  0.99999977031265275 0.19773992992931305  0.99999977035713106 0.19961167853791897  0.99999977026459297 0.20147726443155634  0.99999977009819663 0.20333674604229698  0.99999977012301533 0.20519018128736255  0.99999977034494714 0.20703762734645553  0.9999997704769199 0.20887914062945551  0.99999977044022914 0.21071477704264746  0.99999977025192111 0.21254459194822597  0.99999977006756169 0.21436864019232138  0.999999770122461 0.21618697611713211  0.99999977018074881 0.21799965355028472  0.99999977015330954 0.21980672580626714  0.99999977008640639 0.22160824570296314  0.99999977005757634 0.22340426557260229  0.999999770219275 0.22519483727334944  0.99999977042845534 0.22698001216970359  0.99999977048911548 0.22875984113600814  0.99999977037516785 0.23053437458006815  0.99999977015227204 0.23230366245291562  0.99999977008047525 0.23406775426346968  0.99999977024445197 0.23582669908496851  0.99999977035173682 0.23758054553491495  0.99999977032448484 0.23932934178802306  0.9999997701772706 0.24107313559334498  0.99999977007216001 0.24281197426761547  0.99999977021948494 0.24454590477827054  0.99999977034659049 0.24627497412666821  0.99999977034585397 0.24799922885541678  0.99999977021765207 0.24971871510949181  0.9999997700717862 0.251433478633943  0.99999977017881414 0.25314356479171984  0.99999977032710707 0.25484901855590408  0.99999977035844534 0.25654988450274829  0.99999977025426223 0.2582462068263896  0.9999997700898644 0.25993802934755311  0.9999997701321498 0.26162539553115771  0.99999977026916731 0.26330834845670953  0.99999977030799969 0.26498693082584746  0.99999977022602804 0.26666118498376956  0.99999977008625751 0.26833115292671567  0.99999977014743169 0.26999687631554081  0.99999977028458731 0.27165839647425183  0.99999977031540477 0.27331575437874528  0.99999977022393782 0.27496899067143732  0.99999977008289465 0.2766181456646517  0.9999997701527229 0.27826325937472912  0.99999977028008391 0.27990437136781787  0.99999977029933795 0.28154152085261486  0.99999977020137643 0.28317474673490101  0.99999977007487373 0.28480408761543485  0.99999977017827091 0.28642958180545175  0.99999977031358744 0.28805126732011038  0.99999977033085641 0.289669181870507  0.99999977021752529 0.29128336287617784  0.9999997700797153 0.29289384747370417  0.99999977012897412 0.29450067252794077  0.99999977016841535 0.29610387460784221  0.99999977013142705 0.2977034900013143  0.99999977007935958 0.29929955472662539  0.99999977011187269 0.3008921045397116  0.99999977027768494 0.30248117493876459  0.99999977035331522 0.30406680115679435  0.9999997702903638 0.30564901816297824  0.99999977012750552 0.30722786067678653  0.99999977009872498 0.30880336316341472  0.9999997702274096 0.31037555990111648  0.99999977027846676 0.31194448497235194  0.99999977021813669 0.31351017220172051  0.99999977009126706 0.3150726551798802  0.9999997701402944 0.3166319672696507  0.99999977025871345 0.31818814160884606  0.99999977027443421 0.31974121109744297  0.99999977018165664 0.32129120840732922  0.99999977007367158 0.32283816599010484  0.99999977019445685 0.32438211608793022  0.99999977032574516 0.3259230907288489  0.9999997703340866 0.3274611217173119  0.99999977020893704 0.32899624064500677  0.99999977007644636 0.33052847889834797  0.99999977010430396 0.33205786766812939  0.99999977011410079 0.33358443793969783  0.99999977011346353 0.33510822049521122  0.99999977008051988 0.33662924591998178  0.9999997701332789 0.33814754460995217  0.99999977029195863 0.33966314676133169  0.9999997703415886 0.34117608235158031  0.99999977025867226 0.34268638117168559  0.99999977009946639 0.34419407282906411  0.99999977012523256 0.34569918675828526  0.99999977026148412 0.34720175222152272  0.99999977030183018 0.34870179829455428  0.99999977022161035 0.35019935387567314  0.99999977008753305 0.35169444769296571  0.99999977013463004 0.35318710831349431  0.99999977020098241 0.35467736414601142  0.99999977017637998 0.35616524342756356  0.9999997700836295 0.35765077423225755  0.99999977007563523 0.35913398447853334  0.99999977036638521 0.36061490193735601  0.99999977063633338 0.36209355420523887  0.99999977072897905 0.36356996871529307  0.99999977059430545 0.36504417274561329  0.99999977030966403 0.36651619342762431  0.9999997700528489 0.36798605774960091  0.99999977018880271 0.36945379257910832  0.99999977046668109 0.37091942457767491  0.99999977063939982 0.3723829802307897  0.99999977060862399 0.37384448588550734  0.99999977039435084 0.37530396775003561  0.99999977011595609 0.37676145190355748  0.99999977009836638 0.37821696430138968  0.99999977041373744 0.3796705307887675  0.99999977068998758 0.38112217708166457  0.99999977078181701 0.38257192875770757  0.9999997706363456 0.38401981126682216  0.99999977032481968 0.38546584993757937  0.99999977005024843 0.38691006998437649  0.99999977008459795 0.38835249651522974  0.99999977015863517 0.38979315450568103  0.99999977016665553 0.3912320688074456  0.99999977009756513 0.39266926415981873  0.99999977011974572 0.39410476518496035  0.99999977027952625 0.3955385964425045  0.99999977034242105 0.39697078244168593  0.99999977027099407 0.39840134756827844  0.99999977011165375 0.3998303161069911  0.99999977009426533 0.40125771224592305  0.99999977018694153 0.40268356007482603  0.99999977021247111 0.40410788357555388  0.99999977014631292 0.4055307066289649  0.99999977008449736 0.40695205302128451  0.99999977020396569 0.40837194645188835  0.99999977027955811 0.40979041051649612  0.99999977024202569 0.41120746871324509  0.99999977011426544 0.41262314445025089  0.99999977011161278 0.41403746105350075  0.99999977023583375 0.41545044176719198  0.99999977027202835 0.41686210974011023  0.99999977019708519 0.41827248803383943  0.99999977008409613 0.41968159963184715  0.99999977014694308 0.421089467435591  0.99999977020338549 0.42249611459756498  0.9999997701741854 0.42390156419691444  0.99999977008250884 0.42530583923226734  0.99999977013402275 0.42670896263616936  0.99999977034814058 0.42811095726129789  0.99999977046389155 0.4295118458613042  0.99999977041481447 0.43091165111806168  0.9999997702301906 0.43231039564174911  0.99999977005905605 0.43370810198705567  0.99999977017222375 0.43510479262735169  0.99999977038008192 0.4365004901203568  0.99999977047929833 0.43789521703868184  0.99999977040892196 0.43928899586781384  0.99999977021609343 0.44068184904231256  0.9999997700570451 0.44207379893026227  0.99999977022726272 0.44346486789772743  0.99999977044518451 0.44485507715156025  0.99999977052316835 0.44624444778450589  0.99999977041375487 0.44763300085202795  0.99999977017425423 0.44902075734736135  0.99999977006228047 0.45040773826383063  0.99999977013585206 0.45179396438016778  0.9999997701608514 0.45317945619002969  0.99999977011137531 0.45456423418975522  0.99999977009323926 0.455948318806075  0.99999977025754594 0.45733173049836934  0.99999977034965659 0.45871449004471243  0.99999977030018372 0.46009661813442615  0.99999977013392827 0.46147813544563077  0.9999997700705423 0.46285906255445147  0.99999977008937158 0.46423942038906957  0.99999977011901442 0.46561923003737038  0.99999977017960562 0.46699851251046426  0.99999977015743446 0.46837728877799245  0.99999977007765117 0.46975557983948507  0.99999977014648966 0.47113340641876678  0.99999977036101906 0.47251079039794813  0.99999977048778099 0.47388775480020928  0.99999977045960875 0.47526432236204724  0.99999977029476672 0.4766405158673922  0.99999977009192609 0.47801635802977993  0.99999977013110219 0.47939187166560138  0.99999977035865761 0.48076707899899035  0.99999977050887356 0.48214200179952027  0.99999977049507605 0.48351666190909337  0.99999977032239629 0.48489108112849155  0.99999977009581853 0.4862652812475734  0.99999977007515584 0.48763928407460566  0.99999977011982555 0.48901311116493434  0.99999977011657504 0.49038678402345265  0.99999977009684038 0.49176032414061344  0.99999977020876929 0.49313375308730401  0.9999997702548894 0.49450709278237592  0.99999977013125696 0.49588036510202133  0.99999977002701179 0.49725359193197188  0.99999976951140968 0.49862679514457725  0.99999977053131439 0.49954226280689329  0.999999771654143 0.49999999999999994 
 0 4 0.0034965034965034965 1 0.006993006993006993 1 0.01048951048951049 1 0.013986013986013986 1 0.017482517482517484 1 0.02097902097902098 1 0.024475524475524476 1 0.027972027972027972 1 0.031468531468531472 1 0.034965034965034968 1 0.038461538461538464 1 0.04195804195804196 1 0.045454545454545456 1 0.048951048951048952 1 0.052447552447552448 1 0.055944055944055944 1 0.05944055944055944 1 0.062937062937062943 1 0.066433566433566432 1 0.069930069930069935 1 0.073426573426573424 1 0.076923076923076927 1 0.080419580419580416 1 0.083916083916083919 1 0.087412587412587409 1 0.090909090909090912 1 0.094405594405594401 1 0.097902097902097904 1 0.10139860139860139 1 0.1048951048951049 1 0.10839160839160839 1 0.11188811188811189 1 0.11538461538461539 1 0.11888111888111888 1 0.12237762237762238 1 0.12587412587412589 1 0.12937062937062938 1 0.13286713286713286 1 0.13636363636363635 1 0.13986013986013987 1 0.14335664335664336 1 0.14685314685314685 1 0.15034965034965034 1 0.15384615384615385 1 0.15734265734265734 1 0.16083916083916083 1 0.16433566433566432 1 0.16783216783216784 1 0.17132867132867133 1 0.17482517482517482 1 0.17832167832167833 1 0.18181818181818182 1 0.18531468531468531 1 0.1888111888111888 1 0.19230769230769232 1 0.19580419580419581 1 0.1993006993006993 1 0.20279720279720279 1 0.2062937062937063 1 0.20979020979020979 1 0.21328671328671328 1 0.21678321678321677 1 0.22027972027972029 1 0.22377622377622378 1 0.22727272727272727 1 0.23076923076923078 1 0.23426573426573427 1 0.23776223776223776 1 0.24125874125874125 1 0.24475524475524477 1 0.24825174825174826 1 0.25174825174825177 1 0.25524475524475526 1 0.25874125874125875 1 0.26223776223776224 1 0.26573426573426573 1 0.26923076923076922 1 0.27272727272727271 1 0.2762237762237762 1 0.27972027972027974 1 0.28321678321678323 1 0.28671328671328672 1 0.29020979020979021 1 0.2937062937062937 1 0.29720279720279719 1 0.30069930069930068 1 0.30419580419580422 1 0.30769230769230771 1 0.3111888111888112 1 0.31468531468531469 1 0.31818181818181818 1 0.32167832167832167 1 0.32517482517482516 1 0.32867132867132864 1 0.33216783216783219 1 0.33566433566433568 1 0.33916083916083917 1 0.34265734265734266 1 0.34615384615384615 1 0.34965034965034963 1 0.35314685314685312 1 0.35664335664335667 1 0.36013986013986016 1 0.36363636363636365 1 0.36713286713286714 1 0.37062937062937062 1 0.37412587412587411 1 0.3776223776223776 1 0.38111888111888109 1 0.38461538461538464 1 0.38811188811188813 1 0.39160839160839161 1 0.3951048951048951 1 0.39860139860139859 1 0.40209790209790208 1 0.40559440559440557 1 0.40909090909090912 1 0.41258741258741261 1 0.41608391608391609 1 0.41958041958041958 1 0.42307692307692307 1 0.42657342657342656 1 0.43006993006993005 1 0.43356643356643354 1 0.43706293706293708 1 0.44055944055944057 1 0.44405594405594406 1 0.44755244755244755 1 0.45104895104895104 1 0.45454545454545453 1 0.45804195804195802 1 0.46153846153846156 1 0.46503496503496505 1 0.46853146853146854 1 0.47202797202797203 1 0.47552447552447552 1 0.47902097902097901 1 0.4825174825174825 1 0.48601398601398599 1 0.48951048951048953 1 0.49300699300699302 1 0.49650349650349651 1 0.5 1 0.50349650349650354 1 0.50699300699300698 1 0.51048951048951052 1 0.51398601398601396 1 0.5174825174825175 1 0.52097902097902093 1 0.52447552447552448 1 0.52797202797202802 1 0.53146853146853146 1 0.534965034965035 1 0.53846153846153844 1 0.54195804195804198 1 0.54545454545454541 1 0.54895104895104896 1 0.55244755244755239 1 0.55594405594405594 1 0.55944055944055948 1 0.56293706293706292 1 0.56643356643356646 1 0.56993006993006989 1 0.57342657342657344 1 0.57692307692307687 1 0.58041958041958042 1 0.58391608391608396 1 0.58741258741258739 1 0.59090909090909094 1 0.59440559440559437 1 0.59790209790209792 1 0.60139860139860135 1 0.6048951048951049 1 0.60839160839160844 1 0.61188811188811187 1 0.61538461538461542 1 0.61888111888111885 1 0.6223776223776224 1 0.62587412587412583 1 0.62937062937062938 1 0.63286713286713292 1 0.63636363636363635 1 0.6398601398601399 1 0.64335664335664333 1 0.64685314685314688 1 0.65034965034965031 1 0.65384615384615385 1 0.65734265734265729 1 0.66083916083916083 1 0.66433566433566438 1 0.66783216783216781 1 0.67132867132867136 1 0.67482517482517479 1 0.67832167832167833 1 0.68181818181818177 1 0.68531468531468531 1 0.68881118881118886 1 0.69230769230769229 1 0.69580419580419584 1 0.69930069930069927 1 0.70279720279720281 1 0.70629370629370625 1 0.70979020979020979 1 0.71328671328671334 1 0.71678321678321677 1 0.72027972027972031 1 0.72377622377622375 1 0.72727272727272729 1 0.73076923076923073 1 0.73426573426573427 1 0.73776223776223782 1 0.74125874125874125 1 0.74475524475524479 1 0.74825174825174823 1 0.75174825174825177 1 0.75524475524475521 1 0.75874125874125875 1 0.76223776223776218 1 0.76573426573426573 1 0.76923076923076927 1 0.77272727272727271 1 0.77622377622377625 1 0.77972027972027969 1 0.78321678321678323 1 0.78671328671328666 1 0.79020979020979021 1 0.79370629370629375 1 0.79720279720279719 1 0.80069930069930073 1 0.80419580419580416 1 0.80769230769230771 1 0.81118881118881114 1 0.81468531468531469 1 0.81818181818181823 1 0.82167832167832167 1 0.82517482517482521 1 0.82867132867132864 1 0.83216783216783219 1 0.83566433566433562 1 0.83916083916083917 1 0.84265734265734271 1 0.84615384615384615 1 0.84965034965034969 1 0.85314685314685312 1 0.85664335664335667 1 0.8601398601398601 1 0.86363636363636365 1 0.86713286713286708 1 0.87062937062937062 1 0.87412587412587417 1 0.8776223776223776 1 0.88111888111888115 1 0.88461538461538458 1 0.88811188811188813 1 0.89160839160839156 1 0.8951048951048951 1 0.89860139860139865 1 0.90209790209790208 1 0.90559440559440563 1 0.90909090909090906 1 0.91258741258741261 1 0.91608391608391604 1 0.91958041958041958 1 0.92307692307692313 1 0.92657342657342656 1 0.93006993006993011 1 0.93356643356643354 1 0.93706293706293708 1 0.94055944055944052 1 0.94405594405594406 1 0.9475524475524475 1 0.95104895104895104 1 0.95454545454545459 1 0.95804195804195802 1 0.96153846153846156 1 0.965034965034965 1 0.96853146853146854 1 0.97202797202797198 1 0.97552447552447552 1 0.97902097902097907 1 0.9825174825174825 1 0.98601398601398604 1 0.98951048951048948 1 0.99300699300699302 1 0.99650349650349646 1 1 4
7 0 0  3 289 287  4.7123889803844747 1.0577884311269279  4.7105578017121639 1.057788527638533  4.7068954909411209 1.0577886274664798  4.7014021585545969 1.0577885973395  4.6959089539474226 1.0577884960441375  4.6904158712688959 1.0577884008382166  4.6849229046632823 1.0577883594414947  4.6794300481119553 1.057788370827818  4.6739372956744516 1.0577884174094039  4.6684446412559755 1.057788441106374  4.6629520793872947 1.057788429603717  4.6574596053489445 1.0577884255671557  4.6519672144031086 1.0577884336314436  4.6464749014663482 1.0577884245906226  4.6409826610056371 1.057788406974788  4.6354904880999888 1.057788409784796  4.6299983776448332 1.0577884301848863  4.6245063248311062 1.0577884298113314  4.619014323452781 1.0577884155551804  4.613522366414438 1.0577884168867022  4.6080304468638289 1.0577884323946578  4.6025385578251514 1.0577884268061919  4.5970466926418858 1.0577884069667016  4.5915548449482042 1.0577884061946607  4.5860630082638263 1.0577884252525673  4.5805711763889398 1.0577884334844547  4.5750793418913336 1.0577884223465543  4.5695874957002633 1.0577884233773374  4.5640956291493637 1.0577884355059564  4.5586037331887095 1.0577884310810126  4.5531117998927835 1.0577883893789199  4.5476198251034869 1.057788365330333  4.5421278041898461 1.0577883748150116  4.5366357325470998 1.0577884116237359  4.5311436059143224 1.0577884458192937  4.525651418493382 1.0577884146755232  4.5201591717220868 1.0577883426812804  4.5146668736393147 1.0577883018150496  4.5091745308751161 1.0577883142144999  4.5036821504589968 1.0577883716706025  4.4981897392205896 1.0577884389674765  4.4926973042462386 1.057788421067835  4.4872048509187223 1.0577883498294169  4.4817123838831545 1.0577883018898355  4.4762199080059508 1.0577883042763647  4.4707274281085114 1.0577883556828676  4.4652349490239729 1.0577884281184362  4.4597424755078627 1.0577884390417369  4.4542500124889735 1.0577884101620552  4.4487575650339624 1.0577883987402921  4.4432651382360362 1.0577884135595967  4.4377727370920095 1.0577884380324647  4.4322803669663422 1.057788414869069  4.4267880261990449 1.0577883894996445  4.4212957126538139 1.0577883901737211  4.4158034243447108 1.0577884162841844  4.4103111592410738 1.0577884383623433  4.4048189153088755 1.0577884097941026  4.3993266906196027 1.057788386763499  4.3938344832697158 1.0577883906993424  4.3883422913668433 1.0577884193875662  4.3828501130092228 1.0577884379082696  4.3773579462653922 1.0577884042115595  4.3718657892464945 1.057788378752446  4.3663736400948272 1.057788382561949  4.3608814969600678 1.0577884134995594  4.3553893579830874 1.0577884393340475  4.3498972212679128 1.0577884092096039  4.3444050849149489 1.0577883818024778  4.3389129470633074 1.0577883825337777  4.3334208058459147 1.0577884104974238  4.3279286594354049 1.0577884411774026  4.3224365057889793 1.0577884086532459  4.3169443445946447 1.0577883615803514  4.3114521758866973 1.0577883453488601  4.3059599996356512 1.0577883693990733  4.3004678158306913 1.0577884211855753  4.2949756244318467 1.0577884423187731  4.289483425358692 1.05778843362737  4.2839912185458386 1.0577884280107457  4.2784990039356421 1.0577884264122377  4.2730067814732324 1.057788438405161  4.267514551103794 1.0577884307380472  4.2620223127118217 1.0577883785218409  4.2565300661086392 1.0577883458528803  4.251037811148036 1.0577883527262815  4.2455455476835642 1.0577883944159396  4.2400532755568143 1.0577884399817399  4.2345609945674365 1.0577884188749718  4.2290687045018869 1.0577883825815566  4.223576405190137 1.0577883720249561  4.2180840964659243 1.0577883939882027  4.2125917781915794 1.0577884334808785  4.2070994500788048 1.0577884275903695  4.2016071123720238 1.057788374916824  4.1961147659777227 1.0577883435941688  4.1906224116994792 1.0577883523022278  4.1851300503794677 1.0577883969956163  4.1796376828366641 1.0577884407517033  4.1741453098511228 1.0577884277217751  4.1686529322168964 1.0577884138874925  4.1631605507589997 1.0577884204001571  4.1576681663041182 1.0577884362790095  4.152175779667628 1.0577884431215534  4.1466833916379882 1.0577884047437491  4.1411910030567141 1.05778835509671  4.1356986148282218 1.0577883406992656  4.1302062278670704 1.057788367743931  4.1247138430870089 1.0577884206463568  4.1192214613743214 1.0577884376867976  4.1137290835860449 1.0577883987681636  4.1082367106310658 1.0577883733050557  4.1027443434486441 1.0577883797731158  4.0972519829729368 1.0577884147131662  4.0917596301717998 1.0577884396603345  4.0862672858028981 1.057788404693923  4.0807749492078669 1.057788374526808  4.0752826198807846 1.0577883747015422  4.0697902972937667 1.057788405129124  4.0642979809208315 1.0577884397491157  4.0588056701978443 1.0577884143467753  4.0533133645638593 1.0577883791507157  4.0478210635004848 1.0577883717127616  4.0423287665012744 1.0577883964396586  4.036836473059962 1.0577884354584863  4.0313441826291481 1.057788425422495  4.0258518947324351 1.0577883929028677  4.0203596089565403 1.0577883836862165  4.0148673248972999 1.0577884031411884  4.009375042150527 1.0577884363147101  4.0038827602824245 1.0577884217953475  3.9983904788490547 1.0577883892427435  3.9928981974485023 1.0577883819283547  3.9874059156874808 1.0577884036372909  3.9819136331847926 1.0577884371126407  3.9764213494714968 1.0577884205395134  3.9709290645208859 1.0577883903114544  3.9654367784568714 1.0577883857418129  3.9599444913857096 1.0577884089917031  3.954452203416519 1.0577884390162728  3.948959914622399 1.0577884144757876  3.9434676250755181 1.0577883823594958  3.9379753348875064 1.0577883782607966  3.9324830441804086 1.0577884051591024  3.9269907530703576 1.0577884378671512  3.9214984616417916 1.0577884261760817  3.9160061700426558 1.0577884168152087  3.910513878446658 1.0577884255939605  3.905021587026571 1.0577884379517108  3.8995292959412331 1.0577884302348854  3.8940370053316045 1.0577883908807828  3.8885447153583237 1.0577883729305479  3.8830524262091366 1.0577883878716638  3.8775601380616838 1.0577884265247135  3.8720678511110211 1.0577884333555225  3.8665755653458542 1.0577884028133306  3.8610832805885047 1.0577883906953296  3.8555909967225235 1.0577884050140849  3.8500987136204783 1.0577884351254132  3.8446064311333426 1.0577884234892245  3.8391141490911997 1.0577883953835854  3.8336218673593412 1.0577883916523538  3.8281295858148261 1.0577884136724198  3.8226373043294855 1.0577884393016561  3.8171450227417814 1.057788410634408  3.8116527408835461 1.0577883794741001  3.8061604586241424 1.057788377494397  3.8006681758422975 1.0577884071974437  3.7951758924094077 1.0577884386428655  3.7896836081647911 1.057788432031177  3.784191322960659 1.0577884297060174  3.7786990366639568 1.0577884298571827  3.7732067491433039 1.0577884376760873  3.7677144602515513 1.0577884251543721  3.7622221698727252 1.0577883874929219  3.756729878000904 1.0577883757140059  3.751237584633099 1.0577883953933258  3.7457452897678767 1.0577884331794185  3.7402529933753965 1.0577884270641664  3.7347606954045354 1.0577883947260855  3.7292683958430257 1.0577883851499714  3.7237760946940059 1.057788404189687  3.7182837919582017 1.0577884360116323  3.7127914876088406 1.0577884248336105  3.707299181590026 1.0577884090855345  3.7018068738746064 1.0577884149247103  3.6963145644404909 1.0577884369383455  3.6908222532521822 1.0577884388355983  3.6853299402385655 1.0577883698285169  3.6798376254011997 1.0577883057587578  3.6743453087820086 1.0577882837698509  3.6688529904404183 1.0577883157337098  3.6633606704303721 1.0577883832909247  3.6578683487951484 1.0577884442436001  3.6523760254910327 1.0577884119764673  3.6468837007145307 1.0577883460240787  3.6413913747993862 1.057788305031125  3.6358990480837208 1.0577883123352565  3.6304067209191957 1.057788363191098  3.6249143936416113 1.0577884292657345  3.619422066558784 1.0577884334404666  3.6139297399056391 1.0577883585898515  3.6084374139236557 1.057788293024102  3.6029450889027066 1.0577882712292463  3.5974527651482191 1.0577883057555078  3.5919604429643148 1.0577883796937211  3.5864681226336255 1.0577884448606953  3.5809758043944773 1.0577884367081403  3.5754834885471807 1.0577884191361553  3.5699911754284002 1.0577884172326018  3.5644988653746066 1.0577884336304562  3.5590065587470372 1.0577884283661614  3.5535142557293491 1.0577883904436836  3.5480219562866866 1.0577883755160156  3.5425296604518284 1.0577883924688829  3.5370373682462675 1.0577884302865608  3.5315450796695744 1.057788434413742  3.5260527947125846 1.0577884124178722  3.5205605134007638 1.0577884063585641  3.51506823577426 1.0577884220607219  3.5095759618698508 1.057788436732148  3.504083691697188 1.0577884083772684  3.4985914253101607 1.0577883904360648  3.4930991627898953 1.0577883993442156  3.4876069042218525 1.0577884296667153  3.4821146496713959 1.057788430296523  3.4766223991885781 1.0577884008136418  3.4711301528672478 1.0577883922232458  3.4656379108194404 1.0577884100103043  3.4601456731460027 1.0577884368273798  3.4546534399581454 1.057788421911096  3.4491612100822735 1.0577884085150042  3.4436689823283859 1.0577884154453858  3.438176755524601 1.057788437204092  3.4326845284667118 1.0577884249776586  3.427192299978135 1.0577883741585985  3.4217000689912562 1.0577883466860596  3.4162078344468751 1.0577883583342065  3.4107155952998891 1.0577884021530017  3.4052233504615019 1.0577884427706208  3.3997310989066856 1.0577884159111466  3.3942388390280951 1.0577883665778529  3.3887465689132714 1.0577883430297366  3.3832542867517876 1.0577883597328741  3.37776199069866 1.0577884054990234  3.372269678941739 1.0577884432478497  3.3667773494521414 1.0577884028480298  3.3612850045632308 1.0577883511264068  3.3557926468576422 1.0577883326174482  3.3503002788681675 1.0577883585858447  3.3448079031817013 1.0577884154293147  3.3393155221974236 1.057788442005219  3.333823138982039 1.0577884245437901  3.3283307575562961 1.0577884186101802  3.3228383817606768 1.0577884303528213  3.3173460155464185 1.0577884346573494  3.3118536625747304 1.057788395660455  3.3063613250840835 1.0577883737987701  3.3008690055111818 1.0577883855408272  3.2953767061881054 1.0577884250002476  3.2898844297082546 1.0577884400442281  3.2843921771247961 1.0577884355754481  3.2788999487179846 1.0577884285399486  3.2734077449407506 1.0577884141585761  3.2679155662836492 1.0577884194207856  3.2624234129953664 1.0577884383565661  3.2569312863062083 1.0577884220190319  3.2514391827161853 1.0577883711034102  3.2459470940606483 1.0577883410185249  3.2404550132068439 1.0577883477056542  3.2349629327284668 1.0577883868294027  3.2294708453817367 1.0577884349704045  3.223978743419921 1.0577884256688501  3.2184866213752672 1.0577883716563961  3.2129944755178101 1.0577883359999034  3.2075023017574771 1.0577883392731  3.2020100961026619 1.0577883802589183  3.1965178545453528 1.0577884340427299  3.1910255729494175 1.0577884389590202  3.1855332481410015 1.0577884283747572  3.1800408771051774 1.0577884291031512  3.1745484568474764 1.057788433856041  3.1690559840199115 1.0577884071271495  3.1635634538565038 1.0577883980268301  3.1580708617398723 1.0577884210155191  3.152578203001795 1.0577884676750218  3.147085473007234 1.0577885024527098  3.143423602371012 1.0577884707655671  3.1415926536123076 1.0577884311268284 
 0 4 0.0034965034965034965 1 0.006993006993006993 1 0.01048951048951049 1 0.013986013986013986 1 0.017482517482517484 1 0.02097902097902098 1 0.024475524475524476 1 0.027972027972027972 1 0.031468531468531472 1 0.034965034965034968 1 0.038461538461538464 1 0.04195804195804196 1 0.045454545454545456 1 0.048951048951048952 1 0.052447552447552448 1 0.055944055944055944 1 0.05944055944055944 1 0.062937062937062943 1 0.066433566433566432 1 0.069930069930069935 1 0.073426573426573424 1 0.076923076923076927 1 0.080419580419580416 1 0.083916083916083919 1 0.087412587412587409 1 0.090909090909090912 1 0.094405594405594401 1 0.097902097902097904 1 0.10139860139860139 1 0.1048951048951049 1 0.10839160839160839 1 0.11188811188811189 1 0.11538461538461539 1 0.11888111888111888 1 0.12237762237762238 1 0.12587412587412589 1 0.12937062937062938 1 0.13286713286713286 1 0.13636363636363635 1 0.13986013986013987 1 0.14335664335664336 1 0.14685314685314685 1 0.15034965034965034 1 0.15384615384615385 1 0.15734265734265734 1 0.16083916083916083 1 0.16433566433566432 1 0.16783216783216784 1 0.17132867132867133 1 0.17482517482517482 1 0.17832167832167833 1 0.18181818181818182 1 0.18531468531468531 1 0.1888111888111888 1 0.19230769230769232 1 0.19580419580419581 1 0.1993006993006993 1 0.20279720279720279 1 0.2062937062937063 1 0.20979020979020979 1 0.21328671328671328 1 0.21678321678321677 1 0.22027972027972029 1 0.22377622377622378 1 0.22727272727272727 1 0.23076923076923078 1 0.23426573426573427 1 0.23776223776223776 1 0.24125874125874125 1 0.24475524475524477 1 0.24825174825174826 1 0.25174825174825177 1 0.25524475524475526 1 0.25874125874125875 1 0.26223776223776224 1 0.26573426573426573 1 0.26923076923076922 1 0.27272727272727271 1 0.2762237762237762 1 0.27972027972027974 1 0.28321678321678323 1 0.28671328671328672 1 0.29020979020979021 1 0.2937062937062937 1 0.29720279720279719 1 0.30069930069930068 1 0.30419580419580422 1 0.30769230769230771 1 0.3111888111888112 1 0.31468531468531469 1 0.31818181818181818 1 0.32167832167832167 1 0.32517482517482516 1 0.32867132867132864 1 0.33216783216783219 1 0.33566433566433568 1 0.33916083916083917 1 0.34265734265734266 1 0.34615384615384615 1 0.34965034965034963 1 0.35314685314685312 1 0.35664335664335667 1 0.36013986013986016 1 0.36363636363636365 1 0.36713286713286714 1 0.37062937062937062 1 0.37412587412587411 1 0.3776223776223776 1 0.38111888111888109 1 0.38461538461538464 1 0.38811188811188813 1 0.39160839160839161 1 0.3951048951048951 1 0.39860139860139859 1 0.40209790209790208 1 0.40559440559440557 1 0.40909090909090912 1 0.41258741258741261 1 0.41608391608391609 1 0.41958041958041958 1 0.42307692307692307 1 0.42657342657342656 1 0.43006993006993005 1 0.43356643356643354 1 0.43706293706293708 1 0.44055944055944057 1 0.44405594405594406 1 0.44755244755244755 1 0.45104895104895104 1 0.45454545454545453 1 0.45804195804195802 1 0.46153846153846156 1 0.46503496503496505 1 0.46853146853146854 1 0.47202797202797203 1 0.47552447552447552 1 0.47902097902097901 1 0.4825174825174825 1 0.48601398601398599 1 0.48951048951048953 1 0.49300699300699302 1 0.49650349650349651 1 0.5 1 0.50349650349650354 1 0.50699300699300698 1 0.51048951048951052 1 0.51398601398601396 1 0.5174825174825175 1 0.52097902097902093 1 0.52447552447552448 1 0.52797202797202802 1 0.53146853146853146 1 0.534965034965035 1 0.53846153846153844 1 0.54195804195804198 1 0.54545454545454541 1 0.54895104895104896 1 0.55244755244755239 1 0.55594405594405594 1 0.55944055944055948 1 0.56293706293706292 1 0.56643356643356646 1 0.56993006993006989 1 0.57342657342657344 1 0.57692307692307687 1 0.58041958041958042 1 0.58391608391608396 1 0.58741258741258739 1 0.59090909090909094 1 0.59440559440559437 1 0.59790209790209792 1 0.60139860139860135 1 0.6048951048951049 1 0.60839160839160844 1 0.61188811188811187 1 0.61538461538461542 1 0.61888111888111885 1 0.6223776223776224 1 0.62587412587412583 1 0.62937062937062938 1 0.63286713286713292 1 0.63636363636363635 1 0.6398601398601399 1 0.64335664335664333 1 0.64685314685314688 1 0.65034965034965031 1 0.65384615384615385 1 0.65734265734265729 1 0.66083916083916083 1 0.66433566433566438 1 0.66783216783216781 1 0.67132867132867136 1 0.67482517482517479 1 0.67832167832167833 1 0.68181818181818177 1 0.68531468531468531 1 0.68881118881118886 1 0.69230769230769229 1 0.69580419580419584 1 0.69930069930069927 1 0.70279720279720281 1 0.70629370629370625 1 0.70979020979020979 1 0.71328671328671334 1 0.71678321678321677 1 0.72027972027972031 1 0.72377622377622375 1 0.72727272727272729 1 0.73076923076923073 1 0.73426573426573427 1 0.73776223776223782 1 0.74125874125874125 1 0.74475524475524479 1 0.74825174825174823 1 0.75174825174825177 1 0.75524475524475521 1 0.75874125874125875 1 0.76223776223776218 1 0.76573426573426573 1 0.76923076923076927 1 0.77272727272727271 1 0.77622377622377625 1 0.77972027972027969 1 0.78321678321678323 1 0.78671328671328666 1 0.79020979020979021 1 0.79370629370629375 1 0.79720279720279719 1 0.80069930069930073 1 0.80419580419580416 1 0.80769230769230771 1 0.81118881118881114 1 0.81468531468531469 1 0.81818181818181823 1 0.82167832167832167 1 0.82517482517482521 1 0.82867132867132864 1 0.83216783216783219 1 0.83566433566433562 1 0.83916083916083917 1 0.84265734265734271 1 0.84615384615384615 1 0.84965034965034969 1 0.85314685314685312 1 0.85664335664335667 1 0.8601398601398601 1 0.86363636363636365 1 0.86713286713286708 1 0.87062937062937062 1 0.87412587412587417 1 0.8776223776223776 1 0.88111888111888115 1 0.88461538461538458 1 0.88811188811188813 1 0.89160839160839156 1 0.8951048951048951 1 0.89860139860139865 1 0.90209790209790208 1 0.90559440559440563 1 0.90909090909090906 1 0.91258741258741261 1 0.91608391608391604 1 0.91958041958041958 1 0.92307692307692313 1 0.92657342657342656 1 0.93006993006993011 1 0.93356643356643354 1 0.93706293706293708 1 0.94055944055944052 1 0.94405594405594406 1 0.9475524475524475 1 0.95104895104895104 1 0.95454545454545459 1 0.95804195804195802 1 0.96153846153846156 1 0.965034965034965 1 0.96853146853146854 1 0.97202797202797198 1 0.97552447552447552 1 0.97902097902097907 1 0.9825174825174825 1 0.98601398601398604 1 0.98951048951048948 1 0.99300699300699302 1 0.99650349650349646 1 1 4
7 0 0  3 311 309  0.999999771654143 0.49999999999999994  0.9999997703116893 0.50036600169690348  0.99999976894473053 0.50109799809304378  0.99999976921976974 0.50219598304364543  0.99999976939217927 0.50329396970401852  0.99999976983292194 0.50439196941357778  0.99999977021254438 0.50548999350163204  0.99999977045635413 0.50658805330234391  0.99999977053156597 0.5076861601886129  0.99999977045351962 0.50878432552694342  0.99999977027920883 0.50988256068851101  0.99999977010042596 0.51098087704127426  0.99999977007769791 0.51207928598226404  0.99999977012431818 0.51317779867041935  0.99999977015297647 0.51427642622626757  0.99999977013335917 0.51537517978150094  0.99999977007053087 0.51647407046762872  0.99999977005527607 0.51757310942380941  0.99999977027745002 0.51867230778409912  0.99999977060784762 0.51977167683339653  0.99999977090437631 0.52087122787930296  0.99999977108212701 0.52197097222625943  0.99999977109493132 0.52307092118491849  0.99999977094054993 0.52417108607186036  0.9999997706584588 0.52527147821326692  0.99999977033355092 0.52637210894241615  0.99999977008354157 0.52747298961797084  0.9999997701055835 0.52857413156527278  0.99999977028676612 0.52967554658937699  0.9999997704897704 0.53077724658402137  0.9999997706317324 0.53187924343001003  0.99999977066352574 0.53298154902402528  0.99999977057563794 0.53408417527436347  0.99999977039541554 0.53518713410086505  0.99999977019222341 0.53629043745116978  0.99999977005952789 0.53739409724749698  0.99999977018130226 0.53849812559502463  0.99999977048301825 0.53960253370003941  0.99999977077927615 0.54070733228638712  0.99999977097171022 0.54181253220654424  0.9999997710008437 0.54291814429526775  0.99999977085886826 0.54402417941160641  0.9999997705867063 0.54513064842966341  0.99999977027295495 0.54623756224602837  0.9999997700609724 0.54734493177180954  0.99999977012130115 0.54845276796962927  0.99999977028946652 0.5495610817145723  0.99999977043809096 0.55066988359604119  0.99999977049220679 0.55177918426440564  0.99999977042809718 0.55288899437523076  0.99999977027769915 0.55399932460981494  0.99999977011216024 0.55511018566159098  0.99999977010314423 0.55622158828280299  0.99999977021328912 0.55733354306735472  0.99999977029911213 0.55844606051312318  0.99999977030827747 0.55955915116226029  0.99999977023545672 0.56067282557098996  0.99999977012258423 0.5617870943176545  0.99999977010198027 0.56290196801375747  0.99999977019868991 0.56401745725873953  0.99999977026918119 0.56513357261682617  0.99999977026786868 0.5662503246850783  0.99999977019548281 0.56736772407129255  0.99999977010019736 0.568485781441875  0.99999977012477914 0.56960450736561019  0.99999977022156161 0.57072391319864424  0.99999977028239817 0.57184401065360668  0.99999977027170128 0.57296481138713728  0.99999977019473674 0.57408632710516261  0.99999977010108709 0.57520856953698629  0.99999977010249552 0.57633155044642581  0.999999770126762 0.57745528161669746  0.99999977012376606 0.57857977485740575  0.99999977010435992 0.57970504200853867  0.99999977008768859 0.58083109494199114  0.99999977009734686 0.581957945561979  0.99999977020721409 0.58308560580643642  0.99999977030524601 0.58421408760797522  0.99999977033192966 0.58534340292987164  0.99999977027401266 0.58647356376789739  0.99999977016368002 0.58760458215263545  0.99999977008816621 0.58873647015143959  0.99999977015169728 0.58986923987138296  0.99999977022518249 0.59100290345457629  0.999999770247473 0.59213747307596076  0.99999977019974473 0.59327296094661019  0.99999977010899455 0.59440937931446269  0.99999977005967622 0.59554674047128775  0.99999977014274188 0.59668505673704331  0.9999997702272686 0.5978243403722534  0.99999977025554543 0.59896460368273219  0.99999977021215303 0.60010585901093794  0.9999997701277733 0.60124811874116979  0.99999977009489327 0.60239139530086128  0.99999977019934216 0.60353570116372035  0.99999977030047005 0.60468104884441065  0.99999977033598197 0.60582745089691326  0.99999977028468534 0.60697491991755614  0.99999977017109165 0.60812346854694421  0.99999977008429097 0.60927310947281965  0.99999977009331653 0.61042385543025979  0.99999977010934638 0.61157571919360532  0.99999977012765606 0.61272871358312875  0.99999977012050312 0.61388285146579447  0.99999977009221808 0.61503814575600035  0.99999977012398877 0.61619460941789628  0.99999977023059361 0.61735225546814521  0.99999977029624609 0.61851109697150475  0.99999977028599041 0.61967114703985582  0.9999997702068697 0.62083241883788609  0.99999977010578456 0.62199492557475922  0.99999977011688113 0.623158680545849  0.99999977020706377 0.6243236969362792  0.99999977026193643 0.62548998787879584  0.99999977024739051 0.62665756658070204  0.99999977017282204 0.6278264462964197  0.99999977009363816 0.62899664033761893  0.99999977013800545 0.63016816207457982  0.99999977021335817 0.63134102493178712  0.99999977024099307 0.63251524238569745  0.99999977020314534 0.63369082796855924  0.99999977012419794 0.63486779527001258  0.99999977009944307 0.63604615794148434  0.99999977019388409 0.63722592969133085  0.99999977027151421 0.63840712426592428  0.99999977028184051 0.63958975547114783  0.99999977021715414 0.64077383717208125  0.99999977011466912 0.64195938329586844  0.9999997700907024 0.64314640783546917  0.99999977010751118 0.64433492484387633  0.99999977011480545 0.64552494843394259  0.9999997701158686 0.64671649278089971  0.99999977009551788 0.64790957213180078  0.99999977011957175 0.64910420077270758  0.99999977020948894 0.65030039317344257  0.99999977025875897 0.65149816408950656  0.99999977023956677 0.65269752830496486  0.99999977016362052 0.65389850068412636  0.99999977009340735 0.6551010961607443  0.99999977013633723 0.65630532974491307  0.99999977018855435 0.65751121651793087  0.99999977019592756 0.65871877163109493  0.99999977015332253 0.65992801030915615  0.99999977009752994 0.66113894785219163  0.99999977013629948 0.66235159964029944  0.99999977019441744 0.66356598112093301  0.99999977020571029 0.66478210781389657  0.99999977016394215 0.66599999531689702  0.99999977010132857 0.66721965930721661  0.99999977012455876 0.66844111554546926  0.99999977017041086 0.66966437987303862  0.9999997701755855 0.67088946820963768  0.99999977013737962 0.67211639655717881  0.99999977009725649 0.67334518100168383  0.99999977014774355 0.6745758377180554  0.99999977019482356 0.67580838286616463  0.99999977019209507 0.67704283268772125  0.99999977013950503 0.67827920351094317  0.9999997700972435 0.6795175117530915  0.99999977012805652 0.68075777392225434  0.99999977015126473 0.68200000661187632  0.99999977013848274 0.68324422650457484  0.99999977010226959 0.68449045037345413  0.99999977012968666 0.68573869508949914  0.99999977016856989 0.68698897759545352  0.99999977016478581 0.68824131491915008  0.99999977012062535 0.68949572418480143  0.99999977010662622 0.69075222261427849  0.99999977014571084 0.69201082752807475  0.99999977015472608 0.69327155633945248  0.99999977012593699 0.69453442656183506  0.99999977010351593 0.69579945580394209  0.9999997701420309 0.69706666180105703  0.99999977015697861 0.69833606249170976  0.99999977013370578 0.69960767590526318  0.99999977010175456 0.70088152018023864  0.99999977013374275 0.70215761356382411  0.99999977015214758 0.70343597441113703  0.9999997701340485 0.7047166211841428  0.99999977010220142 0.7059995724552216  0.99999977013181152 0.70728484691081417  0.99999977015151365 0.70857246334598067  0.99999977013469921 0.70986244066724125  0.99999977010251739 0.71115479789627134  0.99999977013025398 0.71244955417351985  0.99999977014932517 0.71374672875669321  0.99999977013260455 0.71504634102005471  0.9999997701025426 0.71634841045776432  0.9999997701317781 0.7176529566888239  0.99999977014964969 0.71895999941186817  0.99999977013142827 0.72026955844584306  0.99999977010233887 0.72158165373508953  0.99999977013382679 0.72289630535276139  0.99999977015180097 0.72421353350045803  0.99999977013300567 0.72553335850649736  0.99999977010207963 0.72685580082974466  0.99999977013318786 0.72818088106344558  0.99999977015256858 0.72950861993813731  0.99999977013511809 0.7308390383166411  0.99999977010184804 0.73217215719790008  0.99999977013239283 0.73350799772103736  0.99999977015677888 0.73484658116434987  0.99999977014284369 0.73618792894525265  0.9999997701039206 0.73753206261836191  0.99999977012520957 0.73887900390145089  0.99999977015596531 0.74022877452543989  0.99999977014817976 0.7415813963282708  0.99999977010832841 0.74293689130344842  0.99999977011821539 0.74429528159172809  0.99999977016129571 0.74565658948960623  0.99999977016513475 0.74702083744383507  0.99999977012721164 0.74838804805318038  0.99999977010325025 0.74975824407098435  0.99999977014050745 0.75113144841522328  0.99999977015221397 0.7525076841755769  0.99999977012740093 0.75388697459749332  0.99999977009876551 0.75526934308916216  0.99999977014350294 0.75665481322464812  0.99999977018267838 0.75804340874614817  0.99999977017406416 0.75943515355862667  0.99999977012273333 0.76083007173985562  0.9999997701048543 0.76222818752215793  0.99999977015109454 0.76362952538740425  0.99999977016840813 0.76503411012314315  0.9999997701443647 0.76644196666883369  0.99999977010067798 0.76785312015005813  0.99999977013172692 0.76926759587513627  0.9999997701730523 0.7706854193375382  0.999999770171205 0.7721066162126673  0.99999977012738317 0.77353121236283573  0.999999770101893 0.77495923384100718  0.99999977015136376 0.77639070689575562  0.9999997701777128 0.77782565796843073  0.99999977015952646 0.77926411369356785  0.99999977010855678 0.78070610090375958  0.9999997701171035 0.78215164663416248  0.99999977016437402 0.78360077812511497  0.9999997701731469 0.78505352281831819  0.99999977013910679 0.78650990836085988  0.99999977009816543 0.78796996261048036  0.999999770142325 0.78943371363698966  0.9999997701849147 0.7909011898399817  0.9999997701811737 0.79237241983644069  0.99999977013193342 0.79384743246172174  0.99999977009885554 0.79532625677516211  0.99999977013294272 0.79680892206423404  0.99999977015396591 0.79829545784199718  0.99999977013843688 0.79978589384917964  0.99999977010149177 0.80128026005894382  0.99999977013131025 0.80277858668262347  0.99999977017410602 0.80428090416879727  0.99999977017346142 0.80578724320245898  0.99999977013006236 0.80729763471132909  0.99999977010152685 0.80881210986996843  0.99999977014347052 0.81033070010678521  0.99999977016366171 0.81185343710084767  0.99999977014459318 0.81338035278982579  0.99999977010185026 0.81491147934346897  0.99999977012901065 0.81644684929033307  0.99999977017541164 0.81798649478763719  0.99999977017575781 0.81953044802063491  0.99999977013005337 0.82107874149079585  0.99999977010130525 0.82263140794969003  0.99999977014632657 0.82418848042298254  0.99999977016583219 0.82574999219994871  0.99999977014304642 0.82731597684029134  0.99999977009934693 0.82888646817943534  0.99999977013549168 0.83046150033408284  0.99999977018264896 0.83204110771043416  0.9999997701814316 0.83362532499667785  0.99999977013030639 0.83521418716760731  0.99999977009966445 0.83680772949128213  0.99999977011341989 0.83840598753165563  0.99999977011277419 0.8400089971426592  0.99999977010965746 0.84161679448668059  0.99999977010584584 0.84322941600362677  0.9999997701510982 0.84484689854412121  0.99999977017268749 0.84646928069300587  0.99999977015232089 0.84809660128781439  0.99999977010620555 0.84972889952362307  0.99999977011897712 0.85136621493369358  0.99999977014959418 0.85300858739880925  0.99999977014765029 0.85465605714638981  0.99999977011412999 0.85630866475189327  0.9999997701113752 0.85796645116838899  0.99999977015116792 0.85962945763354703  0.99999977015943331 0.86129772563624973  0.99999977013046304 0.86297129705468811  0.9999997701023422 0.86465021413548426  0.99999977013602781 0.86633451950984897  0.99999977015280561 0.86802425619808465  0.99999977013528352 0.86971946760588892  0.99999977010151064 0.8714201975298751  0.99999977013294705 0.87312649017542698  0.99999977016778108 0.87483839006731945  0.99999977016215347 0.87655594212051335  0.99999977011839647 0.87827919166324175  0.99999977010503571 0.88000818444524742  0.99999977011573415 0.88174296662127671  0.99999977010730523 0.88348358475743516  0.99999977008671914 0.8852300858385479  0.99999977012340469 0.88698251727471589  0.9999997702360014 0.88874092696847051  0.99999977029719267 0.8905053633552642  0.99999977025397235 0.89227587530625407  0.99999977010184682 0.89405251215805603  0.99999976983520544 0.89583532370849095  0.9999997697220816 0.89762436023377234  0.9999997693333551 0.8994196724478567  0.99999977047272071 0.90062076531408153  0.999999771654143 0.90122237479497791 
 8.5759657220100874e-15 4 0.0032467532467617953 1 0.006493506493515014 1 0.0097402597402682332 1 0.012987012987021453 1 0.016233766233774673 1 0.01948051948052789 1 0.02272727272728111 1 0.02597402597403433 1 0.02922077922078755 1 0.03246753246754077 1 0.03571428571429399 1 0.038961038961047204 1 0.042207792207800424 1 0.045454545454553644 1 0.048701298701306864 1 0.051948051948060084 1 0.055194805194813304 1 0.058441558441566524 1 0.061688311688319744 1 0.064935064935072964 1 0.068181818181826184 1 0.071428571428579404 1 0.074675324675332624 1 0.077922077922085831 1 0.081168831168839051 1 0.084415584415592271 1 0.087662337662345491 1 0.090909090909098711 1 0.094155844155851931 1 0.097402597402605151 1 0.10064935064935837 1 0.10389610389611159 1 0.10714285714286481 1 0.11038961038961803 1 0.11363636363637125 1 0.11688311688312447 1 0.12012987012987769 1 0.12337662337663091 1 0.12662337662338413 1 0.12987012987013735 1 0.13311688311689057 1 0.13636363636364379 1 0.13961038961039701 1 0.14285714285715023 1 0.14610389610390345 1 0.14935064935065667 1 0.15259740259740989 1 0.15584415584416308 1 0.1590909090909163 1 0.16233766233766952 1 0.16558441558442274 1 0.16883116883117597 1 0.17207792207792919 1 0.17532467532468241 1 0.17857142857143563 1 0.18181818181818885 1 0.18506493506494207 1 0.18831168831169529 1 0.19155844155844851 1 0.19480519480520173 1 0.19805194805195495 1 0.20129870129870817 1 0.20454545454546139 1 0.20779220779221461 1 0.21103896103896783 1 0.21428571428572105 1 0.21753246753247427 1 0.22077922077922749 1 0.22402597402598071 1 0.22727272727273393 1 0.23051948051948715 1 0.23376623376624037 1 0.23701298701299359 1 0.24025974025974681 1 0.24350649350650003 1 0.24675324675325325 1 0.25000000000000644 1 0.25324675324675966 1 0.25649350649351288 1 0.2597402597402661 1 0.26298701298701932 1 0.26623376623377254 1 0.26948051948052576 1 0.27272727272727898 1 0.2759740259740322 1 0.27922077922078542 1 0.28246753246753864 1 0.28571428571429186 1 0.28896103896104508 1 0.2922077922077983 1 0.29545454545455152 1 0.29870129870130474 1 0.30194805194805796 1 0.30519480519481118 1 0.3084415584415644 1 0.31168831168831757 1 0.31493506493507079 1 0.31818181818182401 1 0.32142857142857723 1 0.32467532467533045 1 0.32792207792208367 1 0.33116883116883689 1 0.33441558441559011 1 0.33766233766234333 1 0.34090909090909655 1 0.34415584415584977 1 0.34740259740260299 1 0.35064935064935621 1 0.35389610389610943 1 0.35714285714286265 1 0.36038961038961587 1 0.36363636363636909 1 0.36688311688312231 1 0.37012987012987553 1 0.37337662337662875 1 0.37662337662338197 1 0.37987012987013519 1 0.38311688311688841 1 0.38636363636364163 1 0.38961038961039485 1 0.39285714285714807 1 0.39610389610390129 1 0.39935064935065451 1 0.40259740259740773 1 0.40584415584416095 1 0.40909090909091417 1 0.41233766233766739 1 0.41558441558442061 1 0.41883116883117383 1 0.42207792207792705 1 0.42532467532468027 1 0.42857142857143349 1 0.43181818181818671 1 0.43506493506493993 1 0.43831168831169315 1 0.44155844155844637 1 0.44480519480519959 1 0.44805194805195281 1 0.45129870129870603 1 0.45454545454545925 1 0.45779220779221247 1 0.46103896103896569 1 0.46428571428571891 1 0.46753246753247213 1 0.47077922077922535 1 0.47402597402597857 1 0.47727272727273179 1 0.48051948051948501 1 0.48376623376623823 1 0.48701298701299145 1 0.49025974025974467 1 0.49350649350649789 1 0.49675324675325111 1 0.50000000000000433 1 0.50324675324675749 1 0.50649350649351077 1 0.50974025974026393 1 0.51298701298701721 1 0.51623376623377037 1 0.51948051948052365 1 0.52272727272727681 1 0.52597402597403009 1 0.52922077922078326 1 0.53246753246753653 1 0.5357142857142897 1 0.53896103896104297 1 0.54220779220779614 1 0.54545454545454941 1 0.54870129870130258 1 0.55194805194805585 1 0.55519480519480902 1 0.55844155844156229 1 0.56168831168831546 1 0.56493506493506873 1 0.5681818181818219 1 0.57142857142857517 1 0.57467532467532834 1 0.57792207792208161 1 0.58116883116883478 1 0.58441558441558805 1 0.58766233766234122 1 0.59090909090909449 1 0.59415584415584766 1 0.59740259740260093 1 0.6006493506493541 1 0.60389610389610737 1 0.60714285714286054 1 0.61038961038961381 1 0.61363636363636698 1 0.61688311688312025 1 0.62012987012987342 1 0.62337662337662658 1 0.62662337662337986 1 0.62987012987013302 1 0.6331168831168863 1 0.63636363636363946 1 0.63961038961039274 1 0.6428571428571459 1 0.64610389610389918 1 0.64935064935065234 1 0.65259740259740562 1 0.65584415584415878 1 0.65909090909091206 1 0.66233766233766522 1 0.6655844155844185 1 0.66883116883117166 1 0.67207792207792494 1 0.6753246753246781 1 0.67857142857143138 1 0.68181818181818454 1 0.68506493506493782 1 0.68831168831169098 1 0.69155844155844426 1 0.69480519480519742 1 0.6980519480519507 1 0.70129870129870386 1 0.70454545454545714 1 0.7077922077922103 1 0.71103896103896358 1 0.71428571428571674 1 0.71753246753247002 1 0.72077922077922318 1 0.72402597402597646 1 0.72727272727272962 1 0.7305194805194829 1 0.73376623376623606 1 0.73701298701298934 1 0.7402597402597425 1 0.74350649350649578 1 0.74675324675324894 1 0.75000000000000222 1 0.75324675324675539 1 0.75649350649350866 1 0.75974025974026183 1 0.7629870129870151 1 0.76623376623376827 1 0.76948051948052154 1 0.77272727272727471 1 0.77597402597402798 1 0.77922077922078115 1 0.78246753246753442 1 0.78571428571428759 1 0.78896103896104086 1 0.79220779220779403 1 0.7954545454545473 1 0.79870129870130047 1 0.80194805194805374 1 0.80519480519480691 1 0.80844155844156018 1 0.81168831168831335 1 0.81493506493506662 1 0.81818181818181979 1 0.82142857142857306 1 0.82467532467532623 1 0.8279220779220795 1 0.83116883116883267 1 0.83441558441558583 1 0.83766233766233911 1 0.84090909090909227 1 0.84415584415584555 1 0.84740259740259871 1 0.85064935064935199 1 0.85389610389610515 1 0.85714285714285843 1 0.86038961038961159 1 0.86363636363636487 1 0.86688311688311803 1 0.87012987012987131 1 0.87337662337662447 1 0.87662337662337775 1 0.87987012987013091 1 0.88311688311688419 1 0.88636363636363735 1 0.88961038961039063 1 0.89285714285714379 1 0.89610389610389707 1 0.89935064935065023 1 0.90259740259740351 1 0.90584415584415667 1 0.90909090909090995 1 0.91233766233766311 1 0.91558441558441639 1 0.91883116883116955 1 0.92207792207792283 1 0.92532467532467599 1 0.92857142857142927 1 0.93181818181818243 1 0.93506493506493571 1 0.93831168831168887 1 0.94155844155844215 1 0.94480519480519531 1 0.94805194805194859 1 0.95129870129870175 1 0.95454545454545503 1 0.95779220779220819 1 0.96103896103896147 1 0.96428571428571463 1 0.96753246753246791 1 0.97077922077922107 1 0.97402597402597435 1 0.97727272727272751 1 0.98051948051948079 1 0.98376623376623396 1 0.98701298701298723 1 0.9902597402597404 1 0.99350649350649367 1 0.99675324675324684 1 1 4
7 0 0  3 311 309  3.1415926535897798 1.0577884732347429  3.140128646801962 1.0577885643802645  3.1372006612178396 1.0577886775952019  3.1328087637743272 1.0577886995673145  3.1284169442062058 1.0577886370309484  3.1240251995100996 1.0577885394546507  3.1196335267242246 1.0577884482517164  3.1152419228701484 1.0577883910778341  3.1108503848192934 1.0577883731455602  3.1064589094753718 1.057788391597164  3.1020674937320676 1.0577884327901712  3.0976761345064912 1.0577884750622535  3.0932848286120667 1.057788480381757  3.0888935738284142 1.0577884693132467  3.0845023681046162 1.0577884625438736  3.0801112093628626 1.0577884672407325  3.0757200955456403 1.0577884821651404  3.0713290245862837 1.0577884857766415  3.0669379944617274 1.0577884330380189  3.062547002571518 1.0577883546168005  3.0581560462518684 1.0577882842362767  3.0537651228808591 1.0577882420486191  3.0493742298428721 1.0577882390109667  3.0449833645316522 1.0577882756545385  3.040592524337518 1.0577883426093644  3.036201706659285 1.0577884197263412  3.0318109088332612 1.057788479066688  3.0274201283691604 1.0577884738372627  3.0230293609069228 1.057788430836073  3.018638601779509 1.0577883826554837  3.0142478464200888 1.0577883489618713  3.0098570902492998 1.057788341415731  3.0054663286943737 1.0577883622746409  3.0010755571915038 1.0577884050480166  2.9966847711233613 1.0577884532730553  2.9922939660328272 1.0577884847666539  2.98790313679666 1.0577884558639559  2.9835122819292197 1.0577883842539317  2.979121401922789 1.0577883139395317  2.974730496818812 1.0577882682669955  2.9703395667916603 1.0577882613525067  2.9659486119832481 1.0577882950493811  2.961557632541485 1.0577883596448623  2.957166628592502 1.0577884341112216  2.9527756002739842 1.0577884844236529  2.9483845475902846 1.0577884701051041  2.9439934709653883 1.0577884301927014  2.9396023720280491 1.0577883949180427  2.9352112522388309 1.0577883820742551  2.9308201131128948 1.0577883972900337  2.9264289561402093 1.0577884329855403  2.9220377828409672 1.0577884722747506  2.9176465945828456 1.0577884744141348  2.9132553934403882 1.0577884482718245  2.9088641819487528 1.0577884279020151  2.9044729625508334 1.0577884257265495  2.9000817377181543 1.0577884430099858  2.8956905099206161 1.0577884697998616  2.8912992815846006 1.0577884746912052  2.8869080552726847 1.0577884517395106  2.8825168337758069 1.0577884350103808  2.8781256198467182 1.057788435322802  2.8737344162883982 1.0577884525023487  2.8693432257677558 1.057788475115462  2.8649520514300604 1.0577884692767368  2.860560893428624 1.0577884463005169  2.8561697506252397 1.0577884318567603  2.8517786222111465 1.0577884343934896  2.8473875072957684 1.0577884526635426  2.8429964050104091 1.0577884748995579  2.8386053144665837 1.0577884745844264  2.83421423481715 1.0577884688387238  2.8298231652308696 1.0577884695458382  2.8254321048787769 1.0577884741038051  2.8210410529302674 1.0577884780048392  2.8166500085534896 1.0577884757614799  2.8122589709120045 1.0577884499322106  2.8078679393186499 1.0577884269802504  2.8034769130971799 1.0577884209078312  2.7990858915771506 1.0577884347336546  2.7946948740869959 1.057788460696099  2.7903038599484828 1.0577884779580282  2.7859128484674112 1.0577884616863633  2.7815218389538892 1.0577884427716395  2.7771308307329514 1.057788435951172  2.7727398231338602 1.0577884459264191  2.7683488154893667 1.0577884665163511  2.763957807110951 1.057788477921134  2.7595667973514613 1.05778845873215  2.7551757859445787 1.0577884397589474  2.750784772602155 1.05778843447742  2.746393757049808 1.0577884463129468  2.7420027390090067 1.0577884677567346  2.7376117181942945 1.0577884766139671  2.7332206943034549 1.0577884523350982  2.7288296670401713 1.0577884284570354  2.7244386361224424 1.0577884198820131  2.7200476012731785 1.057788431767799  2.7156565622149933 1.0577884584179005  2.7112655186615444 1.0577884788261196  2.7068744703190806 1.0577884766798575  2.7024834169194891 1.0577884729401235  2.6980923581970639 1.0577884686262471  2.6937012938879001 1.0577884703219178  2.6893102237293682 1.0577884770176476  2.6849191474536322 1.0577884694604132  2.680528064779542 1.0577884441517109  2.6761369754317883 1.0577884285682353  2.6717458791469069 1.0577884310053551  2.6673547756541329 1.0577884497890768  2.6629636647091992 1.0577884737864827  2.6585725459394225 1.0577884711563652  2.6541814195869278 1.0577884497540726  2.6497902862896034 1.0577884367304347  2.6453991466043165 1.0577884401818574  2.6410080011128616 1.0577884578784869  2.6366168503861602 1.0577884766706218  2.632225694981654 1.0577884661397721  2.6278345354622923 1.0577884482550377  2.6234433724072725 1.057788441696323  2.6190522064001485 1.0577884506794364  2.6146610380253041 1.0577884694173307  2.6102698678540617 1.0577884752930311  2.6058786964653797 1.0577884528784389  2.6014875245185594 1.0577884344536279  2.597096352675512 1.0577884320026467  2.5927051816044844 1.0577884473553048  2.5883140119719603 1.0577884716791568  2.5839228444313882 1.0577884773673967  2.5795316796472272 1.0577884733778726  2.5751405182981277 1.0577884716466788  2.5707493610701775 1.0577884713943768  2.5663582086248482 1.0577884762243075  2.5619670617222554 1.0577884705154299  2.5575759206919044 1.0577884491744383  2.5531847850653948 1.0577884374804918  2.548793654525257 1.0577884420356174  2.5444025287176735 1.0577884600609113  2.5400114072951729 1.057788476725483  2.5356202898943283 1.0577884665363719  2.531229176157531 1.0577884541431424  2.5268380657402831 1.0577884523932364  2.522446958301555 1.0577884625050928  2.5180558534999853 1.0577884757471603  2.5136647509799395 1.0577884665454929  2.5092736504204392 1.0577884527517334  2.5048825515199478 1.057788450071298  2.5004914539793184 1.0577884599847507  2.496100357498908 1.057788474845339  2.4917092617682046 1.057788469332114  2.4873181664782988 1.0577884584493291  2.482927071333783 1.0577884572213585  2.4785359760420484 1.0577884662891166  2.4741448803096242 1.0577884758119531  2.4697537838286463 1.0577884638294603  2.465362686650026 1.0577884526550156  2.460971588839552 1.057788453302936  2.4565804904646509 1.0577884657844492  2.4521893915886941 1.0577884758152025  2.4477982922680828 1.0577884685018095  2.443407192575004 1.0577884629936645  2.4390160925872451 1.0577884660272896  2.4346249923869392 1.0577884746220207  2.4302338920380557 1.0577884681149956  2.4258427916816787 1.0577884588862683  2.4214516914921496 1.0577884597845406  2.4170605916408494 1.0577884702657376  2.4126694922953411 1.0577884735882119  2.4082783936196202 1.0577884643117099  2.4038872957981536 1.0577884621721647  2.3994961990136394 1.0577884690048449  2.3951051034676154 1.0577884743264114  2.3907140092755403 1.0577884651852982  2.3863229162065016 1.0577884616375068  2.3819318240779328 1.0577884671610798  2.3775407326957425 1.0577884747444712  2.3731496418600591 1.0577884671516824  2.3687585513717346 1.0577884627834728  2.3643674610399823 1.0577884670788098  2.3599763706740915 1.0577884746382467  2.3555852800750139 1.057788467611982  2.3511941890580466 1.0577884629371057  2.3468030974470961 1.0577884669281508  2.3424120050662043 1.0577884745637778  2.3380209117314354 1.0577884679752019  2.3336298172602885 1.0577884634438401  2.3292387214782697 1.0577884674110676  2.3248476242118143 1.0577884745572237  2.3204565252760365 1.0577884676296716  2.3160654246308732 1.0577884633870065  2.3116743222477045 1.0577884677067371  2.3072832180967362 1.0577884746050057  2.3028921121400128 1.0577884671292372  2.2985010043372345 1.0577884628635259  2.2941098946559935 1.0577884673255606  2.2897187830635715 1.0577884746673649  2.2853276695188303 1.0577884672845452  2.2809365539673361 1.0577884626847942  2.2765454363626785 1.0577884668260853  2.272154316658463 1.0577884747219597  2.2677631947997678 1.0577884674723983  2.2633720707313163 1.0577884616846069  2.2589809444025626 1.0577884649920744  2.2545898157786484 1.0577884742302579  2.2501986847609685 1.0577884691775676  2.2458075516802123 1.0577884618780518  2.2414164169920796 1.0577884637256358  2.237025281124108 1.0577884731840594  2.2326341445078897 1.0577884708375087  2.2282430075567183 1.0577884606125696  2.2238518706885912 1.0577884597015288  2.2194607343256685 1.05778846870235  2.2150695988912577 1.057788474389338  2.2106784647829216 1.0577884655467273  2.2062873323556147 1.057788462768273  2.2018962019781889 1.0577884686575429  2.1975050740165338 1.0577884754539764  2.1931139488291582 1.0577884648356668  2.1887228267657193 1.057788455537773  2.1843317081895641 1.0577884575821128  2.1799405934517164 1.057788469765137  2.1755494829538584 1.0577884740085801  2.1711583768559404 1.0577884630337848  2.1667672749099856 1.0577884589245685  2.1623761769497865 1.0577884646311169  2.1579850827893012 1.0577884749996147  2.1535939922396059 1.0577884676307372  2.1492029051075257 1.0577884578221417  2.1448118212118161 1.0577884582610029  2.1404207403739082 1.0577884686614649  2.1360296624126907 1.0577884747114672  2.1316385871356975 1.0577884629700789  2.1272475143543463 1.0577884567163856  2.1228564438890922 1.0577884610328281  2.1184653755610481 1.0577884731300036  2.1140743091848924 1.0577884711015235  2.1096832445677225 1.0577884598823013  2.1052921815273931 1.057788457800106  2.1009011198870451 1.057788465879032  2.0965100594661452 1.0577884755963425  2.0921190000829468 1.0577884651154388  2.0877279412099203 1.057788455007074  2.0833368823205278 1.0577884558950967  2.078945822893171 1.0577884675819065  2.0745547624018483 1.0577884754324256  2.0701637003112534 1.0577884673420648  2.0657726360918498 1.0577884623523806  2.0613815692211297 1.057788466038037  2.056990499177112 1.0577884748066986  2.0525994254291735 1.0577884677294398  2.048208347448611 1.0577884575723355  2.0438172647187969 1.0577884577251138  2.0394261767245587 1.0577884680257332  2.0350350829481885 1.057788474798274  2.0306439828573017 1.0577884648433997  2.0262528759222467 1.0577884600510452  2.0218617616017007 1.0577884645769817  2.0174706394263398 1.0577884747215469  2.0130795086459417 1.0577884682753385  2.0086883703208445 1.0577884572623544  2.0042972261686871 1.0577884571800833  1.9999060777486983 1.0577884680279881  1.9955149266590733 1.0577884748508417  1.9911237744770021 1.0577884641655897  1.9867326227969035 1.057788459536225  1.9823414732195368 1.0577884649442479  1.9779503273457169 1.0577884753160469  1.9735591867695021 1.0577884667373798  1.9691680530642393 1.0577884555450519  1.9647769278125164 1.0577884558338853  1.9603858126021729 1.0577884679681051  1.9559947090169361 1.0577884752404962  1.9516036186384031 1.0577884719757218  1.9472125430714675 1.0577884721289272  1.9428214839027309 1.0577884728685918  1.9384304427950663 1.0577884737732131  1.9340394211310235 1.0577884630330037  1.9296484164536105 1.0577884579089565  1.9252574265285545 1.0577884627428531  1.9208664490661203 1.0577884736879624  1.9164754817858527 1.0577884706566916  1.9120845224020677 1.0577884633901362  1.9076935686374672 1.0577884638514115  1.9033026182303363 1.0577884718072834  1.8989116688675238 1.0577884724609214  1.8945207184421051 1.0577884630162553  1.8901297651488342 1.0577884610543513  1.8857388071292751 1.0577884679303369  1.8813478425390857 1.0577884746050392  1.8769568695174177 1.0577884666110313  1.872565886187481 1.0577884626295486  1.8681748906784452 1.0577884667882995  1.8637838811231822 1.0577884748030328  1.859392855624928 1.0577884673389251  1.8550018124989891 1.0577884590684665  1.850610750100919 1.0577884604030365  1.84621966677998 1.0577884707904759  1.8418285608712273 1.0577884739716341  1.8374374307504093 1.0577884714355938  1.833046274830342 1.05778847339782  1.8286550915550668 1.0577884782572009  1.8242638793962258 1.0577884696357449  1.8198726366984741 1.0577884430633357  1.8154813615953158 1.0577884287977128  1.8110900522664681 1.057788438587606  1.8066987068804174 1.0577884760132268  1.8023073236084621 1.0577885324114897  1.7979159006375258 1.0577885808997012  1.7935244361323806 1.057788585764446  1.7905967641892695 1.0577885263254627  1.7891329206721505 1.0577884732348246 
 8.5759657220100874e-15 4 0.0032467532467617953 1 0.006493506493515014 1 0.0097402597402682332 1 0.012987012987021453 1 0.016233766233774673 1 0.01948051948052789 1 0.02272727272728111 1 0.02597402597403433 1 0.02922077922078755 1 0.03246753246754077 1 0.03571428571429399 1 0.038961038961047204 1 0.042207792207800424 1 0.045454545454553644 1 0.048701298701306864 1 0.051948051948060084 1 0.055194805194813304 1 0.058441558441566524 1 0.061688311688319744 1 0.064935064935072964 1 0.068181818181826184 1 0.071428571428579404 1 0.074675324675332624 1 0.077922077922085831 1 0.081168831168839051 1 0.084415584415592271 1 0.087662337662345491 1 0.090909090909098711 1 0.094155844155851931 1 0.097402597402605151 1 0.10064935064935837 1 0.10389610389611159 1 0.10714285714286481 1 0.11038961038961803 1 0.11363636363637125 1 0.11688311688312447 1 0.12012987012987769 1 0.12337662337663091 1 0.12662337662338413 1 0.12987012987013735 1 0.13311688311689057 1 0.13636363636364379 1 0.13961038961039701 1 0.14285714285715023 1 0.14610389610390345 1 0.14935064935065667 1 0.15259740259740989 1 0.15584415584416308 1 0.1590909090909163 1 0.16233766233766952 1 0.16558441558442274 1 0.16883116883117597 1 0.17207792207792919 1 0.17532467532468241 1 0.17857142857143563 1 0.18181818181818885 1 0.18506493506494207 1 0.18831168831169529 1 0.19155844155844851 1 0.19480519480520173 1 0.19805194805195495 1 0.20129870129870817 1 0.20454545454546139 1 0.20779220779221461 1 0.21103896103896783 1 0.21428571428572105 1 0.21753246753247427 1 0.22077922077922749 1 0.22402597402598071 1 0.22727272727273393 1 0.23051948051948715 1 0.23376623376624037 1 0.23701298701299359 1 0.24025974025974681 1 0.24350649350650003 1 0.24675324675325325 1 0.25000000000000644 1 0.25324675324675966 1 0.25649350649351288 1 0.2597402597402661 1 0.26298701298701932 1 0.26623376623377254 1 0.26948051948052576 1 0.27272727272727898 1 0.2759740259740322 1 0.27922077922078542 1 0.28246753246753864 1 0.28571428571429186 1 0.28896103896104508 1 0.2922077922077983 1 0.29545454545455152 1 0.29870129870130474 1 0.30194805194805796 1 0.30519480519481118 1 0.3084415584415644 1 0.31168831168831757 1 0.31493506493507079 1 0.31818181818182401 1 0.32142857142857723 1 0.32467532467533045 1 0.32792207792208367 1 0.33116883116883689 1 0.33441558441559011 1 0.33766233766234333 1 0.34090909090909655 1 0.34415584415584977 1 0.34740259740260299 1 0.35064935064935621 1 0.35389610389610943 1 0.35714285714286265 1 0.36038961038961587 1 0.36363636363636909 1 0.36688311688312231 1 0.37012987012987553 1 0.37337662337662875 1 0.37662337662338197 1 0.37987012987013519 1 0.38311688311688841 1 0.38636363636364163 1 0.38961038961039485 1 0.39285714285714807 1 0.39610389610390129 1 0.39935064935065451 1 0.40259740259740773 1 0.40584415584416095 1 0.40909090909091417 1 0.41233766233766739 1 0.41558441558442061 1 0.41883116883117383 1 0.42207792207792705 1 0.42532467532468027 1 0.42857142857143349 1 0.43181818181818671 1 0.43506493506493993 1 0.43831168831169315 1 0.44155844155844637 1 0.44480519480519959 1 0.44805194805195281 1 0.45129870129870603 1 0.45454545454545925 1 0.45779220779221247 1 0.46103896103896569 1 0.46428571428571891 1 0.46753246753247213 1 0.47077922077922535 1 0.47402597402597857 1 0.47727272727273179 1 0.48051948051948501 1 0.48376623376623823 1 0.48701298701299145 1 0.49025974025974467 1 0.49350649350649789 1 0.49675324675325111 1 0.50000000000000433 1 0.50324675324675749 1 0.50649350649351077 1 0.50974025974026393 1 0.51298701298701721 1 0.51623376623377037 1 0.51948051948052365 1 0.52272727272727681 1 0.52597402597403009 1 0.52922077922078326 1 0.53246753246753653 1 0.5357142857142897 1 0.53896103896104297 1 0.54220779220779614 1 0.54545454545454941 1 0.54870129870130258 1 0.55194805194805585 1 0.55519480519480902 1 0.55844155844156229 1 0.56168831168831546 1 0.56493506493506873 1 0.5681818181818219 1 0.57142857142857517 1 0.57467532467532834 1 0.57792207792208161 1 0.58116883116883478 1 0.58441558441558805 1 0.58766233766234122 1 0.59090909090909449 1 0.59415584415584766 1 0.59740259740260093 1 0.6006493506493541 1 0.60389610389610737 1 0.60714285714286054 1 0.61038961038961381 1 0.61363636363636698 1 0.61688311688312025 1 0.62012987012987342 1 0.62337662337662658 1 0.62662337662337986 1 0.62987012987013302 1 0.6331168831168863 1 0.63636363636363946 1 0.63961038961039274 1 0.6428571428571459 1 0.64610389610389918 1 0.64935064935065234 1 0.65259740259740562 1 0.65584415584415878 1 0.65909090909091206 1 0.66233766233766522 1 0.6655844155844185 1 0.66883116883117166 1 0.67207792207792494 1 0.6753246753246781 1 0.67857142857143138 1 0.68181818181818454 1 0.68506493506493782 1 0.68831168831169098 1 0.69155844155844426 1 0.69480519480519742 1 0.6980519480519507 1 0.70129870129870386 1 0.70454545454545714 1 0.7077922077922103 1 0.71103896103896358 1 0.71428571428571674 1 0.71753246753247002 1 0.72077922077922318 1 0.72402597402597646 1 0.72727272727272962 1 0.7305194805194829 1 0.73376623376623606 1 0.73701298701298934 1 0.7402597402597425 1 0.74350649350649578 1 0.74675324675324894 1 0.75000000000000222 1 0.75324675324675539 1 0.75649350649350866 1 0.75974025974026183 1 0.7629870129870151 1 0.76623376623376827 1 0.76948051948052154 1 0.77272727272727471 1 0.77597402597402798 1 0.77922077922078115 1 0.78246753246753442 1 0.78571428571428759 1 0.78896103896104086 1 0.79220779220779403 1 0.7954545454545473 1 0.79870129870130047 1 0.80194805194805374 1 0.80519480519480691 1 0.80844155844156018 1 0.81168831168831335 1 0.81493506493506662 1 0.81818181818181979 1 0.82142857142857306 1 0.82467532467532623 1 0.8279220779220795 1 0.83116883116883267 1 0.83441558441558583 1 0.83766233766233911 1 0.84090909090909227 1 0.84415584415584555 1 0.84740259740259871 1 0.85064935064935199 1 0.85389610389610515 1 0.85714285714285843 1 0.86038961038961159 1 0.86363636363636487 1 0.86688311688311803 1 0.87012987012987131 1 0.87337662337662447 1 0.87662337662337775 1 0.87987012987013091 1 0.88311688311688419 1 0.88636363636363735 1 0.88961038961039063 1 0.89285714285714379 1 0.89610389610389707 1 0.89935064935065023 1 0.90259740259740351 1 0.90584415584415667 1 0.90909090909090995 1 0.91233766233766311 1 0.91558441558441639 1 0.91883116883116955 1 0.92207792207792283 1 0.92532467532467599 1 0.92857142857142927 1 0.93181818181818243 1 0.93506493506493571 1 0.93831168831168887 1 0.94155844155844215 1 0.94480519480519531 1 0.94805194805194859 1 0.95129870129870175 1 0.95454545454545503 1 0.95779220779220819 1 0.96103896103896147 1 0.96428571428571463 1 0.96753246753246791 1 0.97077922077922107 1 0.97402597402597435 1 0.97727272727272751 1 0.98051948051948079 1 0.98376623376623396 1 0.98701298701298723 1 0.9902597402597404 1 0.99350649350649367 1 0.99675324675324684 1 1 4
7 0 0  3 47 45  0.999999771654143 0.90122237456692889  0.9998653820634904 0.90094441793889646  0.99959566133274658 0.90038938986303374  0.99918822667768792 0.89955949837284499  0.99877790989522963 0.89873225273309509  0.99836468121932509 0.89790764766719955  0.99794851121145345 0.89708567757503965  0.99752937035001665 0.89626633648946574  0.99710722914374095 0.8954496180990138  0.99668205808486132 0.89463551572899902  0.99625382771914095 0.89382402242267645  0.99582250835189023 0.89301513059506399  0.99538807007895913 0.8922088320824072  0.99495048304185429 0.89140511845376302  0.9945097173666565 0.89060398095022886  0.99406574318794061 0.8898054104895865  0.99361853061062499 0.88900939773518695  0.99316804983513962 0.8882159328421827  0.99271427067406293 0.88742500646490896  0.9922571613101715 0.88663661212468758  0.99179669027628381 0.88585074260982077  0.99133282551325808 0.8850673903845927  0.99086553700178226 0.88428654786997418  0.99039478717334761 0.88350820594015245  0.98992057054090632 0.88273236031748492  0.98944293718892529 0.88195901581312208  0.98896192716150599 0.88118817583174658  0.98847758322429269 0.88041984441853405  0.9879899474941567 0.87965402567441253  0.98749906215994254 0.87889072403039248  0.98700496998972842 0.87812994370517716  0.98650771691006034 0.87737168708828595  0.98600734853249872 0.87661595703378636  0.98550391058959486 0.8758627565708389  0.98499744881670237 0.87511208897390924  0.98448800899041389 0.87436395775101194  0.98397563689462908 0.87361836660026582  0.98346037841944722 0.87287531957529485  0.98294227775528942 0.87213481785216729  0.98242137902517968 0.87139686267867245  0.98189772638814654 0.87066145557277064  0.98137136406061598 0.8699285982871281  0.98084233612941873 0.86919829273314309  0.98031068733674265 0.86847054132523482  0.97977646388944761 0.86774534730647734  0.979418629158049 0.86726359184176705  0.97923929802780696 0.86702314147609494 
 2.2630625137410562e-10 4 0.022727272948435656 1 0.045454545670565061 1 0.068181818392694465 1 0.09090909111482387 1 0.11363636383695327 1 0.13636363655908268 1 0.15909090928121208 1 0.18181818200334149 1 0.20454545472547089 1 0.2272727274476003 1 0.25000000016972967 1 0.27272727289185911 1 0.29545454561398848 1 0.31818181833611792 1 0.34090909105824735 1 0.36363636378037673 1 0.3863636365025061 1 0.40909090922463553 1 0.43181818194676497 1 0.45454545466889434 1 0.47727272739102372 1 0.50000000011315315 1 0.52272727283528253 1 0.54545454555741191 1 0.56818181827954128 1 0.59090909100167066 1 0.61363636372380015 1 0.63636363644592953 1 0.6590909091680589 1 0.68181818189018839 1 0.70454545461231777 1 0.72727272733444714 1 0.75000000005657652 1 0.7727272727787059 1 0.79545454550083539 1 0.81818181822296476 1 0.84090909094509414 1 0.86363636366722363 1 0.886363636389353 1 0.90909090911148238 1 0.93181818183361176 1 0.95454545455574114 1 0.97727272727787062 1 1 4
7 0 0  3 47 45  4.9611331853068013 -3.5333407730075663  4.9619479538098172 -3.537015899378622  4.9635775107138187 -3.5443662140887904  4.9660219174012497 -3.5553963063792922  4.9684664066176945 -3.5664354537633409  4.9709109911004807 -3.577488089193968  4.9733556845967639 -3.5885586442143449  4.9758005020120937 -3.5996515486170253  4.9782454593545573 -3.6107712305196107  4.9806905738183769 -3.6219221156202113  4.9831358635140077 -3.6331086293173405  4.9855813487166554 -3.6443351861573863  4.9880270517314953 -3.6556061906321036  4.990472995807008 -3.6669260459799458  4.9929192053707165 -3.6782991525343531  4.9953657060182062 -3.6897299061022348  4.9978125243308602 -3.7012227053151632  5.0002596886255839 -3.7127819230570664  5.0027072260465326 -3.7244120165429475  5.0051551556500549 -3.7361178055703488  5.0076034988225864 -3.7479040455815595  5.0100522782087893 -3.7597755673962379  5.0125015165599907 -3.7717369531804552  5.0149512424277551 -3.783793691972428  5.0174014661775885 -3.7959474102939881  5.0198521638347104 -3.8081930558173216  5.0223033163934394 -3.8205267947373289  5.0247549021475058 -3.8329444761982123  5.0272068988315359 -3.8454420366600028  5.0296592827227542 -3.858015418757661  5.0321120301237094 -3.8706604894952052  5.0345651216682894 -3.8833726583453707  5.0370185361904101 -3.896147391281807  5.0394722514857788 -3.9089801466317833  5.0419262441166071 -3.9218663925190165  5.0443804894277653 -3.9348016020792969  5.0468349616746178 -3.9477812559929486  5.0492896334930597 -3.9608008379750457  5.0517444859305281 -3.9738559181034785  5.0541994993662005 -3.9869420753840763  5.0566546528856113 -4.0000548935787945  5.0591099243577586 -4.0131899591373044  5.0615652907470725 -4.0263428744449854  5.064020726684614 -4.0395092037831173  5.0664762031420221 -4.0526844169459215  5.0681131942716799 -4.0614708116550551  5.0689316865552891 -4.0658639868019026 
 2.2630625137410562e-10 4 0.022727272948435656 1 0.045454545670565061 1 0.068181818392694465 1 0.09090909111482387 1 0.11363636383695327 1 0.13636363655908268 1 0.15909090928121208 1 0.18181818200334149 1 0.20454545472547089 1 0.2272727274476003 1 0.25000000016972967 1 0.27272727289185911 1 0.29545454561398848 1 0.31818181833611792 1 0.34090909105824735 1 0.36363636378037673 1 0.3863636365025061 1 0.40909090922463553 1 0.43181818194676497 1 0.45454545466889434 1 0.47727272739102372 1 0.50000000011315315 1 0.52272727283528253 1 0.54545454555741191 1 0.56818181827954128 1 0.59090909100167066 1 0.61363636372380015 1 0.63636363644592953 1 0.6590909091680589 1 0.68181818189018839 1 0.70454545461231777 1 0.72727272733444714 1 0.75000000005657652 1 0.7727272727787059 1 0.79545454550083539 1 0.81818181822296476 1 0.84090909094509414 1 0.86363636366722363 1 0.886363636389353 1 0.90909090911148238 1 0.93181818183361176 1 0.95454545455574114 1 0.97727272727787062 1 1 4
7 0 0  3 113 111  0.97923929794039177 0.86702314150774795  0.97846559275239631 0.86548960595158786  0.97688901594839073 0.86244660397554374  0.97443736926835089 0.8579533780715084  0.97189965561886071 0.8535304818191991  0.96927660107350566 0.84917702751859725  0.96656893935574739 0.84489216355354846  0.96377741287128393 0.84067507788586959  0.96090277261201795 0.83652499428361982  0.95794577750762533 0.83244117127422668  0.9549071970025369 0.82842289821010673  0.95178768493310972 0.82446956016444783  0.94858790229766921 0.82058057968574771  0.94530852009690414 0.81675541261304141  0.94195021848754601 0.81299354668215484  0.93851368704976601 0.80929449948330934  0.93499962414432314 0.80565781694424221  0.93140873865877449 0.80208307105241161  0.92774162438129426 0.79856987676937974  0.92399888272457975 0.79511787782906407  0.92018112414796815 0.79172674445355928  0.91628896889974754 0.78839617183262367  0.91232304165777711 0.78512587921011046  0.90828399111151714 0.78191560639594138  0.9041722087344819 0.77876513866224151  0.89998807367364964 0.77567428918727199  0.89573197853910536 0.77264289523596941  0.89140432270634806 0.76967081596756171  0.88700551196572341 0.766757936412229  0.88253596494966691 0.76390414573110388  0.87799608123733153 0.76110942996882069  0.87338628475945446 0.75837386338006907  0.86870702328958105 0.75569751957246711  0.86395874891097069 0.7530804892084505  0.85914192554983815 0.75052287851936694  0.85425701350443817 0.74802479264767718  0.84930452762746922 0.74558641023471262  0.84428504716738562 0.74320799264371151  0.83919914638639415 0.74088979377535213  0.83404740612234984 0.73863207796985109  0.82883041683906311 0.73643511827452834  0.82354874855745708 0.73429918376300329  0.818203214928373 0.73222466206845627  0.81279467283239681 0.73021196206595995  0.8073239629670298 0.72826149007257668  0.80179195401258796 0.72637365977683077  0.79619941681138751 0.72454887688752656  0.79054773144788215 0.72278762213370595  0.78483852334127857 0.72109040753709452  0.77907332205175095 0.71945772455407297  0.77325378331824102 0.71789011696656924  0.76738104948121177 0.71638791511501387  0.76145556964720673 0.71495114848196439  0.75547765130692024 0.71357985765147269  0.74944859898261618 0.71227432916448996  0.74337019992856801 0.711035322387505  0.73725120781526643 0.70986416612783709  0.73110577203817972 0.70876268317904889  0.72491927164369885 0.70772807171989083  0.71867750665790653 0.70675769352329021  0.71238917395110146 0.70585285389245545  0.70606336537364323 0.70501493618134614  0.69970406916307215 0.70424424164847033  0.69331255235394584 0.70354068362377398  0.68689332637817924 0.70290425693045899  0.6804563099714559 0.70233492475650194  0.67400948488895318 0.70183252744782576  0.66755654913164597 0.70139618171473617  0.66110061280584853 0.70102508129792196  0.65462116232380341 0.70071747198350154  0.64810827113951819 0.70047212396237724  0.6415874730886626 0.7002895391374877  0.63506903525245084 0.70016923217638882  0.6285517690305894 0.70010983878223276  0.62203633977601769 0.70011031520926859  0.61552250366284877 0.70016970572060089  0.60900988390843191 0.70028710461571952  0.60250064486068133 0.70046143584325804  0.59599772909405535 0.70069159850799101  0.58950381512680616 0.70097653287047901  0.58302181774050055 0.70131523348471025  0.57655367377032107 0.70170660093664328  0.57010048227312138 0.70214945717414279  0.5636635136533571 0.70264267940134262  0.55724397860659569 0.70318517022341598  0.55084310348968146 0.70377585841870005  0.54446206391157348 0.70441372239395128  0.53810193024771669 0.70509782122809905  0.53176378566830551 0.70582723146814896  0.52544871123735748 0.70660105754676761  0.51915777538334718 0.70741842618491024  0.5128920957759896 0.70827849346752614  0.5066525775726004 0.70918041411368271  0.50043979298278607 0.7101233279871576  0.49425437512988718 0.71110640497550415  0.4880969409458461 0.7121288330543778  0.48196810700787529 0.71318982869945391  0.47586850513195483 0.71428860361186086  0.46979866060881215 0.71542455254186099  0.46375906021166302 0.71659715075832842  0.45775020381795539 0.71780587524410278  0.45177259242219131 0.71905022338486235  0.44582672827944198 0.72032970942587937  0.43991312665751636 0.72164385739540671  0.43403226619716695 0.72299223220140396  0.42818450924712775 0.72437449052168501  0.42237023736471574 0.7257902924473274  0.41658983410906547 0.72723931673200581  0.41084367253334814 0.72872125166349389  0.40513218951942015 0.73023581704790219  0.39945592940848523 0.73178277329531893  0.39569559118744685 0.73283552022039766  0.39382146987502198 0.73336721597311627 
 0 4 0.0090909090909090905 1 0.018181818181818181 1 0.027272727272727271 1 0.036363636363636362 1 0.045454545454545456 1 0.054545454545454543 1 0.06363636363636363 1 0.072727272727272724 1 0.081818181818181818 1 0.090909090909090912 1 0.099999999999999992 1 0.10909090909090909 1 0.11818181818181818 1 0.12727272727272726 1 0.13636363636363635 1 0.14545454545454545 1 0.15454545454545454 1 0.16363636363636364 1 0.17272727272727273 1 0.18181818181818182 1 0.19090909090909089 1 0.19999999999999998 1 0.20909090909090908 1 0.21818181818181817 1 0.22727272727272727 1 0.23636363636363636 1 0.24545454545454545 1 0.25454545454545452 1 0.26363636363636361 1 0.27272727272727271 1 0.2818181818181818 1 0.29090909090909089 1 0.29999999999999999 1 0.30909090909090908 1 0.31818181818181818 1 0.32727272727272727 1 0.33636363636363636 1 0.34545454545454546 1 0.35454545454545455 1 0.36363636363636365 1 0.37272727272727268 1 0.38181818181818178 1 0.39090909090909087 1 0.39999999999999997 1 0.40909090909090906 1 0.41818181818181815 1 0.42727272727272725 1 0.43636363636363634 1 0.44545454545454544 1 0.45454545454545453 1 0.46363636363636362 1 0.47272727272727272 1 0.48181818181818181 1 0.49090909090909091 1 0.5 1 0.50909090909090904 1 0.51818181818181819 1 0.52727272727272723 1 0.53636363636363638 1 0.54545454545454541 1 0.55454545454545456 1 0.5636363636363636 1 0.57272727272727275 1 0.58181818181818179 1 0.59090909090909083 1 0.59999999999999998 1 0.60909090909090902 1 0.61818181818181817 1 0.6272727272727272 1 0.63636363636363635 1 0.64545454545454539 1 0.65454545454545454 1 0.66363636363636358 1 0.67272727272727273 1 0.68181818181818177 1 0.69090909090909092 1 0.69999999999999996 1 0.70909090909090911 1 0.71818181818181814 1 0.72727272727272729 1 0.73636363636363633 1 0.74545454545454537 1 0.75454545454545452 1 0.76363636363636356 1 0.77272727272727271 1 0.78181818181818175 1 0.79090909090909089 1 0.79999999999999993 1 0.80909090909090908 1 0.81818181818181812 1 0.82727272727272727 1 0.83636363636363631 1 0.84545454545454546 1 0.8545454545454545 1 0.86363636363636365 1 0.87272727272727268 1 0.88181818181818172 1 0.89090909090909087 1 0.89999999999999991 1 0.90909090909090906 1 0.9181818181818181 1 0.92727272727272725 1 0.93636363636363629 1 0.94545454545454544 1 0.95454545454545447 1 0.96363636363636362 1 0.97272727272727266 1 0.98181818181818181 1 0.99090909090909085 1 1 4
7 0 0  3 113 111  5.0689316865552891 9.9999999972677003  5.0738038393032348 9.974170933755051  5.0835407328436641 9.9216943418409169  5.0981247887437275 9.8406151415412442  5.1126885214974145 9.7572627109180061  5.1272328580395188 9.6717281325420572  5.1417587035990584 9.5841024872536913  5.1562669392343849 9.4944768623494866  5.1707584232103461 9.4029423210314587  5.1852339923321891 9.3095900164234671  5.1996944598348467 9.2145107660567422  5.2141407436615204 9.1178148389999745  5.2285737477586576 9.0196128666793829  5.2429943594850945 8.9200153828332667  5.2574034511961294 8.8191329498096263  5.2718018804314548 8.7170761132058114  5.2861904916666118 8.6139554570118531  5.300570113349008 8.5098814283977919  5.3149417886611712 8.4049759659525805  5.3293065549783654 8.2993611464878185  5.3436654410361335 8.1931590269052421  5.3580194656186668 8.0864916055629603  5.3723696475895846 7.979481134903553  5.3867169691123573 7.8722489095752533  5.4010628954541495 7.7649324697764319  5.4154089342567762 7.6576706145043731  5.4297565854190069 7.5506018307558076  5.4441073558642703 7.4438646045378629  5.4584627463632645 7.3375977378167754  5.4728242855185183 7.2319387697117712  5.4871933747116994 7.1270313255370636  5.5015713099781163 7.0230246847956135  5.5159594271562975 6.9200669216373152  5.5303590730223888 6.8183063803454411  5.5447715973997731 6.7178915300229418  5.559198411700903 6.618970070360664  5.5736407221038426 6.5216932863609234  5.5880994934543491 6.4262167714156861  5.6025757653896564 6.3326952550297237  5.6170705910370096 6.2412836628701944  5.6315850325661154 6.1521369998416739  5.6461202423239092 6.0654097577369743  5.6606767062388386 5.9812618134504145  5.6752548209086564 5.8998539038508548  5.6898550565590735 5.8213465844851644  5.7044778471683797 5.7459002974107181  5.7191238798058075 5.6736761199647381  5.7337924708172796 5.6048310155038727  5.7484823814684276 5.5395206053582138  5.7631926192749789 5.4778999789860459  5.7779218650859159 5.4201275701712408  5.7926702169722848 5.3663469751322097  5.8074396903190975 5.3166795081341149  5.822232601654016 5.2712482593160601  5.837048783658247 5.2301855132307411  5.8518864302570428 5.1936657744987142  5.8667278210281584 5.1618179045127439  5.8815426979127423 5.1347458172975653  5.8963694955499735 5.1124779846639044  5.9112456044684176 5.0950421938164769  5.9261533417413368 5.0825490376259621  5.9410740530251669 5.0751128286563825  5.9560015849814203 5.0728165080329539  5.9709362134953228 5.0757428865150791  5.9858708824663349 5.0839318897749788  6.0007864547695764 5.0973366712449213  6.0156681696521508 5.1159268185276447  6.030511387883938 5.1396709028855181  6.0453126112543307 5.1685422852893375  6.0601222433927484 5.2026239751060439  6.0749664541907276 5.2419423583002134  6.0897902376846247 5.286342097759591  6.1045736535130457 5.3357206664634012  6.1193230713287159 5.3900010909662841  6.1340404169127511 5.4491093811113585  6.1487296000508591 5.5129792727001794  6.1633947500621025 5.5815486948902091  6.1780342887147066 5.6547103223176434  6.192644822273949 5.7323435352939605  6.2072234763293404 5.8143306019658718  6.2217667701492259 5.9005548112695427  6.236273452472191 5.9908902723474586  6.250744153083871 6.085202847311816  6.2651790296245764 6.1833601230518767  6.2795783103151752 6.2852295275485561  6.2939421321722566 6.3906773996393857  6.3082706632085133 6.4995749906207338  6.3225641861153132 6.61180600482695  6.3368229144680361 6.7272521624402621  6.3510470160198276 6.8457957973485986  6.3652366470653421 6.9673187727692696  6.3793918037153885 7.0917042208963217  6.3935129658471244 7.2188299425359039  6.407601386692356 7.3485654324838938  6.4216581289683123 7.4807818195796338  6.4356842557067919 7.6153495271810439  6.4496807886615386 7.7521401665281688  6.4636486845684251 7.8910213028139689  6.4775890529558646 8.0318863634517648  6.4915030482539136 8.1746387390828943  6.5053917786979314 8.3191793691997837  6.5192563269150767 8.4654098049581918  6.5330977526230081 8.613231602009753  6.5469170611286795 8.7625456863589584  6.5607153335802373 8.913255672993083  6.5744939429853737 9.0652733185003456  6.5882541997470483 9.218509144234547  6.6019973973276196 9.3728741834034963  6.6157248381607756 9.5282786570334874  6.6294376640368 9.6846359095574357  6.6431367648470916 9.8418645379902365  6.6522609581023673 9.9472096296035897  6.6568210707772177 9.9999999949896008 
 0 4 0.0090909090909090905 1 0.018181818181818181 1 0.027272727272727271 1 0.036363636363636362 1 0.045454545454545456 1 0.054545454545454543 1 0.06363636363636363 1 0.072727272727272724 1 0.081818181818181818 1 0.090909090909090912 1 0.099999999999999992 1 0.10909090909090909 1 0.11818181818181818 1 0.12727272727272726 1 0.13636363636363635 1 0.14545454545454545 1 0.15454545454545454 1 0.16363636363636364 1 0.17272727272727273 1 0.18181818181818182 1 0.19090909090909089 1 0.19999999999999998 1 0.20909090909090908 1 0.21818181818181817 1 0.22727272727272727 1 0.23636363636363636 1 0.24545454545454545 1 0.25454545454545452 1 0.26363636363636361 1 0.27272727272727271 1 0.2818181818181818 1 0.29090909090909089 1 0.29999999999999999 1 0.30909090909090908 1 0.31818181818181818 1 0.32727272727272727 1 0.33636363636363636 1 0.34545454545454546 1 0.35454545454545455 1 0.36363636363636365 1 0.37272727272727268 1 0.38181818181818178 1 0.39090909090909087 1 0.39999999999999997 1 0.40909090909090906 1 0.41818181818181815 1 0.42727272727272725 1 0.43636363636363634 1 0.44545454545454544 1 0.45454545454545453 1 0.46363636363636362 1 0.47272727272727272 1 0.48181818181818181 1 0.49090909090909091 1 0.5 1 0.50909090909090904 1 0.51818181818181819 1 0.52727272727272723 1 0.53636363636363638 1 0.54545454545454541 1 0.55454545454545456 1 0.5636363636363636 1 0.57272727272727275 1 0.58181818181818179 1 0.59090909090909083 1 0.59999999999999998 1 0.60909090909090902 1 0.61818181818181817 1 0.6272727272727272 1 0.63636363636363635 1 0.64545454545454539 1 0.65454545454545454 1 0.66363636363636358 1 0.67272727272727273 1 0.68181818181818177 1 0.69090909090909092 1 0.69999999999999996 1 0.70909090909090911 1 0.71818181818181814 1 0.72727272727272729 1 0.73636363636363633 1 0.74545454545454537 1 0.75454545454545452 1 0.76363636363636356 1 0.77272727272727271 1 0.78181818181818175 1 0.79090909090909089 1 0.79999999999999993 1 0.80909090909090908 1 0.81818181818181812 1 0.82727272727272727 1 0.83636363636363631 1 0.84545454545454546 1 0.8545454545454545 1 0.86363636363636365 1 0.87272727272727268 1 0.88181818181818172 1 0.89090909090909087 1 0.89999999999999991 1 0.90909090909090906 1 0.9181818181818181 1 0.92727272727272725 1 0.93636363636363629 1 0.94545454545454544 1 0.95454545454545447 1 0.96363636363636362 1 0.97272727272727266 1 0.98181818181818181 1 0.99090909090909085 1 1 4
7 0 0  3 47 45  0.39382146983536376 0.73336721594114773  0.39186541461780661 0.73360530717393957  0.3879611642432238 0.73408990927207418  0.38212799716660545 0.73484187059073702  0.37631765358607527 0.73561868997576274  0.37052979503736805 0.7364201651482285  0.36476411360006539 0.73724609183953704  0.35902033553356932 0.73809625888138863  0.3532982217525702 0.73897046078905659  0.34759756082898818 0.7398684455568344  0.34191819876823804 0.74079013609646527  0.33626000803042383 0.74173568433278669  0.33062284345488452 0.74270520995596556  0.32500655203275436 0.74369885647301104  0.31941097028966564 0.7447167768024362  0.313835926455939 0.74575913685926198  0.30828123604798102 0.74682611769403073  0.30274681560842115 0.74791784313006615  0.29723259189984308 0.74903443998806618  0.29173849666767504 0.7501760397375794  0.28626446883124168 0.75134278233762275  0.28081045059737264 0.75253479835759762  0.27537640760767856 0.75375231161316381  0.26996231228844886 0.75499559146222872  0.26456813545512503 0.75626490752242725  0.25919384562447462 0.75756054327212896  0.25383942043394536 0.75888278489096284  0.24850480017218243 0.76023195495956986  0.24318981691361391 0.76160846343164834  0.2378943162805601 0.76301272008417764  0.2326181559912871 0.76444514475194059  0.22736114104668867 0.76590617975617259  0.22212395597532414 0.76739607411759692  0.21690742410511615 0.76891504887736728  0.21171214247135825 0.77046340757829557  0.20653963618361185 0.77204115960215181  0.20139265425298472 0.77364793026346945  0.19627362232730014 0.77528341590223937  0.19118462318786714 0.77694731017300478  0.18612806324394773 0.77863922000504437  0.18110417530495015 0.78035945857503286  0.1761126106760274 0.78210854556215725  0.17115309845648927 0.78388696808359393  0.16622582035656261 0.78569518918575798  0.1613311672758983 0.78753366120427259  0.15809004112653563 0.7887797953037744  0.15647503098000748 0.78940806234539118 
 0 4 0.022727272727272728 1 0.045454545454545456 1 0.068181818181818177 1 0.090909090909090912 1 0.11363636363636365 1 0.13636363636363635 1 0.15909090909090909 1 0.18181818181818182 1 0.20454545454545456 1 0.22727272727272729 1 0.25 1 0.27272727272727271 1 0.29545454545454547 1 0.31818181818181818 1 0.34090909090909094 1 0.36363636363636365 1 0.38636363636363635 1 0.40909090909090912 1 0.43181818181818182 1 0.45454545454545459 1 0.47727272727272729 1 0.5 1 0.52272727272727271 1 0.54545454545454541 1 0.56818181818181823 1 0.59090909090909094 1 0.61363636363636365 1 0.63636363636363635 1 0.65909090909090906 1 0.68181818181818188 1 0.70454545454545459 1 0.72727272727272729 1 0.75 1 0.77272727272727271 1 0.79545454545454553 1 0.81818181818181823 1 0.84090909090909094 1 0.86363636363636365 1 0.88636363636363635 1 0.90909090909090917 1 0.93181818181818188 1 0.95454545454545459 1 0.97727272727272729 1 1 4
7 0 0  3 47 45  0.37363576359763112 -4.0658639913389241  0.37796553536004729 -4.0242599765825977  0.38660082490470499 -3.9409218473208449  0.39948148802566108 -3.8154125778233055  0.41229044769634404 -3.6892894171369162  0.42502800215808928 -3.5624406869699139  0.43769428931113169 -3.4347554660258628  0.45028923528985376 -3.3061216839540886  0.4628126900541143 -3.1764338469798137  0.47526397586298513 -3.0455647345199672  0.48764388244447926 -2.9134892475953698  0.49995518249962534 -2.7803033408013889  0.5122002962990948 -2.6460760055401384  0.524381782484167 -2.5108808067658059  0.53650220311870844 -2.3747875619730046  0.54856414266893094 -2.2378640797458775  0.56057023846747855 -2.100177523987961  0.5725218551745539 -1.9617287545973556  0.58442028638724575 -1.8225161379473793  0.59626679614123568 -1.6825374117381067  0.608062633700719 -1.5417905475293168  0.6198089308690623 -1.4002685949006957  0.63150730739780048 -1.2579903417549718  0.64315959224590413 -1.1149841401993559  0.65476755521312036 -0.97127442041159673  0.66633297909948075 -0.82688487178260028  0.67785761029670644 -0.68183834121362707  0.68934327924545669 -0.53615393566825631  0.70079207427573709 -0.38984180928249729  0.71220603085769918 -0.24291150467272665  0.72358714474090058 -0.095371222757787241  0.73493749277815279 0.052774159629811072  0.74625738131482044 0.20149310400142184  0.75754686493921597 0.35074961197867743  0.76880653713181046 0.50051404758871054  0.78003495076757523 0.65073026482177543  0.79122808368904463 0.80130329794586663  0.80238266073264675 0.95214579737533689  0.81349589758783625 1.1031844187510886  0.82456448543449379 1.254331404498817  0.83558987095592963 1.4055637427094496  0.84657474609426397 1.5568773226513473  0.85752151337618221 1.708270222660317  0.86843210803912207 1.8597109969464369  0.87930824005289565 2.0111557706766301  0.88653720715181084 2.1120956169688285  0.89014653729176019 2.1625529734866129 
 0 4 0.022727272727272728 1 0.045454545454545456 1 0.068181818181818177 1 0.090909090909090912 1 0.11363636363636365 1 0.13636363636363635 1 0.15909090909090909 1 0.18181818181818182 1 0.20454545454545456 1 0.22727272727272729 1 0.25 1 0.27272727272727271 1 0.29545454545454547 1 0.31818181818181818 1 0.34090909090909094 1 0.36363636363636365 1 0.38636363636363635 1 0.40909090909090912 1 0.43181818181818182 1 0.45454545454545459 1 0.47727272727272729 1 0.5 1 0.52272727272727271 1 0.54545454545454541 1 0.56818181818181823 1 0.59090909090909094 1 0.61363636363636365 1 0.63636363636363635 1 0.65909090909090906 1 0.68181818181818188 1 0.70454545454545459 1 0.72727272727272729 1 0.75 1 0.77272727272727271 1 0.79545454545454553 1 0.81818181818181823 1 0.84090909090909094 1 0.86363636363636365 1 0.88636363636363635 1 0.90909090909090917 1 0.93181818181818188 1 0.95454545454545459 1 0.97727272727272729 1 1 4
7 0 0  3 25 23  0.15647503098850127 0.78940806235408567  0.15506732813003646 0.78943594254197069  0.15225190134619529 0.78949171475908719  0.14802875609521021 0.78957582425131811  0.14380566548799267 0.78966080026460117  0.13958268366635596 0.78974705916150878  0.13535986143141171 0.78983501799226785  0.13113724598156054 0.78992509461893079  0.12691488134298093 0.7900177077315591  0.12269280863614937 0.79011327690578803  0.11847106641504646 0.79021222265710234  0.11424969099065717 0.79031496652132549  0.11002871685736647 0.79042193108821279  0.1058081768378839 0.79053354025135902  0.10158802463561478 0.7906493849212336  0.097368215853555498 0.79076905518660145  0.09314870760840338 0.79089214038424072  0.088929458471380438 0.79101822898003771  0.084710428321343095 0.79114690851253811  0.080491578223877147 0.79127776552751772  0.076272870298274217 0.79141038553840448  0.072054267613350181 0.79154435294485781  0.067835733988586291 0.79167925114566107  0.065023400766787962 0.79176952502802223  0.063617233866435474 0.79181467778583781 
 0 4 0.045454545454545456 1 0.090909090909090912 1 0.13636363636363635 1 0.18181818181818182 1 0.22727272727272729 1 0.27272727272727271 1 0.31818181818181818 1 0.36363636363636365 1 0.40909090909090912 1 0.45454545454545459 1 0.5 1 0.54545454545454541 1 0.59090909090909094 1 0.63636363636363635 1 0.68181818181818188 1 0.72727272727272729 1 0.77272727272727271 1 0.81818181818181823 1 0.86363636363636365 1 0.90909090909090917 1 0.95454545454545459 1 1 4
7 0 0  3 91 89  0.063617233866434197 0.79181467778583858  0.063617233849812466 0.79204572310683241  0.063617233827721456 0.79250804939654151  0.063617233819361935 0.79320225131702282  0.063617233826615091 0.79389717125827985  0.063617233842010748 0.79459281478281185  0.063617233859276465 0.79528918747089827  0.063617233873132742 0.79598629492494355  0.063617233880842228 0.79668414276122856  0.063617233882396665 0.79738273660900127  0.063617233878708115 0.79808208211908038  0.063617233872023324 0.7987821849619432  0.06361723386571401 0.7994830508288614  0.063617233864691689 0.80018468542972221  0.063617233865819287 0.80088709454199447  0.063617233866839346 0.80159028396647714  0.063617233866886599 0.80229425952700484  0.063617233866128331 0.80299902706366444  0.063617233866684317 0.80370459246071968  0.063617233868753495 0.80441096152525615  0.063617233869818712 0.80511813997082615  0.063617233869284834 0.80582613354032895  0.063617233867482623 0.80653494805631309  0.063617233865955372 0.8072445891272112  0.063617233867305056 0.80795506327264865  0.063617233868878589 0.80866637721142764  0.063617233869246739 0.80937853662886527  0.063617233868172529 0.8100915475152608  0.063617233866358397 0.81080541581504517  0.06361723386647683 0.81152014749486612  0.063617233868581341 0.81223574864218784  0.063617233869803572 0.81295222548419543  0.063617233869383435 0.8136695842505518  0.063617233867578227 0.81438783120354719  0.063617233865935333 0.81510697262998599  0.063617233867288528 0.81582701484417319  0.063617233868956485 0.81654796411633046  0.063617233869384851 0.81726982674336657  0.063617233868299747 0.8179926090495564  0.063617233866403139 0.81871631738702544  0.063617233866437514 0.81944095813387929  0.063617233868432835 0.82016653770347758  0.063617233869596085 0.82089306254558092  0.063617233869192186 0.82162053913722777  0.063617233867473977 0.82234897398491336  0.06361723386593672 0.82307837362417691  0.063617233867374723 0.82380874461988107  0.063617233869123102 0.8245400935633127  0.063617233869592671 0.82527242707619008  0.063617233868489109 0.82600575181079061  0.063617233866505238 0.82674007445016084  0.063617233866335679 0.82747540170803036  0.063617233868319689 0.82821174032996714  0.063617233869559989 0.82894909709446651  0.063617233869252429 0.82968747881208649  0.063617233867594325 0.83042689232568268  0.063617233865941744 0.831167344511066  0.063617233867273387 0.83190884227508888  0.063617233869153564 0.83265139258233045  0.063617233869772499 0.83339500243362929  0.063617233868749776 0.83413967886350127  0.063617233866707784 0.83488542894083573  0.063617233866179165 0.83563225976971045  0.063617233868091164 0.83638017848615109  0.063617233869405598 0.83712919225667548  0.063617233869217443 0.83787930828465784  0.063617233867653458 0.83863053380960495  0.063617233865942049 0.83938287610656814  0.063617233867239137 0.8401363424903463  0.06361723386944064 0.84089094028125166  0.063617233870402537 0.84164667683170813  0.06361723386955849 0.84240355953343038  0.06361723386732844 0.84316159581587524  0.063617233865906744 0.84392079314661594  0.063617233866515382 0.84468115903272112  0.063617233866671924 0.84544270102302188  0.06361723386591088 0.84620542670571963  0.063617233864836184 0.84696934370904609  0.063617233865108147 0.84773445970142525  0.063617233870452317 0.8485007823914702  0.063617233877152304 0.84926831953015014  0.063617233881325549 0.85003707891080693  0.063617233880672711 0.85080706836903608  0.063617233874099524 0.85157829578299538  0.063617233861524958 0.85235076907370244  0.063617233845189233 0.85312449620491937  0.063617233830226091 0.85389948518253267  0.063617233822731101 0.8546757440569005  0.063617233830006031 0.85545328091741202  0.063617233850696814 0.85597249624815219  0.0636172338664205 0.85623231962483781 
 0 4 0.011363636363636364 1 0.022727272727272728 1 0.034090909090909088 1 0.045454545454545456 1 0.056818181818181823 1 0.068181818181818177 1 0.079545454545454544 1 0.090909090909090912 1 0.10227272727272728 1 0.11363636363636365 1 0.125 1 0.13636363636363635 1 0.14772727272727273 1 0.15909090909090909 1 0.17045454545454547 1 0.18181818181818182 1 0.19318181818181818 1 0.20454545454545456 1 0.21590909090909091 1 0.22727272727272729 1 0.23863636363636365 1 0.25 1 0.26136363636363635 1 0.27272727272727271 1 0.28409090909090912 1 0.29545454545454547 1 0.30681818181818182 1 0.31818181818181818 1 0.32954545454545453 1 0.34090909090909094 1 0.35227272727272729 1 0.36363636363636365 1 0.375 1 0.38636363636363635 1 0.39772727272727276 1 0.40909090909090912 1 0.42045454545454547 1 0.43181818181818182 1 0.44318181818181818 1 0.45454545454545459 1 0.46590909090909094 1 0.47727272727272729 1 0.48863636363636365 1 0.5 1 0.51136363636363635 1 0.52272727272727271 1 0.53409090909090906 1 0.54545454545454541 1 0.55681818181818188 1 0.56818181818181823 1 0.57954545454545459 1 0.59090909090909094 1 0.60227272727272729 1 0.61363636363636365 1 0.625 1 0.63636363636363635 1 0.64772727272727271 1 0.65909090909090906 1 0.67045454545454553 1 0.68181818181818188 1 0.69318181818181823 1 0.70454545454545459 1 0.71590909090909094 1 0.72727272727272729 1 0.73863636363636365 1 0.75 1 0.76136363636363635 1 0.77272727272727271 1 0.78409090909090906 1 0.79545454545454553 1 0.80681818181818188 1 0.81818181818181823 1 0.82954545454545459 1 0.84090909090909094 1 0.85227272727272729 1 0.86363636363636365 1 0.875 1 0.88636363636363635 1 0.89772727272727271 1 0.90909090909090917 1 0.92045454545454553 1 0.93181818181818188 1 0.94318181818181823 1 0.95454545454545459 1 0.96590909090909094 1 0.97727272727272729 1 0.98863636363636365 1 1 4
7 0 0  3 91 89  0.063617233866417502 0.8562323196248357  0.063299887761863474 0.85668685276951984  0.062668744307021712 0.85759755774803892  0.061732599137295223 0.85896853588770594  0.06080694778335477 0.86034443747433142  0.059891713861156201 0.86172527168577095  0.058986820893538426 0.86311105199251525  0.05809219232472404 0.86450179682098816  0.05720775151171862 0.865897529468724  0.056333421881101055 0.86729827824278982  0.055469126340767012 0.8687040764584979  0.054614789691789255 0.87011496277970934  0.053770329865919411 0.87153098033949639  0.052935691636292567 0.87295218052587042  0.05211092420152242 0.87437862599227489  0.051296063402821029 0.87581037678492268  0.050491148676598069 0.8772474924290331  0.04969621852201387 0.8786900313423518  0.048911311673540202 0.88013805098195519  0.048136466938507941 0.88159160772769263  0.047371722669670109 0.88305075708284675  0.046617119032683632 0.88451555286640593  0.04587268926561304 0.88598605018973364  0.045138427582763319 0.88746231912805129  0.044414332259479772 0.888944430150163  0.043700400595350353 0.89043245571917506  0.042996629868825478 0.89192647023264016  0.042303018559078275 0.89342654880927541  0.041619560507499473 0.89493277235302904  0.040946272555191329 0.89644520396959382  0.040283191100776272 0.89796389046449621  0.039630348202647263 0.89948888255809578  0.038987777234185984 0.90102022983375607  0.038355510651586981 0.9025579836900105  0.037733583266557194 0.90410219059088304  0.037121998373684427 0.90565296643442816  0.036520755811185038 0.90721043688644887  0.035929857317563242 0.90877472581448693  0.03534930079651253 0.91034596704587212  0.034779098609882202 0.9119242676318966  0.034219318408960586 0.91350962297469296  0.033670021172010713 0.91510204096003034  0.03313126793988954 0.91670152765074042  0.032603125928629934 0.91830807830756211  0.032085630966649153 0.9199217378526946  0.031578786293698542 0.92154260678771394  0.031082602243716305 0.92317077605717712  0.030597086567120534 0.92480634868250544  0.030122250427814613 0.92644940752175009  0.029658065288131991 0.92810034227831684  0.029204497179000744 0.92975958542428183  0.028761518879491112 0.9314275440908607  0.028329083233674012 0.9331047101121247  0.027907317204910409 0.93479089921026481  0.027496383582485091 0.9364857798359727  0.027096436428873702 0.93818905546232734  0.026707628339140584 0.93990040507475758  0.026330080682793053 0.94161941904171975  0.025963916267663284 0.94334569001353141  0.025609259887463681 0.9450787994844142  0.025266224419655633 0.94681834105027762  0.024934855006309199 0.94856400219842618  0.024615203885863701 0.95031545342553658  0.024307319518959817 0.95207237480544504  0.024011256650659837 0.95383440052565149  0.023726948217800647 0.95560196920793883  0.02345431923325763 0.95737558054363647  0.023193299155695499 0.95915571302907709  0.022943809542054397 0.96094290283613271  0.022705870988617854 0.9627370757408843  0.022479515503002701 0.96453808397098728  0.022264770904220917 0.96634580162037442  0.022061669664923029 0.96816007729314757  0.021870222519870284 0.96998085931082889  0.02169042663940552 0.97180815804817944  0.021522282373269013 0.9736419688919179  0.021365788854335273 0.9754822888441419  0.021220946659159454 0.9773291186027866  0.021087745698893344 0.97918241065713818  0.020966173623718914 0.98104210638864198  0.020856218058159189 0.98290815697883727  0.020757868434347463 0.98478049286788938  0.020671104930495902 0.98665914329660365  0.020595899114111697 0.9885442567735826  0.020532218665980852 0.99043596064963069  0.020480054232971955 0.99233440729501021  0.020439496694796267 0.99423978060367701  0.020410628240856658 0.99615222864892983  0.020393500183771188 0.99807186331344444  0.020389944644637958 0.99935646906826481  0.020390141580347357 1 
 0 4 0.011363636363636364 1 0.022727272727272728 1 0.034090909090909088 1 0.045454545454545456 1 0.056818181818181823 1 0.068181818181818177 1 0.079545454545454544 1 0.090909090909090912 1 0.10227272727272728 1 0.11363636363636365 1 0.125 1 0.13636363636363635 1 0.14772727272727273 1 0.15909090909090909 1 0.17045454545454547 1 0.18181818181818182 1 0.19318181818181818 1 0.20454545454545456 1 0.21590909090909091 1 0.22727272727272729 1 0.23863636363636365 1 0.25 1 0.26136363636363635 1 0.27272727272727271 1 0.28409090909090912 1 0.29545454545454547 1 0.30681818181818182 1 0.31818181818181818 1 0.32954545454545453 1 0.34090909090909094 1 0.35227272727272729 1 0.36363636363636365 1 0.375 1 0.38636363636363635 1 0.39772727272727276 1 0.40909090909090912 1 0.42045454545454547 1 0.43181818181818182 1 0.44318181818181818 1 0.45454545454545459 1 0.46590909090909094 1 0.47727272727272729 1 0.48863636363636365 1 0.5 1 0.51136363636363635 1 0.52272727272727271 1 0.53409090909090906 1 0.54545454545454541 1 0.55681818181818188 1 0.56818181818181823 1 0.57954545454545459 1 0.59090909090909094 1 0.60227272727272729 1 0.61363636363636365 1 0.625 1 0.63636363636363635 1 0.64772727272727271 1 0.65909090909090906 1 0.67045454545454553 1 0.68181818181818188 1 0.69318181818181823 1 0.70454545454545459 1 0.71590909090909094 1 0.72727272727272729 1 0.73863636363636365 1 0.75 1 0.76136363636363635 1 0.77272727272727271 1 0.78409090909090906 1 0.79545454545454553 1 0.80681818181818188 1 0.81818181818181823 1 0.82954545454545459 1 0.84090909090909094 1 0.85227272727272729 1 0.86363636363636365 1 0.875 1 0.88636363636363635 1 0.89772727272727271 1 0.90909090909090917 1 0.92045454545454553 1 0.93181818181818188 1 0.94318181818181823 1 0.95454545454545459 1 0.96590909090909094 1 0.97727272727272729 1 0.98863636363636365 1 1 4
7 0 0  3 91 89  5.1174357464194218 7.952974832558894  5.1159290300022535 7.9383159939455918  5.1129163869211096 7.9090536972934711  5.1083994060266216 7.8653598071367341  5.1038840234474439 7.8218988849726232  5.0993698533501437 7.7787043437162193  5.0948565097054423 7.735809597233791  5.0903436063565826 7.6932480558431182  5.0858307569477059 7.6510531431045425  5.0813175755683186 7.6092582331568712  5.0768036746729734 7.567896884582245  5.0722886731838175 7.5270019676112518  5.0677721665869075 7.4866089214371021  5.0632538431607603 7.4467431314799253  5.0587337509948345 7.4073908623353146  5.0542118918019003 7.3685433891922933  5.049688279380284 7.3301906455797283  5.0451629239869993 7.2923229210735823  5.0406358363237525 7.2549304227220626  5.0361070271608419 7.2180033316368828  5.0315765047965781 7.1815320152036124  5.0270442855370696 7.1455061216489666  5.0225103533675597 7.1099180666754842  5.0179745118524997 7.0747758451609739  5.0134365828867145 7.0400858361955354  5.008896383471825 7.0058548341644489  5.0043537302252163 6.9720895880603537  4.9998084447464803 6.9387966131508021  4.9952603278223551 6.9059834049967481  4.9907092817749277 6.873652610369958  4.9861552951621189 6.841802749051749  4.9815983367889691 6.8104332540587036  4.9770383814118579 6.7795432920405956  4.9724753973635618 6.7491321818792018  4.9679093703354855 6.7191988998950967  4.9633400449390574 6.6897469233397464  4.958767138590412 6.6607802234312974  4.9541903815154384 6.6323025357142162  4.9496094766841079 6.604318050155503  4.9450242252297176 6.576829298335916  4.9404348063271453 6.5498324954485998  4.9358413531126066 6.5233245285468531  4.9312439995784034 6.4973026007644501  4.9266429191035854 6.4717619790530927  4.9220380819930316 6.4467072454019645  4.9174292464762628 6.4221525767481316  4.9128162186872251 6.3981102420532361  4.9081987775384839 6.3745926072297685  4.9035767604725748 6.3516135583625681  4.8989492515539057 6.3291647515512643  4.8943152368977261 6.3072353025316144  4.8896737801034789 6.2858154129563903  4.8850237259205036 6.2648934494190103  4.8803657732690393 6.2444723540280034  4.8757010099603439 6.2245581432874815  4.8710304160268114 6.2051559000755505  4.8663550213998317 6.1862714833049388  4.861676055474093 6.1679154592817582  4.8569947296744536 6.1500979945863117  4.8523122711320603 6.132829473677412  4.8476298584262567 6.1161197966278893  4.842948398343891 6.0999762111407048  4.8382688337926991 6.0844062957888863  4.8335920723007195 6.0694173314218034  4.8289191293726512 6.0550174589134036  4.8242489165535707 6.0411980923798136  4.8195802020155396 6.0279495059654638  4.8149118230794112 6.0152625261070725  4.8102424842244984 6.0031269041023405  4.8055724758601608 5.9915452129133859  4.8009022727144428 5.9805215510613525  4.796232289038417 5.9700594033530745  4.7915629986367678 5.9601632051548705  4.7868946204934488 5.9508328398255319  4.7822272159317265 5.9420653706870645  4.7775608822824331 5.9338584016845655  4.7728957103856589 5.9262098103237966  4.768231782100389 5.9191158392442063  4.763569279097319 5.9125868756205167  4.7589084100014611 5.9066363952022387  4.7542493633645995 5.9012773083941132  4.7495923833810112 5.8965218191015971  4.7449374684322647 5.8923861288513164  4.7402843303253901 5.8888877324271842  4.7356327411199599 5.8860531409354433  4.7309824517299335 5.8838709284630362  4.7263331931146562 5.8821676019524887  4.7216846966104686 5.8807829580121922  4.7170367095903751 5.8796174615373245  4.7139382229458668 5.8789185502072066  4.7123889803846968 5.8785717313568995 
 0 4 0.011363636363636364 1 0.022727272727272728 1 0.034090909090909088 1 0.045454545454545456 1 0.056818181818181823 1 0.068181818181818177 1 0.079545454545454544 1 0.090909090909090912 1 0.10227272727272728 1 0.11363636363636365 1 0.125 1 0.13636363636363635 1 0.14772727272727273 1 0.15909090909090909 1 0.17045454545454547 1 0.18181818181818182 1 0.19318181818181818 1 0.20454545454545456 1 0.21590909090909091 1 0.22727272727272729 1 0.23863636363636365 1 0.25 1 0.26136363636363635 1 0.27272727272727271 1 0.28409090909090912 1 0.29545454545454547 1 0.30681818181818182 1 0.31818181818181818 1 0.32954545454545453 1 0.34090909090909094 1 0.35227272727272729 1 0.36363636363636365 1 0.375 1 0.38636363636363635 1 0.39772727272727276 1 0.40909090909090912 1 0.42045454545454547 1 0.43181818181818182 1 0.44318181818181818 1 0.45454545454545459 1 0.46590909090909094 1 0.47727272727272729 1 0.48863636363636365 1 0.5 1 0.51136363636363635 1 0.52272727272727271 1 0.53409090909090906 1 0.54545454545454541 1 0.55681818181818188 1 0.56818181818181823 1 0.57954545454545459 1 0.59090909090909094 1 0.60227272727272729 1 0.61363636363636365 1 0.625 1 0.63636363636363635 1 0.64772727272727271 1 0.65909090909090906 1 0.67045454545454553 1 0.68181818181818188 1 0.69318181818181823 1 0.70454545454545459 1 0.71590909090909094 1 0.72727272727272729 1 0.73863636363636365 1 0.75 1 0.76136363636363635 1 0.77272727272727271 1 0.78409090909090906 1 0.79545454545454553 1 0.80681818181818188 1 0.81818181818181823 1 0.82954545454545459 1 0.84090909090909094 1 0.85227272727272729 1 0.86363636363636365 1 0.875 1 0.88636363636363635 1 0.89772727272727271 1 0.90909090909090917 1 0.92045454545454553 1 0.93181818181818188 1 0.94318181818181823 1 0.95454545454545459 1 0.96590909090909094 1 0.97727272727272729 1 0.98863636363636365 1 1 4
7 0 0  1 2 2  1.8512966936723897e-17 1  0.020390141803408021 1 
 0 2 1 2
7 0 0  1 2 2  1.0427875136728364e-17 2.9321917705383275e-15  0.020390141803408 2.8862744301128003e-15 
 0 2 1 2
1 1.8512966936723897e-17 1 -4.042545899997612e-18 -1 
7 0 0  3 113 111  2.7679568900006504 -4.0658639886787711  2.7727686964711031 -4.0658585923867943  2.7823922884118626 -4.0658523198695935  2.796827638457037 -4.0658522011211407  2.811262980692129 -4.0658567710449365  2.825698327948075 -4.0658625874235232  2.8401336853136083 -4.0658667803571209  2.8545690485018658 -4.0658682904524248  2.869004411242118 -4.065867418231897  2.8834397693509599 -4.0658650697602505  2.897875122997247 -4.0658634139542551  2.9123104786991436 -4.0658638142050538  2.9267458383675726 -4.0658642632382671  2.9411812003980748 -4.0658642448709479  2.9556165623717034 -4.0658638639556335  2.9700519241951131 -4.0658642334254873  2.9844872862655656 -4.065864352684244  2.9989226463045036 -4.0658639468972551  3.0133580025718913 -4.0658634335310344  3.0277933562810944 -4.0658647175230911  3.0422287138132185 -4.0658670444524123  3.0566640761149326 -4.0658680938824121  3.0710994393452289 -4.0658669288833273  3.085534797826162 -4.065863272771141  3.0999701464195133 -4.065857829017582  3.1144054917003219 -4.0658539936942812  3.12884083920168 -4.0658530204040026  3.1432762443334976 -4.06586752779232  3.1577116335668811 -4.0658498991021723  3.1721469774397768 -4.0658530866611198  3.1865823185698114 -4.0658572815236855  3.2010176647696986 -4.065863236994339  3.2154530210723906 -4.0658671023112261  3.2298883823426343 -4.0658683521300114  3.2443237428059271 -4.0658672622098182  3.2587590986674164 -4.0658648178209083  3.2731944511256748 -4.0658633691766823  3.2876298064546186 -4.0658637336152799  3.3020651651788229 -4.0658640610285888  3.3165005251850754 -4.0658639876067104  3.3309358839013301 -4.0658638447205737  3.3453712417828374 -4.0658646823171471  3.3598066005943332 -4.0658651141521256  3.3742419588207762 -4.0658647555597511  3.3886773149053528 -4.0658638842250561  3.4031126702542429 -4.06586410442047  3.4175480280432669 -4.0658647371731149  3.4319833871610119 -4.0658647368707577  3.4464187454041899 -4.0658640971737716  3.4608541017464574 -4.0658639051073777  3.4752894590959547 -4.0658646617067111  3.4897248179382516 -4.0658648851817576  3.5041601763275123 -4.0658644134872528  3.5185955326854583 -4.0658637805445279  3.5330308890966826 -4.065864396567819  3.5474662475766023 -4.0658648646938262  3.5619016064680111 -4.0658646452993157  3.5763369637552125 -4.0658638989648956  3.590772319794961 -4.0658641087018381  3.605207677672372 -4.0658647843576849  3.6196430366360941 -4.0658648070461254  3.6340783946263406 -4.0658641632522885  3.6485137506776071 -4.0658638620283796  3.6629491077670782 -4.0658646080888303  3.677384466582005 -4.0658648754605426  3.6918198251630496 -4.0658644522234697  3.7062551817698641 -4.0658637856171227  3.7206905381371458 -4.0658643526479858  3.7351258965367489 -4.0658648607440933  3.7495612554359372 -4.0658646811711971  3.7639966128144002 -4.0658639373608043  3.7784319687946 -4.0658640595347073  3.7928673265393074 -4.0658647597167201  3.8073026855006411 -4.0658648241064217  3.8217380436178745 -4.0658642133373588  3.8361733997433833 -4.0658638337754063  3.8506087567038119 -4.0658645701571832  3.8650441154669326 -4.0658648790360363  3.8794794741174887 -4.0658644965737949  3.8939148308425899 -4.0658637971701577  3.9083501871065822 -4.0658643031642354  3.9227855454064939 -4.0658648500387216  3.937220904334112 -4.065864712047623  3.9516562618509559 -4.0658639790743605  3.966091617828019 -4.0658640129748651  3.9805269754573098 -4.0658647327843163  3.9949623344103311 -4.065864838129861  4.0093976926300714 -4.0658642626988115  4.0238330488074059 -4.0658638109546619  4.038268405594204 -4.0658645323766409  4.0527037642667993 -4.0658648849087964  4.0671391229839875 -4.0658645439647145  4.0815744798859068 -4.0658638174567603  4.0960098361771795 -4.0658642462071066  4.1104451944826392 -4.0658648203356931  4.1248805534630115 -4.0658647195707491  4.1393159110254389 -4.0658640094110732  4.1537512667445409 -4.06586398072736  4.1681866239179266 -4.0658647540563768  4.1826219826903053 -4.0658649264620985  4.1970573411379508 -4.0658643803886232  4.2114926979009573 -4.0658637950538337  4.2259280553498266 -4.0658643517509265  4.2403634144268718 -4.065864622859892  4.2547987730588304 -4.0658643015916933  4.2692341292994227 -4.0658637134109119  4.2836694841965199 -4.06586451621828  4.2981048417418695 -4.0658656505860344  4.3125402011542429 -4.0658658163046093  4.3269755601916398 -4.065864908570374  4.3414109153656417 -4.0658632024007808  4.3510344872319875 -4.0658633012579148  4.3558462742091191 -4.0658639886787453 
 0 4 0.0090909090909090905 1 0.018181818181818181 1 0.027272727272727271 1 0.036363636363636362 1 0.045454545454545456 1 0.054545454545454543 1 0.06363636363636363 1 0.072727272727272724 1 0.081818181818181818 1 0.090909090909090912 1 0.099999999999999992 1 0.10909090909090909 1 0.11818181818181818 1 0.12727272727272726 1 0.13636363636363635 1 0.14545454545454545 1 0.15454545454545454 1 0.16363636363636364 1 0.17272727272727273 1 0.18181818181818182 1 0.19090909090909089 1 0.19999999999999998 1 0.20909090909090908 1 0.21818181818181817 1 0.22727272727272727 1 0.23636363636363636 1 0.24545454545454545 1 0.25454545454545452 1 0.26363636363636361 1 0.27272727272727271 1 0.2818181818181818 1 0.29090909090909089 1 0.29999999999999999 1 0.30909090909090908 1 0.31818181818181818 1 0.32727272727272727 1 0.33636363636363636 1 0.34545454545454546 1 0.35454545454545455 1 0.36363636363636365 1 0.37272727272727268 1 0.38181818181818178 1 0.39090909090909087 1 0.39999999999999997 1 0.40909090909090906 1 0.41818181818181815 1 0.42727272727272725 1 0.43636363636363634 1 0.44545454545454544 1 0.45454545454545453 1 0.46363636363636362 1 0.47272727272727272 1 0.48181818181818181 1 0.49090909090909091 1 0.5 1 0.50909090909090904 1 0.51818181818181819 1 0.52727272727272723 1 0.53636363636363638 1 0.54545454545454541 1 0.55454545454545456 1 0.5636363636363636 1 0.57272727272727275 1 0.58181818181818179 1 0.59090909090909083 1 0.59999999999999998 1 0.60909090909090902 1 0.61818181818181817 1 0.6272727272727272 1 0.63636363636363635 1 0.64545454545454539 1 0.65454545454545454 1 0.66363636363636358 1 0.67272727272727273 1 0.68181818181818177 1 0.69090909090909092 1 0.69999999999999996 1 0.70909090909090911 1 0.71818181818181814 1 0.72727272727272729 1 0.73636363636363633 1 0.74545454545454537 1 0.75454545454545452 1 0.76363636363636356 1 0.77272727272727271 1 0.78181818181818175 1 0.79090909090909089 1 0.79999999999999993 1 0.80909090909090908 1 0.81818181818181812 1 0.82727272727272727 1 0.83636363636363631 1 0.84545454545454546 1 0.8545454545454545 1 0.86363636363636365 1 0.87272727272727268 1 0.88181818181818172 1 0.89090909090909087 1 0.89999999999999991 1 0.90909090909090906 1 0.9181818181818181 1 0.92727272727272725 1 0.93636363636363629 1 0.94545454545454544 1 0.95454545454545447 1 0.96363636363636362 1 0.97272727272727266 1 0.98181818181818181 1 0.99090909090909085 1 1 4
7 0 0  1 2 2  2.7679568900006504 9.9999999946141003  4.3558462742091191 9.9999999946141003 
 0 2 1 2
7 0 0  3 47 45  4.3558462742091155 -4.0658639851037197  4.3566647309759299 -4.0614710003764927  4.358301664218013 -4.0526849340811806  4.3607570889223375 -4.0395100340643175  4.363212503706162 -4.0263438205979023  4.3656678754792173 -4.0131907906914579  4.36812317224586 -4.0000554478071262  4.3705783632647215 -3.9869423020472614  4.373033418987597 -3.9738558720024368  4.3754883111442924 -3.9608006763336654  4.3779430124638985 -3.9477812647565247  4.3803974979523055 -3.9348020735977554  4.3828517446996473 -3.9218674408476901  4.3853057307502246 -3.9089817329728471  4.3877594353406595 -3.8961493163622274  4.3902128389035777 -3.8833745630729086  4.3926659228116431 -3.8706618555941423  4.3951186703944005 -3.8580155612388718  4.3975710629869891 -3.8454401325330276  4.400023070221895 -3.8329403675914584  4.4024746646868094 -3.8205210131190852  4.4049258194492538 -3.808186899189141  4.4073765102073592 -3.7959426178151454  4.4098267091590477 -3.7837936730047659  4.4122764097697624 -3.7717417394572528  4.4147256398901078 -3.7597817689539075  4.4171744198888812 -3.747909925436542  4.4196227707472202 -3.7361220472018459  4.4220707120421459 -3.7244140530727972  4.4245182619324659 -3.7127818562616826  4.4269654392999671 -3.7012213012783293  4.4294122716116551 -3.6897278336247883  4.4318587841079511 -3.6782969385260658  4.4343050011344793 -3.666924086909042  4.4367509457966259 -3.6556047501845739  4.4391966400206364 -3.6443343959521721  4.4416421046654806 -3.6331084912119036  4.4440873590248353 -3.6219224946224058  4.4465324294462043 -3.6107719878905096  4.4489773416343148 -3.5996525566507405  4.4514221200443203 -3.5885597810915404  4.4538667879607603 -3.5774892385475812  4.4563113677925372 -3.5664365032488323  4.4587558797288018 -3.5553971454393589  4.4612003404462888 -3.5443667309843527  4.4628299571387506 -3.5370161257202017  4.4636447621826445 -3.5333408348420172 
 0 4 0.022727272727272728 1 0.045454545454545456 1 0.068181818181818177 1 0.090909090909090912 1 0.11363636363636365 1 0.13636363636363635 1 0.15909090909090909 1 0.18181818181818182 1 0.20454545454545456 1 0.22727272727272729 1 0.25 1 0.27272727272727271 1 0.29545454545454547 1 0.31818181818181818 1 0.34090909090909094 1 0.36363636363636365 1 0.38636363636363635 1 0.40909090909090912 1 0.43181818181818182 1 0.45454545454545459 1 0.47727272727272729 1 0.5 1 0.52272727272727271 1 0.54545454545454541 1 0.56818181818181823 1 0.59090909090909094 1 0.61363636363636365 1 0.63636363636363635 1 0.65909090909090906 1 0.68181818181818188 1 0.70454545454545459 1 0.72727272727272729 1 0.75 1 0.77272727272727271 1 0.79545454545454553 1 0.81818181818181823 1 0.84090909090909094 1 0.86363636363636365 1 0.88636363636363635 1 0.90909090909090917 1 0.93181818181818188 1 0.95454545454545459 1 0.97727272727272729 1 1 4
7 0 0  3 47 45  0.97923929803924736 0.13297685852586519  0.97941862139017344 0.13273641859504839  0.97977644320178803 0.13225468012789229  0.98031065474279322 0.13152950130269955  0.98084229859010574 0.13080175612426259  0.9813713282669575 0.13007144908692747  0.98189769732103216 0.12933858449960173  0.9824213593353206 0.12860316645654538  0.98294226789942629 0.12786519884323064  0.98346037671211395 0.12712468532246365  0.9839756391983796 0.12638162936430758  0.98448801028222466 0.12563603409091664  0.98499744619600882 0.12488790229675364  0.9855039029197703 0.1241372365785075  0.98600733653029915 0.12338403930744175  0.98650770312859637 0.12262831261087666  0.98700495877937433 0.121870058454248  0.98749905982396269 0.1211092783116169  0.9879899616444584 0.12034597442529985  0.98847761553984559 0.11958015294184619  0.98896197349958526 0.11881181923722774  0.98944298687164955 0.11804097867992017  0.98992060909725588 0.11726763602452973  0.9903947861021396 0.11649179705316168  0.99086549584489869 0.11571346195416445  0.9913327723630484 0.11493262174506004  0.99179663957012054 0.11414926944044765  0.99225712408409694 0.11336339790109637  0.99271425185527518 0.11257500036738487  0.99316804882977106 0.111784070500965  0.99361854169463781 0.11099060169184224  0.99406576136142666 0.11019458450190942  0.99450973828460887 0.10939601014671103  0.99495050303995414 0.10859487007332576  0.99538808617024821 0.10779115607604192  0.99582251822770007 0.10698486028299824  0.99625382976226184 0.10617597512141287  0.99668205132966015 0.10536449349772628  0.99710721342127195 0.10455040580204222  0.997529346518639 0.10373370256583279  0.99794848110408541 0.10291437467995296  0.99836464764268074 0.10209241336909776  0.99877787664735918 0.10126781010416487  0.99918819842279449 0.10044055703516183  0.99959564282488178 0.099610647418656009  0.99986537407800546 0.099055599050959189  0.99999977009289398 0.09877762996306734 
 0 4 0.022727272727272728 1 0.045454545454545456 1 0.068181818181818177 1 0.090909090909090912 1 0.11363636363636365 1 0.13636363636363635 1 0.15909090909090909 1 0.18181818181818182 1 0.20454545454545456 1 0.22727272727272729 1 0.25 1 0.27272727272727271 1 0.29545454545454547 1 0.31818181818181818 1 0.34090909090909094 1 0.36363636363636365 1 0.38636363636363635 1 0.40909090909090912 1 0.43181818181818182 1 0.45454545454545459 1 0.47727272727272729 1 0.5 1 0.52272727272727271 1 0.54545454545454541 1 0.56818181818181823 1 0.59090909090909094 1 0.61363636363636365 1 0.63636363636363635 1 0.65909090909090906 1 0.68181818181818188 1 0.70454545454545459 1 0.72727272727272729 1 0.75 1 0.77272727272727271 1 0.79545454545454553 1 0.81818181818181823 1 0.84090909090909094 1 0.86363636363636365 1 0.88636363636363635 1 0.90909090909090917 1 0.93181818181818188 1 0.95454545454545459 1 0.97727272727272729 1 1 4
7 0 0  3 69 67  4.4636447621905253 -3.533340834220148  4.4639673336459671 -3.5364089330014319  4.4646126856608905 -3.5425339540003957  4.4655813400557118 -3.5516879153713874  4.4665506198854263 -3.5608082661767257  4.4675205242049447 -3.5698949659836114  4.4684910520639862 -3.578947974360347  4.4694622025088782 -3.5879672509041409  4.4704339745808683 -3.596952755220483  4.4714063673152085 -3.6059044469144999  4.4723793797428932 -3.6148222856089824  4.4733530108809845 -3.6237062308421453  4.4743272597380317 -3.6325562421255011  4.4753021253177128 -3.6413722789852492  4.4762776066179839 -3.6501543009467836  4.4772537026309243 -3.6589022675627061  4.4782304123423868 -3.6676161384007417  4.4792077347339792 -3.6762958730442734  4.4801856687768655 -3.6849414310389057  4.4811642134587499 -3.6935527721415387  4.4821433677870797 -3.7021298563468878  4.4831231307583952 -3.7106726436044517  4.4841035013657349 -3.7191810938847079  4.4850844785935022 -3.72765516714255  4.4860660614152437 -3.7360948233063738  4.4870482488000034 -3.744500022316184  4.4880310397104335 -3.7528707241115713  4.4890144331058881 -3.7612068886540118  4.4899984279230107 -3.7695084757876653  4.4909830230882379 -3.7777754453309198  4.4919682175237918 -3.7860077571196333  4.4929540101450591 -3.7942053709891206  4.4939403998653704 -3.8023682468054183  4.4949273855680856 -3.8104963442859425  4.4959149661230917 -3.8185896231080458  4.4969031403966175 -3.8266480429725034  4.4978919072485155 -3.8346715635861011  4.4988812655338144 -3.8426601446723296  4.4998712140992074 -3.8506137459472427  4.5008617517955711 -3.8585323272057659  4.5018528774251925 -3.8664158479603263  4.5028445897215166 -3.8742642673091265  4.5038368874242281 -3.8820775444516675  4.5048297692639894 -3.8898556385841339  4.5058232339664537 -3.8975985089271252  4.506817280251453 -3.9053061147209904  4.5078119068322708 -3.9129784152173852  4.5088071124193814 -3.9206153697194601  4.5098028957610055 -3.9282169380081537  4.5107992555972896 -3.9357830798559075  4.5117961906632793 -3.9433137550586843  4.5127936996881317 -3.9508089234279407  4.5137917813952493 -3.9582685447915273  4.5147904345025873 -3.9656925789995277  4.5157896577212906 -3.9730809859004896  4.5167894497642012 -3.9804337254949882  4.5177898093408375 -3.9877507578456712  4.5187907351545595 -3.9950320430215314  4.5197922259026244 -4.0022775411118303  4.5207942802786105 -4.0094872122245446  4.521796896957551 -4.0166610164759966  4.5228000746034303 -4.0237989139974646  4.5238038118758617 -4.0309008649411613  4.5248081074282496 -4.0379668294787674  4.5258129599089116 -4.0449967678024468  4.5268183679646175 -4.0519906401279275  4.5278243302366938 -4.0589484066890078  4.528495340318047 -4.0635628207279115  4.5288309372730158 -4.0658639968725296 
 0 4 0.015151515151515152 1 0.030303030303030304 1 0.045454545454545456 1 0.060606060606060608 1 0.07575757575757576 1 0.090909090909090912 1 0.10606060606060606 1 0.12121212121212122 1 0.13636363636363635 1 0.15151515151515152 1 0.16666666666666669 1 0.18181818181818182 1 0.19696969696969696 1 0.21212121212121213 1 0.22727272727272729 1 0.24242424242424243 1 0.25757575757575757 1 0.27272727272727271 1 0.2878787878787879 1 0.30303030303030304 1 0.31818181818181818 1 0.33333333333333337 1 0.34848484848484851 1 0.36363636363636365 1 0.37878787878787878 1 0.39393939393939392 1 0.40909090909090912 1 0.42424242424242425 1 0.43939393939393939 1 0.45454545454545459 1 0.46969696969696972 1 0.48484848484848486 1 0.5 1 0.51515151515151514 1 0.53030303030303028 1 0.54545454545454541 1 0.56060606060606066 1 0.5757575757575758 1 0.59090909090909094 1 0.60606060606060608 1 0.62121212121212122 1 0.63636363636363635 1 0.65151515151515149 1 0.66666666666666674 1 0.68181818181818188 1 0.69696969696969702 1 0.71212121212121215 1 0.72727272727272729 1 0.74242424242424243 1 0.75757575757575757 1 0.77272727272727271 1 0.78787878787878785 1 0.80303030303030309 1 0.81818181818181823 1 0.83333333333333337 1 0.84848484848484851 1 0.86363636363636365 1 0.87878787878787878 1 0.89393939393939392 1 0.90909090909090917 1 0.92424242424242431 1 0.93939393939393945 1 0.95454545454545459 1 0.96969696969696972 1 0.98484848484848486 1 1 4
7 0 0  3 69 67  1.352459721358835 1.0577884308147405  1.3527299230364893 1.0537001988735792  1.3532706457509736 1.0455379131013725  1.3540826866312328 1.0333370935169395  1.354895683056798 1.0211789577507195  1.355709633744266 1.0090635805442267  1.3565245373967652 0.99699103663953814  1.3573403927041621 0.98496140074398064  1.3581571983419636 0.97297474755538527  1.3589749529704371 0.96103115177260812  1.3597936552360461 0.94913068807187706  1.360613303763327 0.93727343123608564  1.3614338971593769 0.9254594560805619  1.3622554340168918 0.91368883740041018  1.3630779129134589 0.90196164998933126  1.3639013324111624 0.89027796860184483  1.3647256910563186 0.87863786796796051  1.3655509873813143 0.86704142279342122  1.366377219899312 0.85548870782999076  1.3672043871269322 0.84397979754060271  1.3680324875869361 0.83251476606264097  1.3688615197824598 0.82109368758714163  1.369691482203236 0.80971663626990964  1.3705223733211307 0.7983836862784226  1.3713541915881795 0.78709491180522662  1.3721869354421077 0.77585038701843001  1.3730206033046617 0.76465018607646906  1.3738551935842749 0.75349438309857719  1.3746907046592882 0.74238305234689517  1.3755271348887066 0.73131626810568584  1.3763644826173504 0.72029410462398225  1.3772027461735452 0.7093166361385207  1.3780419238732713 0.69838393683222466  1.3788820139958815 0.68749608106725013  1.3797230147983892 0.67665314324324466  1.3805649245239913 0.66585519771384571  1.3814077413996795 0.65510231880881098  1.3822514636375713 0.64439458081942402  1.3830960894318505 0.63373205802932397  1.3839416169695704 0.62311482460043988  1.3847880443850142 0.61254295504896805  1.3856353697421113 0.60201652441989451  1.3864835910993185 0.59153560760548318  1.3873327064964054 0.58110027948268161  1.3881827139579219 0.57071061487609909  1.3890336114924533 0.56036668856297822  1.3898853970920277 0.55006857528452324  1.3907380687351834 0.53981634968976411  1.3915916244206603 0.5296100857481254  1.3924460621293877 0.51944985741704119  1.3933013798269238 0.50933573859760584  1.3941575754628028 0.49926780314465807  1.3950146469706266 0.48924612486528102  1.3958725922682831 0.47927077750914898  1.396731409256907 0.46934183480254471  1.3975910958273285 0.45945937022833944  1.3984516498562767 0.44962345715379526  1.3993130692042155 0.4398341689087058  1.4001753517152877 0.43009157876458987  1.4010384952195389 0.42039575993842793  1.4019024975192664 0.4107467855934519  1.402767356395888 0.40114472883551616  1.4036330696160702 0.39158966271062173  1.4044996349300078 0.38208166020412226  1.4053670500725377 0.37262079424021199  1.4062353127660236 0.3632071376785489  1.4071044207181189 0.35384076332224024  1.4076843879824172 0.34762808369815457  1.4079745117206257 0.34452964849614992 
 0 4 0.015151515151515152 1 0.030303030303030304 1 0.045454545454545456 1 0.060606060606060608 1 0.07575757575757576 1 0.090909090909090912 1 0.10606060606060606 1 0.12121212121212122 1 0.13636363636363635 1 0.15151515151515152 1 0.16666666666666669 1 0.18181818181818182 1 0.19696969696969696 1 0.21212121212121213 1 0.22727272727272729 1 0.24242424242424243 1 0.25757575757575757 1 0.27272727272727271 1 0.2878787878787879 1 0.30303030303030304 1 0.31818181818181818 1 0.33333333333333337 1 0.34848484848484851 1 0.36363636363636365 1 0.37878787878787878 1 0.39393939393939392 1 0.40909090909090912 1 0.42424242424242425 1 0.43939393939393939 1 0.45454545454545459 1 0.46969696969696972 1 0.48484848484848486 1 0.5 1 0.51515151515151514 1 0.53030303030303028 1 0.54545454545454541 1 0.56060606060606066 1 0.5757575757575758 1 0.59090909090909094 1 0.60606060606060608 1 0.62121212121212122 1 0.63636363636363635 1 0.65151515151515149 1 0.66666666666666674 1 0.68181818181818188 1 0.69696969696969702 1 0.71212121212121215 1 0.72727272727272729 1 0.74242424242424243 1 0.75757575757575757 1 0.77272727272727271 1 0.78787878787878785 1 0.80303030303030309 1 0.81818181818181823 1 0.83333333333333337 1 0.84848484848484851 1 0.86363636363636365 1 0.87878787878787878 1 0.89393939393939392 1 0.90909090909090917 1 0.92424242424242431 1 0.93939393939393945 1 0.95454545454545459 1 0.96969696969696972 1 0.98484848484848486 1 1 4
1 4.5288309370098068 -4.0658639867731949 1 0 
1 4.5288309370098068 9.999999994615699 1 0 
7 0 0  3 69 67  4.8959470247389119 -4.0658639863414781  4.8962826216082673 -4.0635628110582713  4.8969536315182722 -4.0589483986775337  4.8979595935331552 -4.051990634430549  4.8989650013317005 -4.044996764266708  4.8999698535554259 -4.0379668279732881  4.9009741488512981 -4.0309008653546972  4.9019778858679279 -4.0237989162498327  4.9029810632590358 -4.016661020519547  4.9039836796845258 -4.0094872180429482  4.9049857338087222 -4.0022775487233471  4.9059872243068643 -3.9950320524656231  4.9069881498724186 -3.9877507691502192  4.9079885092025917 -3.980433738681592  4.908988301000667 -3.9730810009831545  4.9099875239761008 -3.9656925959845557  4.910986176841674 -3.9582685636796291  4.9119842583085571 -3.950808944221794  4.912981767094708 -3.9433137777615723  4.9139787019235328 -3.9357831044722267  4.914975061524208 -3.9282169645432261  4.9159708446317785 -3.920615398179665  4.9169660499864012 -3.9129784456099546  4.9179606763363068 -3.905306147054286  4.9189547223919687 -3.8975985432090483  4.9199481868666606 -3.8898556748221629  4.9209410684802144 -3.8820775826527281  4.921933365958278 -3.874264307479736  4.9229250780315077 -3.8664158901065151  4.9239162034395898 -3.8585323713330903  4.924906740915957 -3.8506137920607775  4.9258966892629035 -3.8426601927768398  4.9268860473312968 -3.8346716136864663  4.9278748139678328 -3.8266480950732986  4.9288629880275412 -3.8185896772139478  4.9298505683702771 -3.8104964004014978  4.9308375538622675 -3.8023683049350669  4.9318239433733932 -3.7942054311372653  4.9328097357870195 -3.78600781929056  4.9337949300164725 -3.7777755095286234  4.9347795249771345 -3.7695085420160175  4.9357635195912275 -3.7612069569166224  4.9367469127851873 -3.7528707944117983  4.9377297034956502 -3.7445000946572327  4.9387118906819731 -3.7360948976914563  4.9396934733068045 -3.7276552435748327  4.9406744503391886 -3.7191811723672763  4.941654820752678 -3.710672724140514  4.9426345835316612 -3.7021299389391324  4.9436137376691711 -3.6935528567919222  4.9445922821617456 -3.6849415177487619  4.9455702160168125 -3.6762959618140068  4.9465475382220898 -3.6676162292314292  4.9475242477487704 -3.6589023604573789  4.9485003435784787 -3.6501543959102896  4.949475824697104 -3.6413723760246528  4.9504506900967034 -3.6325563412465129  4.9514249387751228 -3.6237063320415146  4.9523985697359558 -3.6148223888770472  4.9533715819876267 -3.605904552231912  4.9543439745472133 -3.5969528625689389  4.9553157464460797 -3.5879673602958921  4.9562868967198197 -3.5789480858338107  4.9572574244100194 -3.5698950796047195  4.9582273285633338 -3.5608083820375094  4.9591966082297061 -3.5516880335816561  4.9601652624642796 -3.5425340746884721  4.9608106143745889 -3.5364090554391723  4.9611331857783165 -3.5333409575602404 
 0 4 0.015151515151515152 1 0.030303030303030304 1 0.045454545454545456 1 0.060606060606060608 1 0.07575757575757576 1 0.090909090909090912 1 0.10606060606060606 1 0.12121212121212122 1 0.13636363636363635 1 0.15151515151515152 1 0.16666666666666669 1 0.18181818181818182 1 0.19696969696969696 1 0.21212121212121213 1 0.22727272727272729 1 0.24242424242424243 1 0.25757575757575757 1 0.27272727272727271 1 0.2878787878787879 1 0.30303030303030304 1 0.31818181818181818 1 0.33333333333333337 1 0.34848484848484851 1 0.36363636363636365 1 0.37878787878787878 1 0.39393939393939392 1 0.40909090909090912 1 0.42424242424242425 1 0.43939393939393939 1 0.45454545454545459 1 0.46969696969696972 1 0.48484848484848486 1 0.5 1 0.51515151515151514 1 0.53030303030303028 1 0.54545454545454541 1 0.56060606060606066 1 0.5757575757575758 1 0.59090909090909094 1 0.60606060606060608 1 0.62121212121212122 1 0.63636363636363635 1 0.65151515151515149 1 0.66666666666666674 1 0.68181818181818188 1 0.69696969696969702 1 0.71212121212121215 1 0.72727272727272729 1 0.74242424242424243 1 0.75757575757575757 1 0.77272727272727271 1 0.78787878787878785 1 0.80303030303030309 1 0.81818181818181823 1 0.83333333333333337 1 0.84848484848484851 1 0.86363636363636365 1 0.87878787878787878 1 0.89393939393939392 1 0.90909090909090917 1 0.92424242424242431 1 0.93939393939393945 1 0.95454545454545459 1 0.96969696969696972 1 0.98484848484848486 1 1 4
7 0 0  3 69 67  1.7336181429335598 0.3445297006616006  1.7339082665990055 0.34762813475620125  1.7344882337173952 0.35384081223962671  1.7353573414497478 0.36320718358333942  1.7362256039228772 0.37262083730680368  1.7370930188447073 0.38208170058273427  1.7379595839378648 0.39158970052827646  1.7388252969375975 0.40114476418343775  1.7396901555945419 0.41074681852542438  1.7405541576757835 0.42039579047221981  1.7414173009632163 0.4300916068781237  1.7422795832594324 0.43983419455566053  1.7431410023943226 0.44962348030112936  1.7440015562119497 0.45945939085038173  1.7448612425726755 0.46934185288234209  1.745720059353127 0.47927079303869857  1.7465780044440589 0.48924613784303017  1.7474350757466304 0.49926781356689937  1.7482912711787388 0.50933574645983493  1.7491465886739983 0.51944986271361859  1.7500010261819572 0.52961008847234925  1.7508545816681851 0.53981634983379922  1.7517072531136249 0.55006857283947652  1.7525590385170291 0.56036668351886199  1.7534099358569337 0.57071060722334344  1.7542599431253554 0.58110026921237345  1.7551090583308788 0.59153559470928352  1.7559572794980436 0.60201650888999492  1.7568046046666153 0.61254293687822103  1.757651031895044 0.62311480378221074  1.7584965592472515 0.63373203455764393  1.759341184857518 0.64439455468857187  1.7601849069128976 0.65510229001321485  1.7610277236075711 0.66585516624803964  1.7618696331536579 0.67665310910190235  1.7627106337781471 0.68749604424514055  1.7635507237242365 0.69838389732430228  1.7643899012489366 0.70931659393977331  1.765228164631599 0.72029405972965876  1.7660655121882016 0.73131622051125889  1.7669019422470651 0.7423830020481913  1.7677374531530061 0.75349433009166822  1.7685720432650254 0.76465013035776508  1.7694057109614605 0.77585032858457559  1.7702384546507457 0.78709485065289753  1.7710702727546233 0.79838362240433725  1.7719011637108204 0.80971656967088668  1.7727311259713716 0.82109361825996008  1.7735601580081344 0.83251469400463807  1.7743882583108286 0.84397972275008992  1.77521542538258 0.85548863030599054  1.7760416577461315 0.86704134253615595  1.7768669539181177 0.87863778497687217  1.7776913124117379 0.89027788287391685  1.7785147317594092 0.90196156151973217  1.7793372105074974 0.91368874618122498  1.7801587472180542 0.92545936210600654  1.7809793404685079 0.93727333451072969  1.7817989888514281 0.94913058860828758  1.7826176909737357 0.96103104959478969  1.7834354454599792 0.97297464268621436  1.7842522509571828 0.98496129316963577  1.7850681061260971 0.99699092631498609  1.7858830096427398 1.0090634673914973  1.7866969601974625 1.0211788416607301  1.7875099564937311 1.0333369743593699  1.7883219972484941 1.0455377907237848  1.7888627198820803 1.0537000742331488  1.7891329215200367 1.057788305010199 
 0 4 0.015151515151515152 1 0.030303030303030304 1 0.045454545454545456 1 0.060606060606060608 1 0.07575757575757576 1 0.090909090909090912 1 0.10606060606060606 1 0.12121212121212122 1 0.13636363636363635 1 0.15151515151515152 1 0.16666666666666669 1 0.18181818181818182 1 0.19696969696969696 1 0.21212121212121213 1 0.22727272727272729 1 0.24242424242424243 1 0.25757575757575757 1 0.27272727272727271 1 0.2878787878787879 1 0.30303030303030304 1 0.31818181818181818 1 0.33333333333333337 1 0.34848484848484851 1 0.36363636363636365 1 0.37878787878787878 1 0.39393939393939392 1 0.40909090909090912 1 0.42424242424242425 1 0.43939393939393939 1 0.45454545454545459 1 0.46969696969696972 1 0.48484848484848486 1 0.5 1 0.51515151515151514 1 0.53030303030303028 1 0.54545454545454541 1 0.56060606060606066 1 0.5757575757575758 1 0.59090909090909094 1 0.60606060606060608 1 0.62121212121212122 1 0.63636363636363635 1 0.65151515151515149 1 0.66666666666666674 1 0.68181818181818188 1 0.69696969696969702 1 0.71212121212121215 1 0.72727272727272729 1 0.74242424242424243 1 0.75757575757575757 1 0.77272727272727271 1 0.78787878787878785 1 0.80303030303030309 1 0.81818181818181823 1 0.83333333333333337 1 0.84848484848484851 1 0.86363636363636365 1 0.87878787878787878 1 0.89393939393939392 1 0.90909090909090917 1 0.92424242424242431 1 0.93939393939393945 1 0.95454545454545459 1 0.96969696969696972 1 0.98484848484848486 1 1 4
1 5.06893168655529 -4.0658639867734117 1 0 
1 5.06893168655529 9.9999999946155 1 0 
1 6.2831853071795862 -4.0658639867734818 0 1 
1 0 -4.065863991867972 0 1 
7 0 0  3 289 287  6.2831853071795862 4.065863996793043  6.2783289681764654 4.0658706050217512  6.2686163114937088 4.0658782427925377  6.2540473648301731 4.0658782688530817  6.2394784258375591 4.0658725858549953  6.2249094816055166 4.0658654590806416  6.2103405272462044 4.065860422754783  6.195771567282164 4.0658587013796534  6.1812026078536952 4.0658598975237412  6.1666336529931245 4.0658628632996026  6.1520647018313142 4.0658647498167397  6.1374957478831069 4.0658643191776722  6.1229267904304754 4.0658639100218634  6.108357831633306 4.0658639962799317  6.0937888741461492 4.0658641728905218  6.0792199174987855 4.065863141307136  6.0646509599052152 4.0658626275442709  6.0500820029471134 4.0658630932447437  6.0355130482062966 4.0658641577505739  6.0209440940518588 4.0658638097722966  6.0063751373705436 4.0658630634802995  5.9918061794598421 4.0658631162814567  5.9772372225947468 4.0658639406396899  5.9626682675647436 4.0658640326503788  5.9480993112652918 4.065863114302009  5.9335303535969928 4.0658629262474566  5.9189613966106238 4.0658635967059693  5.9043924417128224 4.0658642359853827  5.8898234862868737 4.0658633793570695  5.8752545288491822 4.0658629180272534  5.8606855712974442 4.065863313214896  5.8461166156107058 4.0658642058701417  5.8315476606722703 4.0658636799288743  5.8169787036945149 4.0658629620487119  5.8024097459750381 4.065863090551213  5.7878407896266557 4.0658639803394978  5.7732718349308767 4.0658639940686232  5.7587028786045753 4.065863100181172  5.7441339208811666 4.065862959613983  5.7295649638783122 4.0658636662294132  5.7149960089410055 4.0658642121587372  5.7004270533285961 4.0658633223139367  5.6858580958234377 4.0658629123568311  5.6712891383680706 4.0658633611519956  5.6567201828584528 4.0658642295642569  5.6421512278596602 4.0658636193629762  5.6275822707822671 4.065862947434173  5.6130133130781568 4.0658631267293117  5.5984443568510649 4.0658640336561609  5.5838754021387489 4.0658639382385182  5.5693064456766574 4.0658630670176539  5.5547374879373628 4.0658629777678401  5.5401685310480149 4.0658637281927987  5.5255995761898555 4.0658641828119837  5.5110306204435533 4.065863273609116  5.496461662880562 4.0658629150648249  5.4818927054954774 4.0658634147782422  5.4673237501124552 4.065864245421194  5.4527547950153661 4.0658635584004417  5.4381858378404333 4.0658629344021024  5.4236168801673745 4.0658631650343962  5.4090479240779255 4.0658640827574715  5.3944789693434272 4.0658638800009843  5.3799100127525064 4.0658630374465394  5.3653410550035989 4.0658629994046729  5.3507720982300357 4.0658637900315195  5.336203143432857 4.0658641468122001  5.3216341875489546 4.0658632276966191  5.307065229935942 4.0658629206457446  5.2924962726298057 4.065863470873758  5.2779273173681771 4.0658642524659889  5.2633583621626618 4.0658634990026723  5.2487894048976251 4.0658629244240201  5.2342204472630893 4.0658632064580695  5.2196514913119412 4.0658641271571385  5.2050825365390416 4.0658638197957524  5.1905135798239286 4.0658630110702987  5.1759446220731506 4.0658630242255072  5.1613756654212262 4.0658638509377116  5.1468067106700266 4.065864104974044  5.1322377546477416 4.0658631847858437  5.1176687969924393 4.0658629291781754  5.1030998397727823 4.0658635292966423  5.0885308846242445 4.0658642499967321  5.0739619293011673 4.0658634417399533  5.0593929719535211 4.0658629174075571  5.0448240143652532 4.0658632509224653  5.0302550585522328 4.0658641660904324  5.0156861037255078 4.065863758325901  5.0011171468916329 4.0658629878906432  4.9865481891466814 4.0658630522472521  4.9719792326214645 4.0658639102222258  4.9574102779005118 4.0658640580620293  4.9428413217403078 4.0658631449500069  4.9282723640504438 4.0658629407043705  4.9137034069246877 4.0658635895660922  4.8991344518792381 4.0658642383216028  4.8845654964312439 4.0658633869192098  4.869996539008584 4.0658629133473028  4.85542758147432 4.0658632983342953  4.8408586257979156 4.0658641987884367  4.8262896709026757 4.0658636962749934  4.8117207139560891 4.065862967889279  4.7971517562246619 4.0658630834681508  4.7825827998304495 4.0658639671798475  4.7680138451236092 4.0658640068308554  4.7534448888271195 4.0658631082406504  4.7388759311104076 4.0658629552917924  4.7243069740857537 4.0658636510499546  4.7097380191318363 4.0658642182523455  4.695169063553271 4.0658633346948729  4.6806001060632596 4.0658629122611565  4.6660311485907311 4.0658633485764  4.6514621930480011 4.0658642244715679  4.6368932380705106 4.0658636343122989  4.622324281017776 4.0658629510348421  4.6077553233075763 4.0658631178730031  4.5931863670477791 4.0658640210920129  4.5786174123387227 4.0658639520219992  4.5640484559086509 4.0658630746959146  4.5494794981727988 4.0658629729947604  4.5349105412561155 4.0658637131018436  4.5203415863808329 4.0658641905913271  4.5057726306676527 4.0658632852070777  4.4912036731179983 4.0658629141539606  4.4766347157149005 4.0658634015184161  4.4620657603013711 4.0658642423469216  4.4474968052290764 4.0658635730941119  4.4329278480771634 4.0658629372825859  4.4183588903958988 4.0658631554336031  4.4037899342729379 4.0658640712270024  4.3892209795453736 4.0658638943637451  4.3746520229853747 4.0658630443407064  4.3600830652380873 4.0658629938545081  4.3455141084358084 4.0658637750620912  4.330945153625148 4.0658641561279412  4.3163761977748063 4.0658632385826694  4.3018072401732397 4.0658629190172544  4.2872382828472242 4.0658634570166345  4.2726693275567902 4.0658642516084456  4.2581003723785384 4.065863513263186  4.2435314151347132 4.0658629265744732  4.2289624574901028 4.0658631961080136  4.2143935015053087 4.0658641168397729  4.1998245467431827 4.0658638345708651  4.1852555900577801 4.0658630171863761  4.1706866323067491 4.0658630178987591  4.1561176756247677 4.0658638362575035  4.1415487208638195 4.0658641156382851  4.1269797648751734 4.0658631949343862  4.1124108072294385 4.0658629268318887  4.0978418499880744 4.0658635149038584  4.0832728948129038 4.0658642514744914  4.0687039395191409 4.0658634554390023  4.0541349821908739 4.0658629188419662  4.0395660245906466 4.0658632398405974  4.0249970687441481 4.0658641571721867  4.0104281139318916 4.0658637733448515  3.9958591571263598 4.0658629932307058  3.9812901993792864 4.0658630451417705  3.9667212428228442 4.0658638960001987  3.9521522880959896 4.0658640698896535  3.9375833319691695 4.0658631543469701  3.9230143742869727 4.0658629376254209  3.9084454171377296 4.0658635747834762  3.893876462068282 4.065864241962295  3.8793075066513376 4.065863400006779  3.8647385492462942 4.0658629140551961  3.8501695916982044 4.0658632865397921  3.8356006359886976 4.0658641914539224  3.8210316811110898 4.0658637113808673  3.8064627241909679 4.0658629724795059  3.7918937664554084 4.0658630756120413  3.7773248100292443 4.0658639536071499  3.7627558553213492 4.0658640196246862  3.7481868990590113 4.0658631168088188  3.733617941348863 4.0658629513647959  3.719048984298635 4.0658636359436713  3.7044800293214433 4.0658642238629552  3.6899110737709582 4.065863347329687  3.6753421162933857 4.0658629125988961  3.6607731588050534 4.0658633364794774  3.6462042032350395 4.065864219058529  3.6316352482909586 4.0658636488369666  3.6170662912756186 4.0658629536613384  3.6024973335635213 4.0658631077532279  3.5879283772609423 4.0658640073472236  3.5733594225213592 4.0658639666308307  3.5587904660813168 4.0658630863409897  3.544221508326912 4.0658629739320968  3.529652551399618 4.0658637027053848  3.515083596583719 4.0658641972022069  3.5005146410353043 4.0658632857510408  3.4859456835925267 4.0658628936396761  3.4713767261606798 4.0658633682339413  3.4568077705520195 4.0658642323968373  3.4422388151384409 4.0658636175860838  3.4276698576867366 4.0658630074255138  3.4131008999340859 4.0658632264204755  3.3985319440948136 4.0658641083721312  3.3839629902432433 4.0658638448995603  3.3693940346748592 4.0658628367521308  3.3548250772973462 4.065862686011366  3.3402561199271208 4.0658635140355095  3.3256871633783347 4.0658642363484869  3.3111182052597368 4.0658638890893197  3.2965492466182718 4.0658639974517596  3.2819802901248329 4.0658645061217484  3.2674113374883982 4.065864505893658  3.2528423857536137 4.0658618098641579  3.2382734291019579 4.0658592711693036  3.2237044689583478 4.0658589515988757  3.2091355101158392 4.0658617236201717  3.1945665588825407 4.0658677407234123  3.1799976175669551 4.0658745356012318  3.1654286762602375 4.0658794238201557  3.1508597254295547 4.0658734435761534  3.1362907023579139 4.0658667118501901  3.1217217358642189 4.0658808282090551  3.107152793944354 4.0658761910075505  3.0925838539875152 4.065870070721477  3.0780149059178736 4.0658632168256172  3.06344594850865 4.0658594286080216  3.0488769879536362 4.0658588440511227  3.0343080296655458 4.0658608532710492  3.0197390765475469 4.0658639120377966  3.0051701247584357 4.0658646881039466  2.9906011691669518 4.0658641315445845  2.9760322107386026 4.0658638657222586  2.9614632519640463 4.0658641533774071  2.9468942949475165 4.0658638661197166  2.9323253377270664 4.0658628356242881  2.9177563799584103 4.0658626872116033  2.9031874234924548 4.0658634827457023  2.8886184692726924 4.0658642617969036  2.8740495141001836 4.0658634593817879  2.8594805565292729 4.0658629885900295  2.8449115985506106 4.0658633453198583  2.8303426423124227 4.0658642040574975  2.8157736869922236 4.0658636727198338  2.8012047297989411 4.0658629450812986  2.7866357719509822 4.0658630718961088  2.7720668155129924 4.0658639682896229  2.757497860722895 4.0658640058649462  2.7429289042604017 4.0658631108146999  2.7283599463438626 4.065862961278456  2.7137909891040248 4.0658636583843766  2.6992220339329434 4.0658642155524758  2.6846530781417681 4.0658633287864321  2.6700841204612193 4.0658629109372111  2.6555151628195346 4.0658633523773959  2.6409462071159124 4.0658642263480944  2.6263772519511019 4.065863629255686  2.6118082947039412 4.0658629501674683  2.5972393368076365 4.0658631214137841  2.58267038037109 4.0658640257969365  2.5681014254756804 4.0658639468978839  2.553532468851667 4.0658630715011608  2.5389635109315942 4.0658629742022683  2.524394553838865 4.0658637181849206  2.5098255987779443 4.0658641879019104  2.4952566428548559 4.0658632818882525  2.4806876851056097 4.0658629160160329  2.46611872752423 4.0658634078630369  2.4515497719525023 4.065864243972694  2.436980816723068 4.0658635653980149  2.4224118594110973 4.0658629309840393  2.4078429015547811 4.0658631526762985  2.393273945225288 4.0658640717437047  2.3787049902138926 4.0658638943420149  2.3641360333468375 4.0658630586849176  2.3495670753656026 4.0658630193822196  2.334998118446193 4.0658637993894597  2.3204291636687575 4.0658641464834631  2.3058602079348196 4.0658631839342947  2.2912912503258585 4.0658628349527159  2.2767222927449167 4.0658633795320975  2.2621533368706053 4.0658642341992906  2.2475843807617482 4.0658636458871147  2.2330154228317389 4.06586321440997  2.2184464650755751 4.0658635314870724  2.2038775095922563 4.0658643005056723  2.1893085558317216 4.0658635162996859  2.1747395995873062 4.0658620786694426  2.1601706412847532 4.0658617855336123  2.1456016831885032 4.065862807602235  2.1310327288729458 4.0658648526555741  2.1213200910959307 4.0658647822083838  2.1164637712561305 4.065863996793059 
 0 4 0.0034965034965034965 1 0.006993006993006993 1 0.01048951048951049 1 0.013986013986013986 1 0.017482517482517484 1 0.02097902097902098 1 0.024475524475524476 1 0.027972027972027972 1 0.031468531468531472 1 0.034965034965034968 1 0.038461538461538464 1 0.04195804195804196 1 0.045454545454545456 1 0.048951048951048952 1 0.052447552447552448 1 0.055944055944055944 1 0.05944055944055944 1 0.062937062937062943 1 0.066433566433566432 1 0.069930069930069935 1 0.073426573426573424 1 0.076923076923076927 1 0.080419580419580416 1 0.083916083916083919 1 0.087412587412587409 1 0.090909090909090912 1 0.094405594405594401 1 0.097902097902097904 1 0.10139860139860139 1 0.1048951048951049 1 0.10839160839160839 1 0.11188811188811189 1 0.11538461538461539 1 0.11888111888111888 1 0.12237762237762238 1 0.12587412587412589 1 0.12937062937062938 1 0.13286713286713286 1 0.13636363636363635 1 0.13986013986013987 1 0.14335664335664336 1 0.14685314685314685 1 0.15034965034965034 1 0.15384615384615385 1 0.15734265734265734 1 0.16083916083916083 1 0.16433566433566432 1 0.16783216783216784 1 0.17132867132867133 1 0.17482517482517482 1 0.17832167832167833 1 0.18181818181818182 1 0.18531468531468531 1 0.1888111888111888 1 0.19230769230769232 1 0.19580419580419581 1 0.1993006993006993 1 0.20279720279720279 1 0.2062937062937063 1 0.20979020979020979 1 0.21328671328671328 1 0.21678321678321677 1 0.22027972027972029 1 0.22377622377622378 1 0.22727272727272727 1 0.23076923076923078 1 0.23426573426573427 1 0.23776223776223776 1 0.24125874125874125 1 0.24475524475524477 1 0.24825174825174826 1 0.25174825174825177 1 0.25524475524475526 1 0.25874125874125875 1 0.26223776223776224 1 0.26573426573426573 1 0.26923076923076922 1 0.27272727272727271 1 0.2762237762237762 1 0.27972027972027974 1 0.28321678321678323 1 0.28671328671328672 1 0.29020979020979021 1 0.2937062937062937 1 0.29720279720279719 1 0.30069930069930068 1 0.30419580419580422 1 0.30769230769230771 1 0.3111888111888112 1 0.31468531468531469 1 0.31818181818181818 1 0.32167832167832167 1 0.32517482517482516 1 0.32867132867132864 1 0.33216783216783219 1 0.33566433566433568 1 0.33916083916083917 1 0.34265734265734266 1 0.34615384615384615 1 0.34965034965034963 1 0.35314685314685312 1 0.35664335664335667 1 0.36013986013986016 1 0.36363636363636365 1 0.36713286713286714 1 0.37062937062937062 1 0.37412587412587411 1 0.3776223776223776 1 0.38111888111888109 1 0.38461538461538464 1 0.38811188811188813 1 0.39160839160839161 1 0.3951048951048951 1 0.39860139860139859 1 0.40209790209790208 1 0.40559440559440557 1 0.40909090909090912 1 0.41258741258741261 1 0.41608391608391609 1 0.41958041958041958 1 0.42307692307692307 1 0.42657342657342656 1 0.43006993006993005 1 0.43356643356643354 1 0.43706293706293708 1 0.44055944055944057 1 0.44405594405594406 1 0.44755244755244755 1 0.45104895104895104 1 0.45454545454545453 1 0.45804195804195802 1 0.46153846153846156 1 0.46503496503496505 1 0.46853146853146854 1 0.47202797202797203 1 0.47552447552447552 1 0.47902097902097901 1 0.4825174825174825 1 0.48601398601398599 1 0.48951048951048953 1 0.49300699300699302 1 0.49650349650349651 1 0.5 1 0.50349650349650354 1 0.50699300699300698 1 0.51048951048951052 1 0.51398601398601396 1 0.5174825174825175 1 0.52097902097902093 1 0.52447552447552448 1 0.52797202797202802 1 0.53146853146853146 1 0.534965034965035 1 0.53846153846153844 1 0.54195804195804198 1 0.54545454545454541 1 0.54895104895104896 1 0.55244755244755239 1 0.55594405594405594 1 0.55944055944055948 1 0.56293706293706292 1 0.56643356643356646 1 0.56993006993006989 1 0.57342657342657344 1 0.57692307692307687 1 0.58041958041958042 1 0.58391608391608396 1 0.58741258741258739 1 0.59090909090909094 1 0.59440559440559437 1 0.59790209790209792 1 0.60139860139860135 1 0.6048951048951049 1 0.60839160839160844 1 0.61188811188811187 1 0.61538461538461542 1 0.61888111888111885 1 0.6223776223776224 1 0.62587412587412583 1 0.62937062937062938 1 0.63286713286713292 1 0.63636363636363635 1 0.6398601398601399 1 0.64335664335664333 1 0.64685314685314688 1 0.65034965034965031 1 0.65384615384615385 1 0.65734265734265729 1 0.66083916083916083 1 0.66433566433566438 1 0.66783216783216781 1 0.67132867132867136 1 0.67482517482517479 1 0.67832167832167833 1 0.68181818181818177 1 0.68531468531468531 1 0.68881118881118886 1 0.69230769230769229 1 0.69580419580419584 1 0.69930069930069927 1 0.70279720279720281 1 0.70629370629370625 1 0.70979020979020979 1 0.71328671328671334 1 0.71678321678321677 1 0.72027972027972031 1 0.72377622377622375 1 0.72727272727272729 1 0.73076923076923073 1 0.73426573426573427 1 0.73776223776223782 1 0.74125874125874125 1 0.74475524475524479 1 0.74825174825174823 1 0.75174825174825177 1 0.75524475524475521 1 0.75874125874125875 1 0.76223776223776218 1 0.76573426573426573 1 0.76923076923076927 1 0.77272727272727271 1 0.77622377622377625 1 0.77972027972027969 1 0.78321678321678323 1 0.78671328671328666 1 0.79020979020979021 1 0.79370629370629375 1 0.79720279720279719 1 0.80069930069930073 1 0.80419580419580416 1 0.80769230769230771 1 0.81118881118881114 1 0.81468531468531469 1 0.81818181818181823 1 0.82167832167832167 1 0.82517482517482521 1 0.82867132867132864 1 0.83216783216783219 1 0.83566433566433562 1 0.83916083916083917 1 0.84265734265734271 1 0.84615384615384615 1 0.84965034965034969 1 0.85314685314685312 1 0.85664335664335667 1 0.8601398601398601 1 0.86363636363636365 1 0.86713286713286708 1 0.87062937062937062 1 0.87412587412587417 1 0.8776223776223776 1 0.88111888111888115 1 0.88461538461538458 1 0.88811188811188813 1 0.89160839160839156 1 0.8951048951048951 1 0.89860139860139865 1 0.90209790209790208 1 0.90559440559440563 1 0.90909090909090906 1 0.91258741258741261 1 0.91608391608391604 1 0.91958041958041958 1 0.92307692307692313 1 0.92657342657342656 1 0.93006993006993011 1 0.93356643356643354 1 0.93706293706293708 1 0.94055944055944052 1 0.94405594405594406 1 0.9475524475524475 1 0.95104895104895104 1 0.95454545454545459 1 0.95804195804195802 1 0.96153846153846156 1 0.965034965034965 1 0.96853146853146854 1 0.97202797202797198 1 0.97552447552447552 1 0.97902097902097907 1 0.9825174825174825 1 0.98601398601398604 1 0.98951048951048948 1 0.99300699300699302 1 0.99650349650349646 1 1 4
7 0 0  1 2 2  0 9.5500000002236973  4.1667215359234557 9.5500000002236973 
 0 2 1 2
7 0 0  3 69 67  2.1164637712561327 4.0658639969453247  2.119459155995576 4.0236124866944465  2.1254524431649542 3.9390482236693254  2.1344510170838213 3.8120160519278188  2.1434593197112237 3.6847957973148153  2.1524784525144574 3.5573860502814325  2.1615095268035218 3.4297859766585952  2.1705536656701656 3.301995452702351  2.179612000363961 3.1740148504112566  2.1886856808563406 3.0458457665011949  2.1977758351644874 2.9174883270198824  2.206883812106113 2.7889574088340856  2.2160110400919479 2.6602738095782734  2.2251589304336648 2.531457910682287  2.2343289030433793 2.4025313416626619  2.2435223704000005 2.2735162892130041  2.2527407713158332 2.1444365848177682  2.2619854429367994 2.0153139089643504  2.2712573074154405 1.8861576348095308  2.2805573358741738 1.7569793291272806  2.2898865330714577 1.6277899857672689  2.2992457639505672 1.4986035588905939  2.3086367857688561 1.369420467299137  2.3180618339247698 1.2402355362304611  2.3275230261954438 1.1110473026358916  2.3370227357967357 0.98185294478369489  2.3465613768946438 0.85267635299537559  2.3561390175664689 0.72354538334381513  2.3657558839052615 0.59448563145991906  2.3754117930906222 0.46552701947276992  2.3851058534635898 0.33670687740746263  2.3948374416197682 0.20805681374325516  2.4046051624770768 0.07962079652862443  2.414404345198025 -0.048502531597979556  2.4242302379241312 -0.17622106891399322  2.4340790757413773 -0.30346212000407702  2.4439524169112183 -0.43022799337225254  2.4538511854450733 -0.55651103979857397  2.4637764855062341 -0.68230542341999789  2.4737293823680293 -0.80760398837000225  2.4837109393505172 -0.93239592552049799  2.4937222223655753 -1.056669718967755  2.5037643051836622 -1.1804131199646151  2.5138382611038486 -1.3036135262138704  2.5239451862175812 -1.4262564724398485  2.5340860955990929 -1.5483321702140564  2.5442619102194821 -1.6698370038821588  2.5544735854501597 -1.7907654735627694  2.564722084721573 -1.9111118106809148  2.5750083806659361 -2.0308698161758105  2.5853334736930691 -2.1500318405730159  2.5956983131510261 -2.2685929737742661  2.6061041760984454 -2.3865306634609644  2.6165525705220141 -2.5038088822478031  2.6270449452934499 -2.6203934509643894  2.6375827569182393 -2.7362483812002263  2.6481674452939581 -2.8513371148190352  2.6588004528677907 -2.9656212116930734  2.6694831607083378 -3.0790643495200323  2.6802171130264432 -3.1916176292621272  2.6910025295060707 -3.3033152629920979  2.7018393138612211 -3.4142164797775894  2.7127275445444146 -3.5243744209275989  2.7236673523345059 -3.6338440501066192  2.734658955346156 -3.7426799766286312  2.7457026554026611 -3.8509369759757734  2.7567988313811425 -3.9586697994227786  2.7642315992282636 -4.0301786805714803  2.7679568900006526 -4.0658639868925626 
 0 4 0.015151515151515152 1 0.030303030303030304 1 0.045454545454545456 1 0.060606060606060608 1 0.07575757575757576 1 0.090909090909090912 1 0.10606060606060606 1 0.12121212121212122 1 0.13636363636363635 1 0.15151515151515152 1 0.16666666666666669 1 0.18181818181818182 1 0.19696969696969696 1 0.21212121212121213 1 0.22727272727272729 1 0.24242424242424243 1 0.25757575757575757 1 0.27272727272727271 1 0.2878787878787879 1 0.30303030303030304 1 0.31818181818181818 1 0.33333333333333337 1 0.34848484848484851 1 0.36363636363636365 1 0.37878787878787878 1 0.39393939393939392 1 0.40909090909090912 1 0.42424242424242425 1 0.43939393939393939 1 0.45454545454545459 1 0.46969696969696972 1 0.48484848484848486 1 0.5 1 0.51515151515151514 1 0.53030303030303028 1 0.54545454545454541 1 0.56060606060606066 1 0.5757575757575758 1 0.59090909090909094 1 0.60606060606060608 1 0.62121212121212122 1 0.63636363636363635 1 0.65151515151515149 1 0.66666666666666674 1 0.68181818181818188 1 0.69696969696969702 1 0.71212121212121215 1 0.72727272727272729 1 0.74242424242424243 1 0.75757575757575757 1 0.77272727272727271 1 0.78787878787878785 1 0.80303030303030309 1 0.81818181818181823 1 0.83333333333333337 1 0.84848484848484851 1 0.86363636363636365 1 0.87878787878787878 1 0.89393939393939392 1 0.90909090909090917 1 0.92424242424242431 1 0.93939393939393945 1 0.95454545454545459 1 0.96969696969696972 1 0.98484848484848486 1 1 4
7 0 0  3 69 67  0.097967396741221818 0.18408503405711849  0.099214266154567035 0.18474385621699188  0.10171703091368385 0.18605215570247791  0.10549813540761603 0.18798701053445724  0.1093060762935513 0.18989471368826824  0.11314073443254564 0.19177569874157049  0.11700199204799637 0.19363039332179477  0.12088973293858711 0.19545921836307531  0.12480384273456127 0.1972625881746779  0.12874420824109553 0.19904091121590964  0.13271072032539871 0.20079458725143998  0.13670325710226283 0.20252402521586388  0.14072169211651134 0.20422963007414197  0.14476590071840728 0.20591179566479198  0.14883575827245041 0.20757090728515712  0.15293114053078063 0.20920733931934998  0.15705192310031718 0.21082146335232083  0.16119798237919744 0.21241361830052097  0.16536920244573297 0.213984037256742  0.16956546250585994 0.21553295954934595  0.17378666311505755 0.21706062204339996  0.17803263092276556 0.218567237036499  0.1823036354953407 0.2200531347334376  0.18660016727079626 0.22151870102112484  0.19092264383229285 0.22296429330988607  0.19527158101971454 0.22439029702678387  0.19964662184381499 0.22579677668330786  0.20404726301393014 0.22718374197477983  0.20847307798371054 0.22855122419645574  0.21292345825483006 0.22989920004297174  0.21739747839413451 0.23122755774202169  0.22189436410757624 0.23253622054379222  0.22641295707813044 0.23382502280745968  0.23095044471086534 0.23509343278749822  0.2355040636055529 0.2363409203941797  0.24007156742172839 0.23756710514359303  0.2446531970901234 0.23877230758701903  0.24924889264786876 0.23995675700380165  0.25385867625868203 0.24112070022781384  0.2584825495844989 0.24226437279996454  0.2631205183877327 0.24338797695026393  0.26777258738067522 0.24449170873857154  0.27243876183373933 0.24557575941064874  0.27711904833732715 0.24664031352521976  0.28181344976113576 0.24768555549054394  0.28652198732623585 0.24871164187764047  0.29124470671021813 0.24971869663013563  0.2959816508707126 0.25070684562159373  0.30073286591840614 0.25167620935298485  0.30549839899275127 0.25262690485724532  0.31027830080018309 0.25355904533598311  0.31507261748660947 0.25447273965921258  0.31988142921583435 0.25536809538745736  0.32470483717636145 0.25624521585524213  0.32954293367365145 0.2571041975533801  0.33439580895676319 0.25794513101803201  0.33926354937117253 0.25876810026828007  0.34414623733027982 0.25957318487707814  0.3490439527358648 0.26036045294169413  0.35395676683471317 0.2611299878052723  0.35888478027734533 0.26188171367627028  0.36382811759118572 0.26261551153553608  0.36878691594026369 0.26333127590809646  0.37376132820815794 0.26402889978594957  0.37875152216392249 0.26470827811721465  0.3837576812510281 0.26536930629208832  0.38878000263207624 0.26601188004985737  0.39213913715742482 0.26642788980192122  0.39382146984246091 0.26663278405909657 
 0 4 0.015151515151515152 1 0.030303030303030304 1 0.045454545454545456 1 0.060606060606060608 1 0.07575757575757576 1 0.090909090909090912 1 0.10606060606060606 1 0.12121212121212122 1 0.13636363636363635 1 0.15151515151515152 1 0.16666666666666669 1 0.18181818181818182 1 0.19696969696969696 1 0.21212121212121213 1 0.22727272727272729 1 0.24242424242424243 1 0.25757575757575757 1 0.27272727272727271 1 0.2878787878787879 1 0.30303030303030304 1 0.31818181818181818 1 0.33333333333333337 1 0.34848484848484851 1 0.36363636363636365 1 0.37878787878787878 1 0.39393939393939392 1 0.40909090909090912 1 0.42424242424242425 1 0.43939393939393939 1 0.45454545454545459 1 0.46969696969696972 1 0.48484848484848486 1 0.5 1 0.51515151515151514 1 0.53030303030303028 1 0.54545454545454541 1 0.56060606060606066 1 0.5757575757575758 1 0.59090909090909094 1 0.60606060606060608 1 0.62121212121212122 1 0.63636363636363635 1 0.65151515151515149 1 0.66666666666666674 1 0.68181818181818188 1 0.69696969696969702 1 0.71212121212121215 1 0.72727272727272729 1 0.74242424242424243 1 0.75757575757575757 1 0.77272727272727271 1 0.78787878787878785 1 0.80303030303030309 1 0.81818181818181823 1 0.83333333333333337 1 0.84848484848484851 1 0.86363636363636365 1 0.87878787878787878 1 0.89393939393939392 1 0.90909090909090917 1 0.92424242424242431 1 0.93939393939393945 1 0.95454545454545459 1 0.96969696969696972 1 0.98484848484848486 1 1 4
1 6.2831853071795862 9.9999999946155 1 0 
1 0 -4.0658639918679729 1 0 
1 1.7368892848512256 -1.0577885931277162 1 0 
1 1.4047033687385673 12.070886563336792 -1 0 
1 3.1415926535897891 -1.0577885931276148 0 1 
1 3.1415926535897891 -1.0577886352355292 0 1 
7 0 0  3 25 23  1.7336149547853781 0.34452295986155423  1.7336635664118467 0.32327584961076722  1.7337608021210298 0.28078146248557928  1.7339067388274407 0.21703948211868129  1.7340528042892258 0.15329720192845786  1.7341990446831963 0.089554722946473014  1.7343455063997231 0.025812146631399187  1.7344922367439446 -0.037930423635788954  1.7346392815061349 -0.10167288776730746  1.7347866940039953 -0.16541512958165813  1.7349344857434457 -0.22915712262159185  1.7350826482711421 -0.2928988832635615  1.7352311779226917 -0.3566404176428869  1.7353800696514077 -0.42038173487478275  1.735529318909661 -0.48412284307298487  1.7356789202921354 -0.54786375205775184  1.7358288710788448 -0.61160446650945577  1.735979157321538 -0.67534501275875614  1.7361297411763534 -0.73908546319499879  1.7362805884784511 -0.80282588318987347  1.7364316636943504 -0.86656634080889805  1.7365829312602639 -0.93030690423313978  1.7367343552565147 -0.99404764237615872  1.7368353846530917 -1.0365416307972415  1.7368859133321499 -1.0577886773434138 
 4.8024847448487337e-06 4 0.045459129644529167 1 0.090913456804313494 1 0.13636778396409782 1 0.18182211112388214 1 0.22727643828366645 1 0.27273076544345076 1 0.31818509260323508 1 0.36363941976301939 1 0.4090937469228037 1 0.45454807408258802 1 0.50000240124237239 1 0.54545672840215675 1 0.59091105556194101 1 0.63636538272172538 1 0.68181970988150964 1 0.72727403704129401 1 0.77272836420107838 1 0.81818269136086264 1 0.863637018520647 1 0.90909134568043126 1 0.95454567284021563 1 1 4
7 0 0  3 25 23  4.8959435012834795 10.000009057165084  4.8958687004884069 9.9788065809343607  4.8957188877487612 9.9364021940723006  4.8954935848359016 9.8727971903211138  4.8952677477500757 9.8091936428846953  4.8950414261730897 9.745591431433942  4.8948146696452417 9.6819904360184719  4.894587528271086 9.6183905352749637  4.8943600500894977 9.5547916131132187  4.8941322908877511 9.491193533763445  4.8939042605866865 9.4275962780966474  4.8936759474216034 9.363999882121087  4.8934473448823326 9.3004043684784445  4.8932184449975651 9.2368097635338682  4.8929892403789053 9.1732160921251342  4.8927597227603901 9.1096233814762524  4.8925298867962965 9.0460316507934344  4.8922997151579768 8.982440952187817  4.8920691651889099 8.9188514073154685  4.8918381984990011 8.8552631260969008  4.89160677554682 8.7916762215971858  4.8913748570910442 8.7280908060387468  4.8911424038022737 8.6645069918698976  4.8909870521769223 8.6221189249420593  4.890909274119366 8.6009251958417998 
 4.8024847448487337e-06 4 0.045459129644529167 1 0.090913456804313494 1 0.13636778396409782 1 0.18182211112388214 1 0.22727643828366645 1 0.27273076544345076 1 0.31818509260323508 1 0.36363941976301939 1 0.4090937469228037 1 0.45454807408258802 1 0.50000240124237239 1 0.54545672840215675 1 0.59091105556194101 1 0.63636538272172538 1 0.68181970988150964 1 0.72727403704129401 1 0.77272836420107838 1 0.81818269136086264 1 0.863637018520647 1 0.90909134568043126 1 0.95454567284021563 1 1 4
1 3.1415926535897931 -1.0577886352357302 1 0 
1 6.2831853071795862 12.070886563336792 -1 0 
1 6.2831853071795862 -1.0577886352350305 0 1 
1 0 -1.0577886314796583 0 1 
7 0 0  3 289 287  6.2831853071795862 1.0577884310117045  6.2813541264183641 1.0577885423903353  6.2776918125502581 1.0577886614114125  6.2721984782760716 1.0577886356190607  6.2667052740504703 1.0577885213893856  6.2612121935492802 1.0577884031018099  6.2557192304217457 1.0577883381499362  6.2502263779407548 1.0577883345882044  6.2447336294317859 1.0577883790783102  6.2392409782592173 1.0577884364190278  6.2337484175850122 1.057788437764597  6.2282559429750108 1.0577884237012787  6.2227635503128109 1.057788423476322  6.2172712354229693 1.0577884390544681  6.2117789942008725 1.0577884386270566  6.20628682236259 1.0577883712150873  6.2007947137453625 1.0577883057527255  6.1953026623534937 1.0577882781793913  6.1898106621885356 1.0577883025280819  6.184318707266975 1.0577883683000571  6.178826791610307 1.0577884398192297  6.1733349091579433 1.0577884614283941  6.1678430540164895 1.0577883373865242  6.1623512175394985 1.057788145209243  6.1568593908260176 1.0577879636885161  6.1513675651044668 1.0577878431216765  6.1458757316117598 1.0577878132139331  6.1403838815940217 1.0577878807839685  6.1348920063206176 1.0577880309884489  6.1294000969233027 1.0577882247128765  6.1239081449216179 1.0577884078251611  6.1184161401781756 1.0577884768567845  6.1129240812757768 1.0577884552565822  6.1074319719368111 1.0577884239430899  6.1019398147116082 1.0577884121815349  6.0964476124773581 1.0577884278451386  6.0909553680052486 1.057788434711411  6.0854630840716721 1.0577884418443073  6.0799707634346145 1.0577884591602997  6.0744784089159154 1.0577884653250607  6.0689860230178585 1.0577883849593857  6.0634936096671916 1.0577882472510785  6.0580011738567112 1.0577881436612373  6.0525087203850978 1.0577881124467119  6.0470162541330721 1.0577881665151285  6.041523779942966 1.0577882836669672  6.0360313026954957 1.0577884177611874  6.030538826994488 1.0577884638538113  6.0250463587055956 1.057788444921409  6.0195539043644972 1.0577884283095782  6.0140614704152338 1.0577884296047972  6.0085690632294293 1.0577884384860547  6.0030766895971235 1.0577884037018828  5.9975843473979902 1.0577883720277499  5.9920920339795449 1.057788371893857  5.9865997468567782 1.0577884038425827  5.9811074834925089 1.0577884388926579  5.9756152413646939 1.0577884347982791  5.9701230182075298 1.0577884309601258  5.964630811757373 1.057788426976098  5.9591386197448202 1.057788433122594  5.9536464399422533 1.0577884453326936  5.9481542699688017 1.0577884124253176  5.9426621081064503 1.057788348992198  5.9371699532248892 1.0577883154138188  5.9316778040976557 1.0577883285568968  5.9261856595375813 1.0577883811348239  5.9206935183296023 1.0577884411149361  5.9152013792464162 1.0577884347395232  5.909709240930809 1.0577883188843746  5.9042171018457825 1.0577881967184035  5.8987249605413448 1.05778811882358  5.8932328155856455 1.0577881151139499  5.8877406655638422 1.0577881868960899  5.8822485090342553 1.0577883066582607  5.8767563445875108 1.0577884268536115  5.8712641705365893 1.0577884450290356  5.8657719864094711 1.0577883869088338  5.8602797924756826 1.0577883346918782  5.8547875888767749 1.0577883221095763  5.849295375812952 1.0577883595368078  5.8438031534677375 1.0577884286914425  5.8383109220024361 1.0577884787138885  5.8328186815342189 1.0577884903058026  5.8273264321818781 1.0577883995071744  5.8218341739095658 1.0577881993472031  5.8163419065455484 1.0577880035492453  5.810849630010182 1.0577878704913288  5.8053573442473319 1.0577878376097669  5.7998650492166579 1.0577879119620879  5.7943727448731881 1.0577880735125029  5.788880431136957 1.0577882714191031  5.7833881079151288 1.0577884356426392  5.7778957749240512 1.0577884343187691  5.7724034323702842 1.057788262650974  5.7669110811457589 1.0577880566670319  5.7614187220823947 1.0577878882587659  5.7559263560899749 1.057787809893191  5.7504339840933056 1.0577878424430525  5.7449416070241757 1.0577879790662263  5.7394492257948109 1.0577881818230142  5.7339568412905182 1.0577883913439674  5.7284644543041434 1.0577884916103908  5.7229720657345533 1.0577884816815482  5.7174796766391163 1.0577884312762043  5.7119872880733391 1.0577883601353879  5.7064949011255628 1.0577883201710796  5.701002516907514 1.0577883312826932  5.6955101365440806 1.0577883838604891  5.6900177611115392 1.0577884439585645  5.6845253917730361 1.0577884301132896  5.6790330291299629 1.0577883080646406  5.6735406727118223 1.0577881838789287  5.6680483222891107 1.0577881076181921  5.6625559776117598 1.0577881085585872  5.6570636384548854 1.0577881863597454  5.6515713045779323 1.0577883111148105  5.646078975722741 1.0577884319781243  5.6405866515428151 1.0577884426525688  5.6350943318606559 1.0577883801723649  5.6296020166441014 1.0577883238169936  5.6241097058753713 1.0577883075231838  5.6186173995638047 1.0577883405214275  5.6131250976991209 1.0577884064130327  5.6076328003057396 1.0577884462062186  5.6021405071233472 1.0577884346770456  5.596648217491877 1.0577884273310103  5.5911559308504231 1.0577884307324654  5.5856636466136251 1.0577884342774653  5.5801713642036983 1.0577884411729235  5.5746790830217323 1.0577884079124411  5.5691868024976108 1.0577883673246067  5.5636945221126455 1.0577883598995204  5.5582022413517009 1.0577883882648538  5.5527099597168901 1.0577884335301024  5.547217676600801 1.0577884330295786  5.5417253920048921 1.0577884182180901  5.5362331061170673 1.0577884222080909  5.5307408190932463 1.0577884410997962  5.5252485310897912 1.0577884481915041  5.5197562422253359 1.0577883745137551  5.5142639525661608 1.0577882844509643  5.5087716622260396 1.0577882338219622  5.5032793713451111 1.0577882451960583  5.497787080068945 1.0577883126979923  5.4922947885332682 1.0577884071070478  5.4868024968258675 1.0577884506648612  5.481310205045359 1.0577884282063523  5.4758179133986253 1.0577884096328043  5.4703256221069392 1.0577884144082048  5.4648333314022111 1.057788436594177  5.4593410414997008 1.0577884523711598  5.4538487526082262 1.0577884398534079  5.448356464887067 1.0577883519579492  5.442864178199823 1.0577882674309769  5.4373718924728314 1.0577882295909031  5.431879607648705 1.0577882558137106  5.4263873236736293 1.0577883331462252  5.4208950404748899 1.0577884263368649  5.4154027579436068 1.0577884501202544  5.4099104758958196 1.0577884302928935  5.4044181941727825 1.0577884188662623  5.3989259126380036 1.0577884258065831  5.3934336311550393 1.0577884380510636  5.387941349561058 1.0577884074293142  5.3824490676971672 1.0577883811162607  5.3769567854380087 1.0577883849531771  5.3714645026635788 1.0577884162044249  5.3659722192431216 1.0577884384968248  5.3604799350080503 1.0577884099058816  5.3549876498026521 1.057788390415918  5.349495363500357 1.0577883973300681  5.3440030759813606 1.0577884271426876  5.3385107870974533 1.0577884329527769  5.3330184967233851 1.0577884010105689  5.3275262048511207 1.0577883878584449  5.3220339114774635 1.0577884021433785  5.3165416166031711 1.0577884340353643  5.3110493202041669 1.0577884256869634  5.3055570222314303 1.057788395015764  5.3000647226701245 1.0577883880665773  5.2945724215197538 1.0577884084428457  5.2890801187759813 1.0577884380030851  5.2835878144036492 1.0577884182147681  5.2780955083546601 1.057788392415941  5.2726032006160564 1.0577883923475158  5.2671108911827558 1.0577884178640782  5.2616185800415787 1.0577884384738594  5.2561262671425482 1.0577884072914598  5.2506339524404932 1.0577883835426589  5.2451416359210485 1.0577883883770929  5.2396493175818151 1.057788420154314  5.2341569973802171 1.0577884366906996  5.228664675352122 1.0577884155984305  5.2231723517958288 1.0577884088711549  5.2176800269891368 1.0577884229754433  5.2121877012165259 1.0577884396430366  5.2066953747370022 1.0577884190413613  5.2012030477964331 1.0577883839143305  5.1957107206711051 1.0577883771193979  5.1902183936515112 1.0577884012765078  5.1847260670243296 1.0577884372140367  5.1792337410411804 1.0577884221605978  5.1737414159708175 1.0577883954589435  5.1682490921254045 1.0577883930757015  5.1627567698257488 1.057788416616708  5.1572644493867958 1.057788438186233  5.1517721310898139 1.0577884112062481  5.1462798152288105 1.0577883918029156  5.1407875021312002 1.0577883986997485  5.135295192119683 1.0577884280106427  5.1298028855347138 1.0577884325222591  5.1243105825453172 1.0577883975318312  5.1188182831185154 1.0577883816991656  5.1133259872875589 1.0577883956196337  5.1078336950766037 1.057788430719357  5.1023414064891446 1.0577884332439038  5.0968491215198943 1.0577884219465714  5.0913568401963598 1.0577884267170312  5.0858645625494345 1.0577884358802256  5.080372288600242 1.0577884342523458  5.0748800183574572 1.0577883992256578  5.0693877518919672 1.0577883805225567  5.0638954892985053 1.0577883926577718  5.0584032306748181 1.0577884278683565  5.0529109760974871 1.0577884325010614  5.0474187256230811 1.0577884055092643  5.0419264793482634 1.0577883977332885  5.0364342373882929 1.0577884143238991  5.0309419998472711 1.0577884376168938  5.0254497668378724 1.0577884166171074  5.0199575371734007 1.0577883976676634  5.014465309656023 1.0577884026470925  5.0089730831042827 1.0577884287538126  5.003480856318939 1.057788431426278  4.9979886280758823 1.0577884033604552  4.9924963971820997 1.0577883947487363  4.9870041624611172 1.057788411644869  4.9815119227339304 1.0577884364376564  4.9760196767928129 1.057788425330318  4.9705274234193828 1.057788418969329  4.9650351614174442 1.0577884283984857  4.9595428895847276 1.0577884368802151  4.954050606703583 1.0577884180338317  4.9485583115219232 1.0577883992381343  4.9430660027532678 1.0577884050767605  4.9375736792729459 1.0577884307474454  4.9320813393561513 1.0577884292460975  4.9265889841162718 1.0577884068905234  4.9210966170651567 1.0577884060759373  4.9156042412029555 1.057788427704168  4.9101118596485582 1.0577884318138466  4.9046194754952968 1.0577884114852303  4.8991270919158056 1.0577884105511  4.8936347121018962 1.0577884300805909  4.8881423391708783 1.0577884295975128  4.8826499765415443 1.0577884123388044  4.877157627939769 1.0577884153657144  4.8716652970487706 1.0577884343810198  4.8661729875283548 1.0577884237310495  4.8606807031790042 1.0577884090028868  4.8551884477801428 1.057788417705366  4.849696225462778 1.0577884348853217  4.844204038996839 1.0577884300428555  4.8387118824156747 1.0577884297322986  4.8332197505978645 1.0577884331618155  4.827727638210737 1.0577884252917511  4.8222355399106638 1.0577884157951036  4.8167434503208435 1.0577884244195055  4.8112513640597427 1.0577884334658845  4.8057592758063832 1.0577884224378955  4.8002671805796364 1.0577884230255874  4.7947750733659573 1.0577884332166301  4.7892829491521445 1.0577884252811998  4.7837908028671574 1.0577884231559527  4.7782986294937784 1.0577884327964953  4.7728064238365882 1.0577884258095658  4.7673141820960447 1.0577884215539108  4.7618219007906086 1.0577884316427675  4.7563295763249238 1.0577884281549019  4.75083720523868 1.0577884239013682  4.7453447840776022 1.0577884335476568  4.7398523095060954 1.0577884230036478  4.7343597776317523 1.0577884092181145  4.7288671842415635 1.0577884225171135  4.7233745252006427 1.0577884574077074  4.7178817963388742 1.0577884874857311  4.7142199277327821 1.0577884628943968  4.7123889803867733 1.0577884307814494 
 8.2444628867621403e-15 4 0.0034965034965117122 1 0.00699300699301518 1 0.010489510489518648 1 0.013986013986022117 1 0.017482517482525581 1 0.02097902097902905 1 0.024475524475532518 1 0.027972027972035986 1 0.031468531468539451 1 0.03496503496504292 1 0.038461538461546388 1 0.041958041958049856 1 0.045454545454553325 1 0.048951048951056793 1 0.052447552447560261 1 0.055944055944063729 1 0.059440559440567198 1 0.062937062937070659 1 0.066433566433574134 1 0.069930069930077596 1 0.073426573426581071 1 0.076923076923084532 1 0.080419580419588008 1 0.083916083916091469 1 0.087412587412594944 1 0.090909090909098406 1 0.094405594405601881 1 0.097902097902105342 1 0.10139860139860882 1 0.10489510489511228 1 0.10839160839161575 1 0.11188811188811922 1 0.11538461538462268 1 0.11888111888112615 1 0.12237762237762961 1 0.12587412587413307 1 0.12937062937063656 1 0.13286713286714003 1 0.13636363636364349 1 0.13986013986014695 1 0.14335664335665044 1 0.1468531468531539 1 0.15034965034965736 1 0.15384615384616082 1 0.15734265734266431 1 0.16083916083916777 1 0.16433566433567123 1 0.16783216783217469 1 0.17132867132867816 1 0.17482517482518165 1 0.17832167832168511 1 0.18181818181818857 1 0.18531468531469203 1 0.18881118881119552 1 0.19230769230769898 1 0.19580419580420244 1 0.1993006993007059 1 0.20279720279720939 1 0.20629370629371285 1 0.20979020979021631 1 0.21328671328671978 1 0.21678321678322326 1 0.22027972027972673 1 0.22377622377623019 1 0.22727272727273365 1 0.23076923076923711 1 0.2342657342657406 1 0.23776223776224406 1 0.24125874125874752 1 0.24475524475525098 1 0.24825174825175447 1 0.25174825174825793 1 0.25524475524476142 1 0.25874125874126491 1 0.26223776223776835 1 0.26573426573427184 1 0.26923076923077532 1 0.27272727272727876 1 0.27622377622378225 1 0.27972027972028568 1 0.28321678321678917 1 0.28671328671329266 1 0.29020979020979609 1 0.29370629370629958 1 0.29720279720280302 1 0.3006993006993065 1 0.30419580419580999 1 0.30769230769231343 1 0.31118881118881692 1 0.31468531468532041 1 0.31818181818182384 1 0.32167832167832733 1 0.32517482517483076 1 0.32867132867133425 1 0.33216783216783774 1 0.33566433566434117 1 0.33916083916084466 1 0.3426573426573481 1 0.34615384615385159 1 0.34965034965035507 1 0.35314685314685851 1 0.356643356643362 1 0.36013986013986549 1 0.36363636363636892 1 0.36713286713287241 1 0.37062937062937584 1 0.37412587412587933 1 0.37762237762238282 1 0.38111888111888625 1 0.38461538461538974 1 0.38811188811189323 1 0.39160839160839667 1 0.39510489510490016 1 0.39860139860140359 1 0.40209790209790708 1 0.40559440559441057 1 0.409090909090914 1 0.41258741258741749 1 0.41608391608392092 1 0.41958041958042441 1 0.4230769230769279 1 0.42657342657343134 1 0.43006993006993482 1 0.43356643356643831 1 0.43706293706294175 1 0.44055944055944524 1 0.44405594405594867 1 0.44755244755245216 1 0.45104895104895565 1 0.45454545454545908 1 0.45804195804196257 1 0.461538461538466 1 0.46503496503496949 1 0.46853146853147298 1 0.47202797202797642 1 0.47552447552447991 1 0.4790209790209834 1 0.48251748251748683 1 0.48601398601399032 1 0.48951048951049375 1 0.49300699300699724 1 0.49650349650350073 1 0.50000000000000411 1 0.50349650349650754 1 0.50699300699301109 1 0.51048951048951452 1 0.51398601398601795 1 0.5174825174825215 1 0.52097902097902493 1 0.52447552447552837 1 0.52797202797203191 1 0.53146853146853534 1 0.53496503496503878 1 0.53846153846154232 1 0.54195804195804576 1 0.54545454545454919 1 0.54895104895105262 1 0.55244755244755617 1 0.5559440559440596 1 0.55944055944056303 1 0.56293706293706658 1 0.56643356643357001 1 0.56993006993007345 1 0.57342657342657699 1 0.57692307692308042 1 0.58041958041958386 1 0.5839160839160874 1 0.58741258741259084 1 0.59090909090909427 1 0.5944055944055977 1 0.59790209790210125 1 0.60139860139860468 1 0.60489510489510812 1 0.60839160839161166 1 0.61188811188811509 1 0.61538461538461853 1 0.61888111888112207 1 0.62237762237762551 1 0.62587412587412894 1 0.62937062937063248 1 0.63286713286713592 1 0.63636363636363935 1 0.63986013986014278 1 0.64335664335664633 1 0.64685314685314976 1 0.6503496503496532 1 0.65384615384615674 1 0.65734265734266017 1 0.66083916083916361 1 0.66433566433566715 1 0.66783216783217059 1 0.67132867132867402 1 0.67482517482517757 1 0.678321678321681 1 0.68181818181818443 1 0.68531468531468787 1 0.68881118881119141 1 0.69230769230769484 1 0.69580419580419828 1 0.69930069930070182 1 0.70279720279720526 1 0.70629370629370869 1 0.70979020979021223 1 0.71328671328671567 1 0.7167832167832191 1 0.72027972027972265 1 0.72377622377622608 1 0.72727272727272951 1 0.73076923076923295 1 0.73426573426573649 1 0.73776223776223993 1 0.74125874125874336 1 0.7447552447552469 1 0.74825174825175034 1 0.75174825174825377 1 0.75524475524475732 1 0.75874125874126075 1 0.76223776223776418 1 0.76573426573426773 1 0.76923076923077116 1 0.77272727272727459 1 0.77622377622377814 1 0.77972027972028157 1 0.78321678321678501 1 0.78671328671328844 1 0.79020979020979198 1 0.79370629370629542 1 0.79720279720279885 1 0.8006993006993024 1 0.80419580419580583 1 0.80769230769230926 1 0.81118881118881281 1 0.81468531468531624 1 0.81818181818181968 1 0.82167832167832322 1 0.82517482517482665 1 0.82867132867133009 1 0.83216783216783352 1 0.83566433566433707 1 0.8391608391608405 1 0.84265734265734393 1 0.84615384615384748 1 0.84965034965035091 1 0.85314685314685434 1 0.85664335664335789 1 0.86013986013986132 1 0.86363636363636476 1 0.8671328671328683 1 0.87062937062937173 1 0.87412587412587517 1 0.8776223776223786 1 0.88111888111888215 1 0.88461538461538558 1 0.88811188811188901 1 0.89160839160839256 1 0.89510489510489599 1 0.89860139860139943 1 0.90209790209790297 1 0.9055944055944064 1 0.90909090909090984 1 0.91258741258741338 1 0.91608391608391682 1 0.91958041958042025 1 0.92307692307692368 1 0.92657342657342723 1 0.93006993006993066 1 0.9335664335664341 1 0.93706293706293764 1 0.94055944055944107 1 0.94405594405594451 1 0.94755244755244805 1 0.95104895104895149 1 0.95454545454545492 1 0.95804195804195846 1 0.9615384615384619 1 0.96503496503496533 1 0.96853146853146876 1 0.97202797202797231 1 0.97552447552447574 1 0.97902097902097918 1 0.98251748251748272 1 0.98601398601398615 1 0.98951048951048959 1 0.99300699300699313 1 0.99650349650349657 1 1 4
7 0 0  3 289 287  0.99999977009289398 0.49999999999999994  0.99999976962189818 0.50045779519018296  0.99999976912042199 0.50137337365746404  0.99999976923424616 0.50274672794855157  0.99999976971762328 0.50412009117053291  0.99999977021749231 0.5054934856245622  0.99999977049164079 0.50686693361981627  0.99999977050658284 0.50824045756227665  0.99999977031874754 0.5096140798490405  0.99999977007673835 0.51098782287322164  0.99999977007092122 0.51236170908584455  0.99999977013021268 0.51373576034530843  0.9999997701312664 0.51510999844040239  0.99999977006567142 0.51648444518597802  0.99999977006744356 0.51785912239187226  0.99999977035146059 0.51923405192689909  0.99999977062726875 0.52060925614594344  0.99999977074344437 0.52198475737949601  0.99999977064085788 0.52336057797761404  0.99999977036374477 0.5247367403069999  0.9999997700624178 0.52611326675496606  0.99999976997137829 0.52749017975279822  0.99999977049401323 0.52886750171469343  0.99999977130372419 0.53024525577196369  0.99999977206853397 0.53162346514866354  0.99999977257652362 0.53300215306686094  0.99999977270253304 0.53438134277857974  0.99999977241783711 0.53576105756725223  0.9999997717849719 0.53714132074580012  0.9999997709687436 0.53852215569876938  0.99999977019722752 0.53990358575172093  0.99999976990637307 0.54128563468763446  0.99999976999738083 0.54266832413639654  0.99999977012931651 0.54405167447284164  0.99999977017887165 0.54543570640611372  0.99999977011287644 0.54682044060371426  0.9999997700839468 0.5482058978016694  0.99999977005389318 0.54959209877778981  0.99999976998093565 0.55097906435887622  0.99999976995496087 0.55236681540115384  0.99999977029356935 0.5537553728885064  0.99999977087378045 0.55514475749269154  0.99999977131024009 0.55653498966412607  0.99999977144175678 0.55792608995157944  0.99999977121394812 0.55931807893354424  0.99999977072034807 0.56071097724990493  0.99999977015536323 0.56210480558367193  0.99999976996115925 0.56349958474231476  0.99999977004092777 0.56489533526807845  0.99999977011091878 0.56629207758850553  0.99999977010546137 0.56768983221090874  0.99999977006804186 0.56908861971894253  0.9999997702145994 0.57048846064809844  0.99999977034805376 0.57188937786726435  0.99999977034861764 0.57329139444996735  0.99999977021400799 0.57469453349710786  0.99999977006632912 0.57609881819465936  0.99999977008358087 0.57750427179809027  0.99999977009975216 0.5789109175721493  0.99999977011653862 0.58031877885734329  0.99999977009064089 0.5817278790735958  0.99999977003919571 0.58313824170964479  0.99999977017784547 0.58454989037481575  0.9999997704451109 0.58596284859082426  0.99999977058658718 0.58737713981188033  0.99999977053121092 0.58879278760198961  0.99999977030968279 0.59020981560176933  0.99999977005696561 0.5916282475473974  0.99999977008382757 0.59304810726825852  0.99999977057196554 0.59446941871909031  0.99999977108669169 0.59589220599479986  0.99999977141488949 0.59731649326319103  0.99999977143051977 0.59874230478443469  0.99999977112807803 0.60016966491308121  0.99999977062347833 0.60159859811120842  0.99999977011705532 0.60302912893476457  0.99999977004047447 0.60446128211627814  0.99999977028535381 0.60589508217718646  0.99999977050536049 0.60733055355141286  0.99999977055837375 0.60876772081374242  0.99999977040068044 0.61020660863290832  0.99999977010931085 0.61164724179302543  0.99999976989855177 0.61308964519687292  0.99999976984971195 0.61453384387352361  0.99999977023227249 0.61597986296817109  0.99999977107560167 0.61742772778519195  0.99999977190054812 0.61887746378535924  0.99999977246114446 0.62032909652765444  0.99999977259966355 0.62178265168917279  0.99999977228637027 0.62323815506905267  0.99999977160568387 0.62469563259580929  0.99999977077182189 0.62615511033739546  0.99999977007988317 0.62761661449731809  0.99999977008546115 0.62908017146416984  0.99999977080876457 0.63054580763221713  0.99999977167665866 0.63201354935015186  0.99999977238623949 0.63348342312145123  0.99999977271644214 0.63495545556960886  0.99999977257932082 0.63642967345688273  0.9999997720037016 0.63790610368851564  0.99999977114943694 0.63938477332195842  0.9999997702666662 0.64086570957100997  0.99999976984421535 0.64234893982573316  0.99999976988604755 0.64383449160111095  0.99999977009841967 0.64532239252472989  0.99999977039815824 0.64681267038219714  0.99999977056654066 0.64830535310993398  0.99999977051972455 0.6498004687999287  0.99999977029819698 0.65129804570471084  0.99999977004498375 0.65279811225654327  0.99999977010331953 0.65430069703269556  0.99999977061755241 0.65580582893535733  0.99999977114078897 0.65731353733574283  0.99999977146210273 0.65882385171773561  0.99999977145813901 0.66033680175175768  0.99999977113033733 0.66185241728478428  0.99999977060470102 0.66337072835409283  0.99999977009546359 0.66489176519042736  0.99999977005048823 0.66641555824030307  0.99999977031373855 0.66794213809730107  0.99999977055118294 0.66947153551083438  0.99999977061983336 0.67100378142505235  0.99999977048080102 0.67253890697795471  0.99999977020317776 0.67407694351717984  0.9999997700355151 0.67561792258754583  0.99999977008409124 0.677161876023614  0.99999977011504304 0.67870883598585674  0.99999977010071106 0.68025883482371519  0.99999977008577534 0.681811905113197  0.99999977005672258 0.68336807965086588  0.99999977019685959 0.68492739146499759  0.99999977036787047 0.68648987380448701  0.99999977039915455 0.68805556013537872  0.99999977027964215 0.68962448415755495  0.99999977008892338 0.69119667980391064  0.99999977009103347 0.69277218128004792  0.99999977015343844 0.69435102286107642  0.99999977013662766 0.69593323901469328  0.99999977005702989 0.69751886446712974  0.99999977002715101 0.6991079341971862  0.99999977033757936 0.70070048345066283  0.99999977071704549 0.70229654774817662  0.99999977093036119 0.70389616285966683  0.9999997708824393 0.70549936481390851  0.99999977059803047 0.70710618990809881  0.99999977020025332 0.70871667471591393  0.99999977001672957 0.7103308561023951  0.99999977011135499 0.71194877121049371  0.99999977018961128 0.71357045743593728  0.99999977016949126 0.71519595245844236  0.99999977007601459 0.71682529424662178  0.99999977000954066 0.71845852106994079  0.9999997700622818 0.72009567149967846  0.99999977043261412 0.72173678442575551  0.99999977078875235 0.72338189913484507  0.9999997709481836 0.72503105520785127  0.99999977083769775 0.72668429253776012  0.99999977051186917 0.72834165133767281  0.9999997701192298 0.73000317215186628  0.99999977001902685 0.73166889586544492  0.9999997701025739 0.73333886372074941  0.99999977015072228 0.73501311729150232  0.99999977012147856 0.73669169848813398  0.9999997700698785 0.73837464956908172  0.99999977019887587 0.74006201315359388  0.99999977030971676 0.74175383221721358  0.99999977029353881 0.74345015008737891  0.99999977016187769 0.74515101045687737  0.99999977006800223 0.74685645739374762  0.99999977018855535 0.74856653535476991  0.99999977027075837 0.75028128917484915  0.9999997702416531 0.75200076406698146  0.99999977011598307 0.75372500563436284  0.99999977009124719 0.75545405988673942  0.99999977022573538 0.75718797322969134  0.99999977028116338 0.75892679244004602  0.99999977022105191 0.76067056470657723  0.99999977008677399 0.76241933763587399  0.9999997701220078 0.76417315926718754  0.99999977025125275 0.76593207807835983  0.99999977028052311 0.7676961429727478  0.99999977019464914 0.76946540329138502  0.99999977007007712 0.77123990882479498  0.9999997701534391 0.77301970982788359  0.9999997702621366 0.77480485702046897  0.99999977026242781 0.77659540157793705  0.99999977015492492 0.77839139514635192  0.99999977006809482 0.78019288985415125  0.99999977019947939 0.7819999383282259  0.99999977029954157 0.78381259368704581  0.99999977027917142 0.78563090953878278  0.99999977014528085 0.78745493999427896  0.99999977007560692 0.78928473969138668  0.99999977016447494 0.79112036376265493  0.99999977019281971 0.79296186778021582  0.99999977013339392 0.79480930785694748  0.99999977006316842 0.79666274064488618  0.99999977014996955 0.7985222233535707  0.99999977029797216 0.80038781375365575  0.99999977032660159 0.80225957016985339  0.99999977022481901 0.80413755149417931  0.99999977007340224 0.80602181720005883  0.99999977013682795 0.80791242736125835  0.99999977024933018 0.8098094426423037  0.99999977025937192 0.81171292429762665  0.99999977016018593 0.81362293419191944  0.99999977006930607 0.81553953481381369  0.99999977018298214 0.81746278929447425  0.99999977026473419 0.81939276140041739  0.99999977023567677 0.82132951553518529  0.99999977011217933 0.82327311676188564  0.99999977009316998 0.82522363080457317  0.99999977024059705 0.82718112412515432  0.99999977030730514 0.82914566394529521  0.99999977024865394 0.83111731816110623  0.99999977010076668 0.83309615537984827  0.99999977009012997 0.83508224493444261  0.99999977013772934 0.83707565688967844  0.99999977011762953 0.83907646203764064  0.99999977007902208 0.84108473191897559  0.9999997700858807 0.8431005388386219  0.99999977023346065 0.84512395587798606  0.9999997703122625 0.84715505687864079  0.99999977026113318 0.84919391646759201  0.99999977011277796 0.85124061007655683  0.99999977009326046 0.85329521396286012  0.99999977020698483 0.85535780522123761  0.99999977023974795 0.85742846177355792  0.99999977016984665 0.85950726238906616  0.9999997700717046 0.86159428670846971  0.99999977016018426 0.86368961524872689  0.99999977024002462 0.8657933299185967  0.99999977021904429 0.86790551354620638  0.9999997701090485 0.87002624988161481  0.99999977009778751 0.87215562362414567  0.99999977021603892 0.87429372043956843  0.99999977025232301 0.87644062695292935  0.99999977018113395 0.87859643076878546  0.99999977007667318 0.88076122049366801  0.99999977012347252 0.88293508576182134  0.99999977015027308 0.88511811724388667  0.99999977011054553 0.88731040664970851  0.99999977007480867 0.88951204675566842  0.99999977015421504 0.89172313142498039  0.9999997702334078 0.89394375563223161  0.99999977020880682 0.89617401548105891  0.99999977010064844 0.89841400814086447  0.99999977010697405 0.90066383217737656  0.99999977020116537 0.90292358615897272  0.99999977020459774 0.90519336882798618  0.99999977011347074 0.90747328030844088  0.99999977009615593 0.90976342186669257  0.99999977018180619 0.91206389598888404  0.99999977018574204 0.91437480635613533  0.9999997701034582 0.91669625788829667  0.99999977010549257 0.91902835680348682  0.99999977017821029 0.92137121047814841  0.99999977016545705 0.92372492746161738  0.99999977008533869 0.92608961764468467  0.99999977013021102 0.9284653922729813  0.99999977019226571 0.93085236389699966  0.99999977015559882 0.93325064646323153  0.99999977008321383 0.93566035517340063  0.99999977010361685 0.9380816072542707  0.99999977010492569 0.94051452527678747  0.99999977009047547 0.94295923300204376  0.99999977012363506 0.94541585586563903  0.99999977016364738 0.94788452091854869  0.99999977012731012 0.9503653568636613  0.99999977008919438 0.95285849407101564  0.99999977013565955 0.95536406457632261  0.99999977013318309 0.95788220198037721  0.99999977009024454 0.96041304164626773  0.99999977012367947 0.96295672071453176  0.99999977013263397 0.96551337816083183  0.99999977009201468 0.9680831547749118  0.99999977012145258 0.97066619330212589  0.99999977013938357 0.97326263773147592  0.99999977009687468 0.97587263382348466  0.99999977011157204 0.97849632934758912  0.99999977012949492 0.9811338739974671  0.99999977008884733 0.98378541948688469  0.99999977013328301 0.9864511195283121  0.99999977019133901 0.98913113020348897  0.9999997701354264 0.99182560987136548  0.99999976998794393 0.99453471909040292  0.9999997698628833 0.99725862042190327  0.99999976996218987 0.99908452651693747  0.99999977009289398 1 
 8.2444628867621403e-15 4 0.0034965034965117122 1 0.00699300699301518 1 0.010489510489518648 1 0.013986013986022117 1 0.017482517482525581 1 0.02097902097902905 1 0.024475524475532518 1 0.027972027972035986 1 0.031468531468539451 1 0.03496503496504292 1 0.038461538461546388 1 0.041958041958049856 1 0.045454545454553325 1 0.048951048951056793 1 0.052447552447560261 1 0.055944055944063729 1 0.059440559440567198 1 0.062937062937070659 1 0.066433566433574134 1 0.069930069930077596 1 0.073426573426581071 1 0.076923076923084532 1 0.080419580419588008 1 0.083916083916091469 1 0.087412587412594944 1 0.090909090909098406 1 0.094405594405601881 1 0.097902097902105342 1 0.10139860139860882 1 0.10489510489511228 1 0.10839160839161575 1 0.11188811188811922 1 0.11538461538462268 1 0.11888111888112615 1 0.12237762237762961 1 0.12587412587413307 1 0.12937062937063656 1 0.13286713286714003 1 0.13636363636364349 1 0.13986013986014695 1 0.14335664335665044 1 0.1468531468531539 1 0.15034965034965736 1 0.15384615384616082 1 0.15734265734266431 1 0.16083916083916777 1 0.16433566433567123 1 0.16783216783217469 1 0.17132867132867816 1 0.17482517482518165 1 0.17832167832168511 1 0.18181818181818857 1 0.18531468531469203 1 0.18881118881119552 1 0.19230769230769898 1 0.19580419580420244 1 0.1993006993007059 1 0.20279720279720939 1 0.20629370629371285 1 0.20979020979021631 1 0.21328671328671978 1 0.21678321678322326 1 0.22027972027972673 1 0.22377622377623019 1 0.22727272727273365 1 0.23076923076923711 1 0.2342657342657406 1 0.23776223776224406 1 0.24125874125874752 1 0.24475524475525098 1 0.24825174825175447 1 0.25174825174825793 1 0.25524475524476142 1 0.25874125874126491 1 0.26223776223776835 1 0.26573426573427184 1 0.26923076923077532 1 0.27272727272727876 1 0.27622377622378225 1 0.27972027972028568 1 0.28321678321678917 1 0.28671328671329266 1 0.29020979020979609 1 0.29370629370629958 1 0.29720279720280302 1 0.3006993006993065 1 0.30419580419580999 1 0.30769230769231343 1 0.31118881118881692 1 0.31468531468532041 1 0.31818181818182384 1 0.32167832167832733 1 0.32517482517483076 1 0.32867132867133425 1 0.33216783216783774 1 0.33566433566434117 1 0.33916083916084466 1 0.3426573426573481 1 0.34615384615385159 1 0.34965034965035507 1 0.35314685314685851 1 0.356643356643362 1 0.36013986013986549 1 0.36363636363636892 1 0.36713286713287241 1 0.37062937062937584 1 0.37412587412587933 1 0.37762237762238282 1 0.38111888111888625 1 0.38461538461538974 1 0.38811188811189323 1 0.39160839160839667 1 0.39510489510490016 1 0.39860139860140359 1 0.40209790209790708 1 0.40559440559441057 1 0.409090909090914 1 0.41258741258741749 1 0.41608391608392092 1 0.41958041958042441 1 0.4230769230769279 1 0.42657342657343134 1 0.43006993006993482 1 0.43356643356643831 1 0.43706293706294175 1 0.44055944055944524 1 0.44405594405594867 1 0.44755244755245216 1 0.45104895104895565 1 0.45454545454545908 1 0.45804195804196257 1 0.461538461538466 1 0.46503496503496949 1 0.46853146853147298 1 0.47202797202797642 1 0.47552447552447991 1 0.4790209790209834 1 0.48251748251748683 1 0.48601398601399032 1 0.48951048951049375 1 0.49300699300699724 1 0.49650349650350073 1 0.50000000000000411 1 0.50349650349650754 1 0.50699300699301109 1 0.51048951048951452 1 0.51398601398601795 1 0.5174825174825215 1 0.52097902097902493 1 0.52447552447552837 1 0.52797202797203191 1 0.53146853146853534 1 0.53496503496503878 1 0.53846153846154232 1 0.54195804195804576 1 0.54545454545454919 1 0.54895104895105262 1 0.55244755244755617 1 0.5559440559440596 1 0.55944055944056303 1 0.56293706293706658 1 0.56643356643357001 1 0.56993006993007345 1 0.57342657342657699 1 0.57692307692308042 1 0.58041958041958386 1 0.5839160839160874 1 0.58741258741259084 1 0.59090909090909427 1 0.5944055944055977 1 0.59790209790210125 1 0.60139860139860468 1 0.60489510489510812 1 0.60839160839161166 1 0.61188811188811509 1 0.61538461538461853 1 0.61888111888112207 1 0.62237762237762551 1 0.62587412587412894 1 0.62937062937063248 1 0.63286713286713592 1 0.63636363636363935 1 0.63986013986014278 1 0.64335664335664633 1 0.64685314685314976 1 0.6503496503496532 1 0.65384615384615674 1 0.65734265734266017 1 0.66083916083916361 1 0.66433566433566715 1 0.66783216783217059 1 0.67132867132867402 1 0.67482517482517757 1 0.678321678321681 1 0.68181818181818443 1 0.68531468531468787 1 0.68881118881119141 1 0.69230769230769484 1 0.69580419580419828 1 0.69930069930070182 1 0.70279720279720526 1 0.70629370629370869 1 0.70979020979021223 1 0.71328671328671567 1 0.7167832167832191 1 0.72027972027972265 1 0.72377622377622608 1 0.72727272727272951 1 0.73076923076923295 1 0.73426573426573649 1 0.73776223776223993 1 0.74125874125874336 1 0.7447552447552469 1 0.74825174825175034 1 0.75174825174825377 1 0.75524475524475732 1 0.75874125874126075 1 0.76223776223776418 1 0.76573426573426773 1 0.76923076923077116 1 0.77272727272727459 1 0.77622377622377814 1 0.77972027972028157 1 0.78321678321678501 1 0.78671328671328844 1 0.79020979020979198 1 0.79370629370629542 1 0.79720279720279885 1 0.8006993006993024 1 0.80419580419580583 1 0.80769230769230926 1 0.81118881118881281 1 0.81468531468531624 1 0.81818181818181968 1 0.82167832167832322 1 0.82517482517482665 1 0.82867132867133009 1 0.83216783216783352 1 0.83566433566433707 1 0.8391608391608405 1 0.84265734265734393 1 0.84615384615384748 1 0.84965034965035091 1 0.85314685314685434 1 0.85664335664335789 1 0.86013986013986132 1 0.86363636363636476 1 0.8671328671328683 1 0.87062937062937173 1 0.87412587412587517 1 0.8776223776223786 1 0.88111888111888215 1 0.88461538461538558 1 0.88811188811188901 1 0.89160839160839256 1 0.89510489510489599 1 0.89860139860139943 1 0.90209790209790297 1 0.9055944055944064 1 0.90909090909090984 1 0.91258741258741338 1 0.91608391608391682 1 0.91958041958042025 1 0.92307692307692368 1 0.92657342657342723 1 0.93006993006993066 1 0.9335664335664341 1 0.93706293706293764 1 0.94055944055944107 1 0.94405594405594451 1 0.94755244755244805 1 0.95104895104895149 1 0.95454545454545492 1 0.95804195804195846 1 0.9615384615384619 1 0.96503496503496533 1 0.96853146853146876 1 0.97202797202797231 1 0.97552447552447574 1 0.97902097902097918 1 0.98251748251748272 1 0.98601398601398615 1 0.98951048951048959 1 0.99300699300699313 1 0.99650349650349657 1 1 4
1 5.63779301213407 9.5500000002237968 1 0 
1 0.6453922950455161 4.065863991777892 -1 8.257102787111706e-15 
7 0 0  3 355 353  5.6377930121340754 9.5500000000534939  5.6380440684769919 9.5453810383240913  5.638546070506119 9.5361121453262321  5.6392986991790517 9.522115892925898  5.6400509110825103 9.5080267233357922  5.6408026638110753 9.4938446322691199  5.6415539149546579 9.4795696154415978  5.6423046221004576 9.4652016685592102  5.643054742824603 9.4507407873644542  5.6438042347250805 9.4361869674634882  5.6445530552414178 9.4215402052795145  5.6453011617395745 9.4068004976100745  5.646048511599898 9.3919678411645169  5.6467950621979792 9.3770422326661524  5.6475407709014656 9.3620236688706733  5.6482855951033555 9.3469121463902436  5.6490294920934261 9.3317076623787845  5.649772419651832 9.3164102113752119  5.6505143360016659 9.3010197855401877  5.6512551992647637 9.2855363775508994  5.6519949675847405 9.2699599799423513  5.6527335990950149 9.2542905853018862  5.6534710519250293 9.2385281861494306  5.6542072842087023 9.2226727752225646  5.6549422540379881 9.2067243442544786  5.6556759194588944 9.1906828839455521  5.6564082385228085 9.1745483851770668  5.6571391692677873 9.1583208389141522  5.657868669752264 9.1420002356060213  5.6585966979402142 9.1255865676813812  5.6593232121281591 9.1090798201669241  5.6600481686559494 9.09248002106599  5.6607715228826851 9.075787219839917  5.6614932303958332 9.0590014607992178  5.6622132467147246 9.0421227896325131  5.6629315273703131 9.0251512516668893  5.66364802788405 9.0080868922975128  5.6643627037739765 8.9909297570086242  5.6650755105530841 8.9736798893337326  5.6657864037281316 8.9563373326503122  5.6664953387986063 8.9389021303817362  5.6672022712616696 8.9213743259227005  5.6679071565947607 8.9037539627365128  5.6686099503216223 8.8860410840410715  5.6693106077394537 8.8682357340960003  5.6700090837615731 8.8503379589356879  5.6707053333630384 8.8323478042715671  5.6713993114936381 8.8142653158990392  5.6720909731019917 8.7960905396007032  5.6727802731274295 8.7778235211261144  5.6734671665097141 8.7594643063701607  5.6741516079592662 8.7410129366815799  5.6748335521647233 8.7224694534855569  5.6755129538341951 8.7038338974038592  5.6761897675754858 8.6851063121954901  5.6768639483352858 8.6662867298736774  5.6775354497634138 8.6473752262977062  5.67820423372254 8.6283715979905775  5.6788702653167711 8.6092755311375928  5.6795335088373706 8.5900867389968383  5.6801939287980092 8.5708049280920253  5.6808514895906201 8.5514298048112316  5.6815061558276572 8.5319610828197749  5.6821578911274218 8.5123984398019328  5.6828066580403069 8.4927415144063065  5.6834524193252669 8.4729899532628874  5.6840951376913571 8.453143401411312  5.6847347757927986 8.4332015022713449  5.6853712965081238 8.4131639073323559  5.686004661635307 8.3930302306568709  5.6866348317113928 8.3728000426067002  5.6872617675155439 8.3524729222847736  5.6878854297735248 8.3320484471214016  5.6885057791360492 8.3115261924965402  5.6891227765618382 8.2909057436640303  5.6897363812862105 8.2701866320683308  5.6903465514573757 8.2493683553023374  5.690953245466873 8.2284504188707306  5.6915564216290138 8.207432325979676  5.6921560382771581 8.1863135811180943  5.6927520537000822 8.1650936859401693  5.6933444246384965 8.143772012507096  5.6939331078452122 8.1223479350757231  5.6945180600899903 8.1008208281653467  5.6950992380157395 8.0791900630497437  5.6956765987098601 8.0574550237223441  5.6962500969918413 8.035615030401944  5.6968196858676103 8.0136693521335438  5.6973853187546739 7.9916172704875743  5.6979469488872683 7.9694580595306128  5.6985045297751817 7.9471910108193704  5.6990580138227847 7.9248153441830462  5.699607351632646 7.9023301621206574  5.7001524941643087 7.8797345899799067  5.7006933921514209 7.857027742776121  5.7012299968288387 7.8342087540053269  5.7017622572942415 7.8112766829376215  5.7022901194253732 7.7882304868497494  5.7028135300323886 7.7650691293487535  5.7033324344849374 7.7417916206875068  5.7038467829382364 7.7183967782052294  5.7043564952055927 7.6948846597307918  5.7048614791711829 7.6712558110888702  5.7053616456555849 7.6475106578611447  5.7058569046752732 7.623649657198488  5.7063471664838952 7.5996732602332884  5.706832341769049 7.5755819615839322  5.7073123412062392 7.5513762525934274  5.707787075444327 7.5270566273978607  5.7082564552070929 7.5026235722364714  5.7087203908739648 7.478077604819509  5.7091787920144528 7.4534193179953574  5.7096315683112806 7.4286492923036453  5.710078629439086 7.4037681124099759  5.7105198849495817 7.3787763587848936  5.7109552449044969 7.3536746259111609  5.7113846204511187 7.3284635371038789  5.7118079225425173 7.3031437109395965  5.7122250621841895 7.2777157667815962  5.7126359503259376 7.252180325585007  5.7130404980487439 7.2265380011506037  5.7134386159262673 7.2007894343048839  5.7138302176483826 7.1749350969856245  5.7142152181994703 7.1489753905463242  5.7145935322244332 7.122910735120568  5.71496507450499 7.096741540390676  5.7153297595798822 7.0704682390635902  5.7156875027885823 7.0440911821992866  5.7160382161737466 7.0176110552111659  5.7163818044316148 6.9910292890727277  5.7167181734696122 6.9643471921057172  5.7170472288533318 6.937566103454202  5.7173688762746266 6.9106873616245128  5.7176830212329399 6.8837122768514583  5.7179895698738123 6.8566422789209058  5.7182884307826765 6.8294792522228249  5.7185795121911687 6.8022250189757418  5.7188627225338378 6.7748814285972445  5.7191379697631453 6.7474502838800694  5.7194051637161456 6.7199335639321536  5.7196642182458834 6.6923336207654449  5.7199150464996968 6.6646527435085066  5.720157561904875 6.6368932387109414  5.7203916774552459 6.6090574061212797  5.7206173162344811 6.5811476073462503  5.7208344018167541 6.5531662066417358  5.7210428575069958 6.5251155667957228  5.7212426071870981 6.4969980538531429  5.7214335828700298 6.4688160880753642  5.7216157155833054 6.4405720771056494  5.7217889386835621 6.4122684693853582  5.7219531908503596 6.3839078049295086  5.7221084089437735 6.3554926031566934  5.7222545355544243 6.3270254189102415  5.7223915162443646 6.2985088176590622  5.7225192959181799 6.2699453797664368  5.7226378251246182 6.2413384171778334  5.7227470530606173 6.2126912192766452  5.7228469342863253 6.1840071037112549  5.7229374301883214 6.1552894171622423  5.7230185001778526 6.1265414981571755  5.7230901133904428 6.0977667245790022  5.7231522383327684 6.0689684724766257  5.7232048488193561 6.0401501362951295  5.7232479272661791 6.0113151406261585  5.7232814540813903 5.9824669026311739  5.723305411621368 5.9536088478592033  5.7233197951115873 5.9247444615769211  5.7233245990742434 5.8958772243853268  5.7233198172236284 5.8670106183845121  5.7233054561132839 5.8381481220365545  5.7232815245341184 5.8092932126621806  5.7232480291347017 5.78044937037133  5.7232049856626608 5.7516200634783461  5.7231524150307678 5.7228087791385533  5.7230903380716383 5.6940189190219632  5.7230187829359744 5.6652534341643497  5.7229377757396565 5.6365153279770261  5.7228473514250986 5.60780756756904  5.7227475480157626 5.579133114522957  5.7226384015219853 5.5504949370437684  5.7225199541657013 5.5218959773428589  5.7223922554718269 5.4933391465734998  5.7222553530800306 5.464827363205365  5.7221092966544367 5.4363635399333301  5.7219541461840295 5.4079505647677424  5.7217899609548395 5.3795913259551762  5.7216167995048028 5.3512887189140894  5.7214347290598901 5.3230455673984025  5.7212438180148233 5.2948646739520955  5.7210441366707645 5.2667488701886516  5.7208357620949188 5.2387010309964293  5.7206187695760793 5.2107240725614794  5.7203932400026982 5.1828205544746728  5.72015925579952 5.1549928967803522  5.7199168991767042 5.1272436403214314  5.7196662516756156 5.0995749394564038  5.7194073930820943 5.0719881274191208  5.7191404035760387 5.0444846762796587  5.7188653628587618 5.0170660140749783  5.7185823560143261 4.9897336749687211  5.7182914688068873 4.962489198322749  5.7179927864469482 4.935334130826738  5.717686395937819 4.9082699784986881  5.7173723868439028 4.881298191164448  5.7170508478450675 4.854420227125706  5.7167218710487928 4.8276375640817593  5.7163855491502886 4.8009516875681069  5.716041975119758 4.7743640745900118  5.7156912449551749 4.7478761576955373  5.7153334540007741 4.7214893787960595  5.7149686993005826 4.6952051545649018  5.7145970795910968 4.6690248751961887  5.7142186930068775 4.6429499435105903  5.7138336403274002 4.6169817077171533  5.7134420233829939 4.5911215481367744  5.7130439417146501 4.5653706960185199  5.7126394777212139 4.5397291879840811  5.7122287153310269 4.514197158242987  5.7118117375932265 4.4887747249891632  5.7113886269856833 4.4634620287357114  5.710959466040884 4.4382592047744334  5.7105243374192183 4.4131663910842924  5.7100833225643841 4.3881837150083127  5.7096365025772426 4.3633113015749823  5.7091839586221704 4.3385492749272654  5.7087257718939952 4.3138977649447749  5.7082620247210736 4.2893570100107343  5.707792799354074 4.2649272432566905  5.7073181781197464 4.2406087005873232  5.7068382430495479 4.216401611511742  5.7063530754634666 4.1923061898482459  5.7058627568842164 4.1683226557010471  5.7053673684201751 4.144451213750874  5.7048669876302389 4.1206919282150043  5.7043616921340332 4.0970448676418876  5.7038515601747948 4.0735101195118277  5.7033366666048622 4.0500876667954948  5.702817083254784 4.0267773991634472  5.7022928826367298 4.0035792275854538  5.7017641369570216 3.9804930538957617  5.7012309189186468 3.9575187951710959  5.7006932994685338 3.9346563157811993  5.700151335748461 3.9119050637289412  5.6996050860430891 3.8892645222274469  5.6990546083194982 3.8667341632190277  5.6984999606271849 3.8443134685187146  5.6979412009575174 3.8220018917216283  5.6973783874454575 3.7997990291291033  5.6968115783208093 3.7777045773720137  5.6962408317794138 3.7557182102654396  5.6956662060290162 3.7338396075750646  5.6950877592181488 3.7120684480800548  5.694505549673595 3.6904044085550214  5.6939196331318813 3.6688471997121237  5.6933300650564043 3.6473965359353833  5.6927369009826227 3.6260521300707347  5.6921401963834075 3.6048136974866991  5.6915400068644226 3.5836809449992644  5.6909363873494678 3.5626536213376543  5.6903293921672091 3.5417315090495576  5.6897190758629632 3.5209143854967198  5.6891054925694577 3.5002020209908711  5.6884886978089479 3.479594219229948  5.6878687411507576 3.4590906387956606  5.6872456623269043 3.4386906982127039  5.6866195029199718 3.4183938606691062  5.6859903038418613 3.3981995758955788  5.6853581067938288 3.3781073027888993  5.6847229505055852 3.3581164730318012  5.6840848695738 3.3382264799822492  5.6834438993914995 3.3184367278762932  5.6828000751112171 3.2987466053464112  5.6821534320354976 3.2791555705206159  5.6815040055419219 3.2596631337203035  5.6808518309232134 3.2402687949818407  5.6801969437077355 3.2209720518543108  5.6795393780870107 3.2017724323344119  5.6788791674957251 3.1826694813984093  5.67821634554313 3.16366274270773  5.6775509457671713 3.1447517502855535  5.6768830018021754 3.1259360946324084  5.6762125473454468 3.1072154032508044  5.675539616032542 3.088589296582601  5.6748642416515915 3.070057391532786  5.6741864572225831 3.0516193329132397  5.6735062950977495 3.0332747905303741  5.6728237877684231 3.015023428679191  5.6721389676775633 2.9968649132576992  5.6714518672831691 2.9787989092631841  5.6707625189911157 2.9608250836970544  5.670070954035519 2.9429431554275132  5.6693772036839718 2.9251528417245769  5.6686812991787487 2.9074538601545301  5.6679832717939078 2.8898459286968854  5.6672831526647913 2.8723287633819186  5.6665809734119685 2.8549020876236852  5.6658767637555307 2.8375655963542799  5.665170543619376 2.8203188372737924  5.6644623339940203 2.8031613741646026  5.6637521555742598 2.7860927666115813  5.6630400291366501 2.7691125749072407  5.6623259753912478 2.7522203607111781  5.6616100151965805 2.7354156795069504  5.6608921687746516 2.7186981131684842  5.6601724551980466 2.7020672916322153  5.6594508937377546 2.6855228362620656  5.6587275036043421 2.6690643707209376  5.6580023040176046 2.6526915180478676  5.657275314186105 2.6364039014786207  5.6565465525071481 2.6202011821085041  5.6558160373614941 2.6040830210883694  5.6550837871667605 2.5880490793104287  5.6543498201742581 2.5720990186568766  5.6536141530503974 2.55623251027265  5.6528768025579099 2.5404492251909381  5.6521377854665804 2.5247488325294198  5.6513971183785552 2.5091310096747566  5.6506548173570978 2.4935954601356993  5.6499108985140039 2.4781418845301739  5.6491653780202213 2.4627699813486532  5.6484182716370448 2.4474794638656769  5.6476695947494404 2.4322700590035735  5.6469193628049448 2.4171414912082438  5.6461675912741418 2.4020934838139563  5.6454142951174378 2.3871257826051786  5.6446594893139395 2.3722381391007157  5.6439031885077648 2.3574302949287511  5.6431454087539805 2.3427020287657134  5.6423861694788444 2.3280532063954933  5.6416254895530438 2.3134836799676002  5.6408633880119838 2.2989933038249015  5.6400998836500689 2.2845819442269715  5.6393349952164167 2.2702494711712693  5.6385687414795713 2.2559957523904726  5.6378011411372357 2.2418206617445664  5.6370322127668064 2.2277240838097598  5.6362619749623599 2.2137059012769615  5.6354904463046491 2.1997659972824901  5.6347176452126435 2.1859042662147141  5.6339435900500643 2.1721206021372872  5.6331682993625511 2.1584149005784581  5.6323917904572411 2.1447870473140447  5.6316140801832093 2.1312369249194063  5.6308351855203922 2.1177644157047375  5.6300551233048211 2.1043694069947896  5.6292739102583118 2.0910517925868515  5.628491563106965 2.0778114635360443  5.6277080986248791 2.06464831722147  5.6269235337399532 2.0515622668995381  5.6261378853533488 2.0385532235538886  5.6253511703629364 2.0256210982293421  5.624563405615751 2.0127657971742501  5.6240375405100016 2.004246750441514  5.6237744386128581 1.9999999999946994 
 0 4 0.002840909090909091 1 0.005681818181818182 1 0.0085227272727272721 1 0.011363636363636364 1 0.014204545454545456 1 0.017045454545454544 1 0.019886363636363636 1 0.022727272727272728 1 0.02556818181818182 1 0.028409090909090912 1 0.03125 1 0.034090909090909088 1 0.036931818181818184 1 0.039772727272727272 1 0.042613636363636367 1 0.045454545454545456 1 0.048295454545454544 1 0.05113636363636364 1 0.053977272727272728 1 0.056818181818181823 1 0.059659090909090912 1 0.0625 1 0.065340909090909088 1 0.068181818181818177 1 0.071022727272727279 1 0.073863636363636367 1 0.076704545454545456 1 0.079545454545454544 1 0.082386363636363633 1 0.085227272727272735 1 0.088068181818181823 1 0.090909090909090912 1 0.09375 1 0.096590909090909088 1 0.099431818181818191 1 0.10227272727272728 1 0.10511363636363637 1 0.10795454545454546 1 0.11079545454545454 1 0.11363636363636365 1 0.11647727272727273 1 0.11931818181818182 1 0.12215909090909091 1 0.125 1 0.12784090909090909 1 0.13068181818181818 1 0.13352272727272727 1 0.13636363636363635 1 0.13920454545454547 1 0.14204545454545456 1 0.14488636363636365 1 0.14772727272727273 1 0.15056818181818182 1 0.15340909090909091 1 0.15625 1 0.15909090909090909 1 0.16193181818181818 1 0.16477272727272727 1 0.16761363636363638 1 0.17045454545454547 1 0.17329545454545456 1 0.17613636363636365 1 0.17897727272727273 1 0.18181818181818182 1 0.18465909090909091 1 0.1875 1 0.19034090909090909 1 0.19318181818181818 1 0.19602272727272727 1 0.19886363636363638 1 0.20170454545454547 1 0.20454545454545456 1 0.20738636363636365 1 0.21022727272727273 1 0.21306818181818182 1 0.21590909090909091 1 0.21875 1 0.22159090909090909 1 0.22443181818181818 1 0.22727272727272729 1 0.23011363636363638 1 0.23295454545454547 1 0.23579545454545456 1 0.23863636363636365 1 0.24147727272727273 1 0.24431818181818182 1 0.24715909090909091 1 0.25 1 0.25284090909090912 1 0.25568181818181818 1 0.25852272727272729 1 0.26136363636363635 1 0.26420454545454547 1 0.26704545454545453 1 0.26988636363636365 1 0.27272727272727271 1 0.27556818181818182 1 0.27840909090909094 1 0.28125 1 0.28409090909090912 1 0.28693181818181818 1 0.28977272727272729 1 0.29261363636363635 1 0.29545454545454547 1 0.29829545454545453 1 0.30113636363636365 1 0.30397727272727276 1 0.30681818181818182 1 0.30965909090909094 1 0.3125 1 0.31534090909090912 1 0.31818181818181818 1 0.32102272727272729 1 0.32386363636363635 1 0.32670454545454547 1 0.32954545454545453 1 0.33238636363636365 1 0.33522727272727276 1 0.33806818181818182 1 0.34090909090909094 1 0.34375 1 0.34659090909090912 1 0.34943181818181818 1 0.35227272727272729 1 0.35511363636363635 1 0.35795454545454547 1 0.36079545454545453 1 0.36363636363636365 1 0.36647727272727276 1 0.36931818181818182 1 0.37215909090909094 1 0.375 1 0.37784090909090912 1 0.38068181818181818 1 0.38352272727272729 1 0.38636363636363635 1 0.38920454545454547 1 0.39204545454545453 1 0.39488636363636365 1 0.39772727272727276 1 0.40056818181818182 1 0.40340909090909094 1 0.40625 1 0.40909090909090912 1 0.41193181818181818 1 0.41477272727272729 1 0.41761363636363635 1 0.42045454545454547 1 0.42329545454545453 1 0.42613636363636365 1 0.42897727272727276 1 0.43181818181818182 1 0.43465909090909094 1 0.4375 1 0.44034090909090912 1 0.44318181818181818 1 0.44602272727272729 1 0.44886363636363635 1 0.45170454545454547 1 0.45454545454545459 1 0.45738636363636365 1 0.46022727272727276 1 0.46306818181818182 1 0.46590909090909094 1 0.46875 1 0.47159090909090912 1 0.47443181818181818 1 0.47727272727272729 1 0.48011363636363635 1 0.48295454545454547 1 0.48579545454545459 1 0.48863636363636365 1 0.49147727272727276 1 0.49431818181818182 1 0.49715909090909094 1 0.5 1 0.50284090909090906 1 0.50568181818181823 1 0.50852272727272729 1 0.51136363636363635 1 0.51420454545454541 1 0.51704545454545459 1 0.51988636363636365 1 0.52272727272727271 1 0.52556818181818188 1 0.52840909090909094 1 0.53125 1 0.53409090909090906 1 0.53693181818181823 1 0.53977272727272729 1 0.54261363636363635 1 0.54545454545454541 1 0.54829545454545459 1 0.55113636363636365 1 0.55397727272727271 1 0.55681818181818188 1 0.55965909090909094 1 0.5625 1 0.56534090909090906 1 0.56818181818181823 1 0.57102272727272729 1 0.57386363636363635 1 0.57670454545454553 1 0.57954545454545459 1 0.58238636363636365 1 0.58522727272727271 1 0.58806818181818188 1 0.59090909090909094 1 0.59375 1 0.59659090909090906 1 0.59943181818181823 1 0.60227272727272729 1 0.60511363636363635 1 0.60795454545454553 1 0.61079545454545459 1 0.61363636363636365 1 0.61647727272727271 1 0.61931818181818188 1 0.62215909090909094 1 0.625 1 0.62784090909090906 1 0.63068181818181823 1 0.63352272727272729 1 0.63636363636363635 1 0.63920454545454553 1 0.64204545454545459 1 0.64488636363636365 1 0.64772727272727271 1 0.65056818181818188 1 0.65340909090909094 1 0.65625 1 0.65909090909090906 1 0.66193181818181823 1 0.66477272727272729 1 0.66761363636363635 1 0.67045454545454553 1 0.67329545454545459 1 0.67613636363636365 1 0.67897727272727271 1 0.68181818181818188 1 0.68465909090909094 1 0.6875 1 0.69034090909090906 1 0.69318181818181823 1 0.69602272727272729 1 0.69886363636363635 1 0.70170454545454553 1 0.70454545454545459 1 0.70738636363636365 1 0.71022727272727271 1 0.71306818181818188 1 0.71590909090909094 1 0.71875 1 0.72159090909090906 1 0.72443181818181823 1 0.72727272727272729 1 0.73011363636363635 1 0.73295454545454553 1 0.73579545454545459 1 0.73863636363636365 1 0.74147727272727271 1 0.74431818181818188 1 0.74715909090909094 1 0.75 1 0.75284090909090906 1 0.75568181818181823 1 0.75852272727272729 1 0.76136363636363635 1 0.76420454545454553 1 0.76704545454545459 1 0.76988636363636365 1 0.77272727272727271 1 0.77556818181818188 1 0.77840909090909094 1 0.78125 1 0.78409090909090906 1 0.78693181818181823 1 0.78977272727272729 1 0.79261363636363635 1 0.79545454545454553 1 0.79829545454545459 1 0.80113636363636365 1 0.80397727272727271 1 0.80681818181818188 1 0.80965909090909094 1 0.8125 1 0.81534090909090906 1 0.81818181818181823 1 0.82102272727272729 1 0.82386363636363635 1 0.82670454545454553 1 0.82954545454545459 1 0.83238636363636365 1 0.83522727272727271 1 0.83806818181818188 1 0.84090909090909094 1 0.84375 1 0.84659090909090906 1 0.84943181818181823 1 0.85227272727272729 1 0.85511363636363635 1 0.85795454545454553 1 0.86079545454545459 1 0.86363636363636365 1 0.86647727272727271 1 0.86931818181818188 1 0.87215909090909094 1 0.875 1 0.87784090909090906 1 0.88068181818181823 1 0.88352272727272729 1 0.88636363636363635 1 0.88920454545454553 1 0.89204545454545459 1 0.89488636363636365 1 0.89772727272727271 1 0.90056818181818188 1 0.90340909090909094 1 0.90625 1 0.90909090909090917 1 0.91193181818181823 1 0.91477272727272729 1 0.91761363636363635 1 0.92045454545454553 1 0.92329545454545459 1 0.92613636363636365 1 0.92897727272727271 1 0.93181818181818188 1 0.93465909090909094 1 0.9375 1 0.94034090909090917 1 0.94318181818181823 1 0.94602272727272729 1 0.94886363636363635 1 0.95170454545454553 1 0.95454545454545459 1 0.95738636363636365 1 0.96022727272727271 1 0.96306818181818188 1 0.96590909090909094 1 0.96875 1 0.97159090909090917 1 0.97443181818181823 1 0.97727272727272729 1 0.98011363636363635 1 0.98295454545454553 1 0.98579545454545459 1 0.98863636363636365 1 0.99147727272727271 1 0.99431818181818188 1 0.99715909090909094 1 1 4
7 0 0  3 355 353  5.4636464150285624 12.800486089614591  5.4649998645039171 12.807054348537779  5.4677099413094821 12.820191736031321  5.4717845442937545 12.839899262866894  5.4758685889375833 12.859607071951656  5.4799620302716576 12.87931399993904  5.4840648240877776 12.899018883484263  5.488176927076923 12.918720559235835  5.4922982967318816 12.938417863867523  5.4964288916677146 12.95810963395852  5.5005686699681986 12.977794706655189  5.5047175899928558 12.997471919363818  5.5088756111981247 13.017140109429414  5.5130426939700561 13.036798114206748  5.517218799606237 13.056444771072979  5.5214038906268961 13.076078917305752  5.5255979296199396 13.095699390558561  5.5298008846281892 13.115305026670235  5.534012728666502 13.134894659825923  5.5382334347850541 13.15446712457892  5.5424629772042096 13.174021255348331  5.5467013309947886 13.193555886721789  5.5509484722815543 13.213069852747186  5.5552043778079438 13.232561989462614  5.5594690268452638 13.252031123621647  5.5637424012277448 13.271476072283471  5.5680244833986459 13.290895654598213  5.572315256814993 13.310288688957462  5.5766147059835633 13.329653994695859  5.5809228159650486 13.348990388134515  5.5852395743736336 13.368296696705599  5.5895649606590538 13.387571683397113  5.5938989506484571 13.406814079021416  5.5982415222165569 13.426022622119335  5.6025926539103166 13.445196049145451  5.606952325316449 13.464333097170707  5.6113205170278588 13.483432502886954  5.615697210471259 13.502493003885979  5.6200823909027582 13.521513323202564  5.624476044757369 13.540492182753654  5.628878159382193 13.559428304703301  5.6332887231117823 13.578320411336264  5.637707725285571 13.597167224207308  5.6421351561559003 13.615967467670458  5.646571007335309 13.634719854131726  5.651015272029162 13.653423075625925  5.6554679443180689 13.67207582790601  5.6599290193096721 13.690676805718997  5.6643984931021416 13.709224704117471  5.6688763628262793 13.727718217937745  5.6733626265606665 13.7461560425755  5.6778572857850564 13.764536854539532  5.6823603430047855 13.782859329538065  5.6868718019085422 13.80112214408974  5.691391666473935 13.819323972270755  5.6959199444271515 13.837463497116914  5.7004566343377787 13.855539368267877  5.7050018006885921 13.873550448113781  5.709555534690085 13.891495683152401  5.714117922341428 13.909373999017614  5.7186890523399372 13.927184327379775  5.7232690142821339 13.944925596627073  5.7278578978867349 13.962596742240017  5.7324557987871732 13.980196668599278  5.7370628191080826 13.997724246654471  5.7416790611038193 14.01517835418246  5.7463046284372155 14.032557867617035  5.7509396261722285 14.049861661936871  5.7555841594425203 14.067088619284407  5.7602383396199999 14.08423758859748  5.7649022853264027 14.101307380049843  5.7695761153281655 14.118296811555837  5.7742599499289327 14.135204699597807  5.7789539109960995 14.152029858645372  5.7836581203579742 14.168771112651196  5.7883727082554 14.185427233953291  5.7930978108840829 14.20199696243102  5.7978335648495385 14.218479045521947  5.8025801085027071 14.234872228571092  5.8073375814220896 14.251175257735461  5.8121061250206463 14.267386878015971  5.8168859035567149 14.283505786214468  5.8216770825722266 14.299530679783521  5.8264798291962459 14.315460256874497  5.8312943125618553 14.331293212192882  5.836120701665763 14.347028253528979  5.8409591754783987 14.362664023230398  5.8458099215553982 14.378199111365397  5.8506731275638222 14.393632120154376  5.8555489840693173 14.408961646696351  5.8604376805326144 14.424186296423706  5.8653394198504349 14.439304642382954  5.8702544261038172 14.454315204713591  5.8751829216666991 14.46921651427264  5.8801251324872688 14.484007095625946  5.8850812836789634 14.498685487786473  5.8900516131740215 14.513250169377134  5.8950363758102169 14.527699528047869  5.9000358287821344 14.542031977831687  5.9050502209618756 14.556245893095639  5.9100798454846153 14.570339780487478  5.9151247275674441 14.584311309606141  5.9201847885149084 14.598157821109897  5.9252599781639228 14.611876736845094  5.9303502418015324 14.625465456822614  5.9354555286151296 14.638921387208992  5.9405757834663682 14.652241937378998  5.9457109540740936 14.665424517082261  5.950860989975582 14.678466535262297  5.9560258446010028 14.691365403712345  5.9612054676586759 14.704118522648624  5.9663997966041373 14.716723264735657  5.9716087736253662 14.729177006866257  5.9768323425497645 14.741477125530317  5.9820704502466695 14.753620994601228  5.9873230441082974 14.765606000020401  5.992590069930583 14.777429553316628  5.9978714764723318 14.789089061621041  6.0031672147890189 14.800581933485018  6.0084772379674583 14.811905576176507  6.0138015030330134 14.823057400676971  6.0191399637643377 14.834034804397239  6.0244926120289444 14.844835269326937  6.0298594570223205 14.855456312689572  6.0352405064547119 14.865895442670363  6.0406357726707665 14.876150171335061  6.0460452658290675 14.886218004265587  6.051469015153744 14.896096469098829  6.0569069845907197 14.905783003444983  6.0623589892632088 14.915274844110341  6.0678248715465832 14.92456926117589  6.0733044699974021 14.933663515483135  6.0787976259024328 14.942554871556794  6.0843041885583853 14.951240588428194  6.0898239868858939 14.959717944344108  6.0953567644028954 14.967984289768703  6.1009022787961351 14.976036964844766  6.1064602848381853 14.983873315788109  6.1120305486315827 14.99149067484403  6.1176128050309169 14.99888642941119  6.1232067195569124 15.006058084266895  6.1288119717700029 15.013003123689245  6.1344282400930394 15.019719040170699  6.1400552064164353 15.026203313845501  6.1456925472240691 15.032453714147969  6.1513399404279099 15.038468024651319  6.156997066014112 15.044244021250105  6.1626636056102555 15.049779496573121  6.1683392350775863 15.055072478353543  6.174023634061288 15.06012096580362  6.1797164767177692 15.064923025895975  6.1854174223229741 15.06947688043736  6.1911261352545139 15.073780698361819  6.1968422761543032 15.077832815323443  6.2025655057325944 15.081631653404997  6.2082954830415265 15.085175615703998  6.2140317238817042 15.088463272562292  6.2197737494065759 15.091493155256483  6.225521077583851 15.094263949732644  6.2312732228597287 15.096774538756499  6.2370297019552723 15.099023748123921  6.2427900261965501 15.101010684551273  6.2485537078884503 15.102734436573087  6.2543202571448502 15.1041942461984  6.2600891793861821 15.105389604130909  6.2658599816938771 15.106319943022941  6.2716321702804549 15.106984751873922  6.2774052403411673 15.107383891896923  6.2831786879017875 15.107517203966637  6.2889520089982529 15.107384505579493  6.2947247004193558 15.106985985500602  6.3004962587235669 15.106321897218926  6.3062661798835506 15.105392432287269  6.3120339615737162 15.104198045251632  6.3177990967494733 15.102739339859964  6.3235610949833996 15.101016917838287  6.3293195545105361 15.099031594060765  6.33507406267071 15.096784124221186  6.3408242120978064 15.094275520611877  6.3465695949617258 15.091506885079127  6.3523098015908497 15.088479261036218  6.3580444254550894 15.085193872155651  6.3637730634184733 15.081652154018879  6.3694953100436527 15.077855487576631  6.3752107595098666 15.073805312374883  6.3809190067535511 15.069503366502977  6.3866196452338633 15.064951367750368  6.392312265908954 15.060151012380668  6.3979964696926563 15.055104247365271  6.4036718595596955 15.049813053600005  6.409338030373088 15.044279466461097  6.4149945639604127 15.038505715132271  6.4206410328542907 15.032493977648443  6.4262770761747978 15.026246594590779  6.4319023578683456 15.019765951535218  6.4375165159671752 15.013054426925066  6.443119263499935 15.006114383850766  6.4487104748544271 14.998948143179721  6.4542899944703382 14.991558035847669  6.4598576736283615 14.983946379462587  6.465413337595888 14.976115646766283  6.4709568079112927 14.968068330241184  6.4764879027621065 14.959806906506442  6.4820064450867028 14.95133390401663  6.4875122649600794 14.942651925149567  6.4930051890287963 14.933763547129221  6.4984850355128918 14.924671444283804  6.5039516182787089 14.915378307689975  6.5094047503310613 14.905886836276609  6.5148442486901095 14.8961998142157  6.5202699265945219 14.886320007560171  6.5256815984422802 14.87625022974793  6.5310790798760125 14.865993341323808  6.5364621821345548 14.855552186398409  6.5418307222096805 14.844929681518728  6.5471845073360928 14.834128772265487  6.5525233731155801 14.823152341187392  6.5578473990158122 14.812002797384586  6.5631566417073079 14.800682592505435  6.5684511592002508 14.789194153551726  6.5737310032294598 14.777539891207924  6.578996224034384 14.765722217917634  6.5842468687654137 14.753743550065787  6.5894829852478063 14.741606268650267  6.5947046196708294 14.729312744815804  6.5999118159654433 14.716865351847385  6.6051046145348229 14.704266463818987  6.610283031217719 14.691518482666243  6.615447080622781 14.678623808432796  6.6205967744676393 14.665584843793376  6.6257321235656725 14.652403981949396  6.6308531398680577 14.639083593038755  6.6359598317012489 14.625626053675008  6.6410522084743961 14.612033728722366  6.6461303076929505 14.598308881942254  6.6511941637602545 14.584453778989303  6.6562438046190104 14.570470703701856  6.6612792793776432 14.556361842543977  6.6663006558657827 14.542129295228728  6.6713079950212801 14.527775181267941  6.6763013577092529 14.513301611692683  6.6812807991902652 14.498710711658369  6.6862463846141953 14.484004557495483  6.6911982722303893 14.469184840260459  6.6961366103503686 14.454253283104952  6.7010615478202205 14.439211600602079  6.7059732295463794 14.424061509543991  6.7108718037738191 14.408804726425027  6.7157573898246934 14.393442966254321  6.720630086312541 14.377977942868942  6.7254899943742643 14.362411370271806  6.7303372122064333 14.34674496280142  6.7351718364450113 14.330980433288016  6.7399939620358174 14.31511950025946  6.7448036789947707 14.299163802998184  6.749601075321741 14.283114972608114  6.7543862375271884 14.266974642686135  6.759159250024001 14.250744444938769  6.7639201969788205 14.234426016141036  6.7686691537221133 14.21802096866443  6.7734061882870629 14.201530893853816  6.7781313678206088 14.184957390306232  6.7828447597431891 14.168302045089876  6.7875464216915038 14.151566484135977  6.792236445099463 14.134752168294037  6.7969149784913316 14.11786028548522  6.8015821579866849 14.100892075214732  6.8062381216902539 14.083848758518661  6.8108830032467411 14.066731578725394  6.8155169445555241 14.049541696109337  6.8201400998522574 14.032280155380835  6.8247526187527594 14.014948023588907  6.8293546526626159 13.997546361880751  6.8339463389521908 13.980076232601762  6.8385278042829967 13.962538697974722  6.843099176012176 13.944934818465159  6.8476605802212962 13.927265661656724  6.8522121385762267 13.909532255344125  6.8567539698385325 13.891735604901708  6.8612861915025807 13.873876720937687  6.8658089216796556 13.85595661288014  6.8703222670427699 13.837976289313449  6.8748263264441043 13.819936758335635  6.8793211989669292 13.801839026904371  6.8838069829070321 13.783684106921044  6.8882837717869823 13.765472985929422  6.8927516547987979 13.747206630257853  6.897210720821918 13.728886010903349  6.9016610574702248 13.710512097514716  6.9061027514218605 13.692085860464902  6.9105358879903651 13.673608268575371  6.9149605441293449 13.655080250508503  6.9193767960660084 13.6365027362619  6.9237847190419544 13.617876655234046  6.9281843871834088 13.599202937884717  6.9325758742314871 13.580482511027665  6.9369592507045548 13.561716314999394  6.9413345947453413 13.542905238053114  6.9457020282206727 13.524049899188011  6.9500616672942037 13.505150946893574  6.9544136285693758 13.486209021677073  6.9587580274828307 13.46722476648439  6.9630949784923653 13.44819882248926  6.9674245958382555 13.4291318355153  6.9717469898748732 13.410024432364697  6.9760622647668633 13.390877205315983  6.9803705249048349 13.371690752804424  6.9846718736561773 13.352465671612867  6.988966413685854 13.333202558977193  6.9932542468426115 13.313902011973576  6.9975354697571959 13.29456460231992  7.0018101783814739 13.27519090142  7.0060784678980053 13.255781481882469  7.010340432963738 13.236336911757022  7.0145961696462384 13.216857714296712  7.018845773148322 13.197344415605395  7.0230893382790018 13.17779754227144  7.0273269582115399 13.158217615777355  7.0315587225333083 13.138605140873983  7.0357847205618622 13.118960624011699  7.0400050411722157 13.099284573616112  7.0442197712009973 13.079577485678655  7.04842899560375 13.059839844769124  7.0526327989962647 13.04007213754312  7.0568312655046199 13.020274851531187  7.061024476354274 13.000448458452219  7.0652125112686743 12.980593430210353  7.0693954518069066 12.960710230402476  7.073573369609063 12.940799358741273  7.0777463136674452 12.920861401165114  7.0819143359714305 12.900896929442375  7.0860774872619228 12.880906520092203  7.0902358161494412 12.860890740205873  7.0943893701783507 12.840850154930116  7.0985381967464098 12.820785330595269  7.1026823418077196 12.800696830299836  7.1068218491875959 12.780585211471806  7.1109567625271612 12.760451032564983  7.1150871249283378 12.74029485168739  7.1192129773032677 12.720117219468321  7.1233343602763783 12.699918685076662  7.1274513133501554 12.679699802976224  7.1315638799610319 12.659461092618008  7.1356721046553711 12.639203060494602  7.1397760312883864 12.61892621721913  7.1438757027101945 12.598631068143911  7.1479711604620091 12.578318113908006  7.1520624461308415 12.55798785606633  7.1561495996127338 12.537640796097367  7.1602326571575645 12.517277436031341  7.1643116550808594 12.496898277810528  7.1683866292691878 12.476503823384226  7.1724576162113127 12.456094574555328  7.1751689732285708 12.442478880278667  7.1765239991708594 12.435668734678089 
 0 4 0.002840909090909091 1 0.005681818181818182 1 0.0085227272727272721 1 0.011363636363636364 1 0.014204545454545456 1 0.017045454545454544 1 0.019886363636363636 1 0.022727272727272728 1 0.02556818181818182 1 0.028409090909090912 1 0.03125 1 0.034090909090909088 1 0.036931818181818184 1 0.039772727272727272 1 0.042613636363636367 1 0.045454545454545456 1 0.048295454545454544 1 0.05113636363636364 1 0.053977272727272728 1 0.056818181818181823 1 0.059659090909090912 1 0.0625 1 0.065340909090909088 1 0.068181818181818177 1 0.071022727272727279 1 0.073863636363636367 1 0.076704545454545456 1 0.079545454545454544 1 0.082386363636363633 1 0.085227272727272735 1 0.088068181818181823 1 0.090909090909090912 1 0.09375 1 0.096590909090909088 1 0.099431818181818191 1 0.10227272727272728 1 0.10511363636363637 1 0.10795454545454546 1 0.11079545454545454 1 0.11363636363636365 1 0.11647727272727273 1 0.11931818181818182 1 0.12215909090909091 1 0.125 1 0.12784090909090909 1 0.13068181818181818 1 0.13352272727272727 1 0.13636363636363635 1 0.13920454545454547 1 0.14204545454545456 1 0.14488636363636365 1 0.14772727272727273 1 0.15056818181818182 1 0.15340909090909091 1 0.15625 1 0.15909090909090909 1 0.16193181818181818 1 0.16477272727272727 1 0.16761363636363638 1 0.17045454545454547 1 0.17329545454545456 1 0.17613636363636365 1 0.17897727272727273 1 0.18181818181818182 1 0.18465909090909091 1 0.1875 1 0.19034090909090909 1 0.19318181818181818 1 0.19602272727272727 1 0.19886363636363638 1 0.20170454545454547 1 0.20454545454545456 1 0.20738636363636365 1 0.21022727272727273 1 0.21306818181818182 1 0.21590909090909091 1 0.21875 1 0.22159090909090909 1 0.22443181818181818 1 0.22727272727272729 1 0.23011363636363638 1 0.23295454545454547 1 0.23579545454545456 1 0.23863636363636365 1 0.24147727272727273 1 0.24431818181818182 1 0.24715909090909091 1 0.25 1 0.25284090909090912 1 0.25568181818181818 1 0.25852272727272729 1 0.26136363636363635 1 0.26420454545454547 1 0.26704545454545453 1 0.26988636363636365 1 0.27272727272727271 1 0.27556818181818182 1 0.27840909090909094 1 0.28125 1 0.28409090909090912 1 0.28693181818181818 1 0.28977272727272729 1 0.29261363636363635 1 0.29545454545454547 1 0.29829545454545453 1 0.30113636363636365 1 0.30397727272727276 1 0.30681818181818182 1 0.30965909090909094 1 0.3125 1 0.31534090909090912 1 0.31818181818181818 1 0.32102272727272729 1 0.32386363636363635 1 0.32670454545454547 1 0.32954545454545453 1 0.33238636363636365 1 0.33522727272727276 1 0.33806818181818182 1 0.34090909090909094 1 0.34375 1 0.34659090909090912 1 0.34943181818181818 1 0.35227272727272729 1 0.35511363636363635 1 0.35795454545454547 1 0.36079545454545453 1 0.36363636363636365 1 0.36647727272727276 1 0.36931818181818182 1 0.37215909090909094 1 0.375 1 0.37784090909090912 1 0.38068181818181818 1 0.38352272727272729 1 0.38636363636363635 1 0.38920454545454547 1 0.39204545454545453 1 0.39488636363636365 1 0.39772727272727276 1 0.40056818181818182 1 0.40340909090909094 1 0.40625 1 0.40909090909090912 1 0.41193181818181818 1 0.41477272727272729 1 0.41761363636363635 1 0.42045454545454547 1 0.42329545454545453 1 0.42613636363636365 1 0.42897727272727276 1 0.43181818181818182 1 0.43465909090909094 1 0.4375 1 0.44034090909090912 1 0.44318181818181818 1 0.44602272727272729 1 0.44886363636363635 1 0.45170454545454547 1 0.45454545454545459 1 0.45738636363636365 1 0.46022727272727276 1 0.46306818181818182 1 0.46590909090909094 1 0.46875 1 0.47159090909090912 1 0.47443181818181818 1 0.47727272727272729 1 0.48011363636363635 1 0.48295454545454547 1 0.48579545454545459 1 0.48863636363636365 1 0.49147727272727276 1 0.49431818181818182 1 0.49715909090909094 1 0.5 1 0.50284090909090906 1 0.50568181818181823 1 0.50852272727272729 1 0.51136363636363635 1 0.51420454545454541 1 0.51704545454545459 1 0.51988636363636365 1 0.52272727272727271 1 0.52556818181818188 1 0.52840909090909094 1 0.53125 1 0.53409090909090906 1 0.53693181818181823 1 0.53977272727272729 1 0.54261363636363635 1 0.54545454545454541 1 0.54829545454545459 1 0.55113636363636365 1 0.55397727272727271 1 0.55681818181818188 1 0.55965909090909094 1 0.5625 1 0.56534090909090906 1 0.56818181818181823 1 0.57102272727272729 1 0.57386363636363635 1 0.57670454545454553 1 0.57954545454545459 1 0.58238636363636365 1 0.58522727272727271 1 0.58806818181818188 1 0.59090909090909094 1 0.59375 1 0.59659090909090906 1 0.59943181818181823 1 0.60227272727272729 1 0.60511363636363635 1 0.60795454545454553 1 0.61079545454545459 1 0.61363636363636365 1 0.61647727272727271 1 0.61931818181818188 1 0.62215909090909094 1 0.625 1 0.62784090909090906 1 0.63068181818181823 1 0.63352272727272729 1 0.63636363636363635 1 0.63920454545454553 1 0.64204545454545459 1 0.64488636363636365 1 0.64772727272727271 1 0.65056818181818188 1 0.65340909090909094 1 0.65625 1 0.65909090909090906 1 0.66193181818181823 1 0.66477272727272729 1 0.66761363636363635 1 0.67045454545454553 1 0.67329545454545459 1 0.67613636363636365 1 0.67897727272727271 1 0.68181818181818188 1 0.68465909090909094 1 0.6875 1 0.69034090909090906 1 0.69318181818181823 1 0.69602272727272729 1 0.69886363636363635 1 0.70170454545454553 1 0.70454545454545459 1 0.70738636363636365 1 0.71022727272727271 1 0.71306818181818188 1 0.71590909090909094 1 0.71875 1 0.72159090909090906 1 0.72443181818181823 1 0.72727272727272729 1 0.73011363636363635 1 0.73295454545454553 1 0.73579545454545459 1 0.73863636363636365 1 0.74147727272727271 1 0.74431818181818188 1 0.74715909090909094 1 0.75 1 0.75284090909090906 1 0.75568181818181823 1 0.75852272727272729 1 0.76136363636363635 1 0.76420454545454553 1 0.76704545454545459 1 0.76988636363636365 1 0.77272727272727271 1 0.77556818181818188 1 0.77840909090909094 1 0.78125 1 0.78409090909090906 1 0.78693181818181823 1 0.78977272727272729 1 0.79261363636363635 1 0.79545454545454553 1 0.79829545454545459 1 0.80113636363636365 1 0.80397727272727271 1 0.80681818181818188 1 0.80965909090909094 1 0.8125 1 0.81534090909090906 1 0.81818181818181823 1 0.82102272727272729 1 0.82386363636363635 1 0.82670454545454553 1 0.82954545454545459 1 0.83238636363636365 1 0.83522727272727271 1 0.83806818181818188 1 0.84090909090909094 1 0.84375 1 0.84659090909090906 1 0.84943181818181823 1 0.85227272727272729 1 0.85511363636363635 1 0.85795454545454553 1 0.86079545454545459 1 0.86363636363636365 1 0.86647727272727271 1 0.86931818181818188 1 0.87215909090909094 1 0.875 1 0.87784090909090906 1 0.88068181818181823 1 0.88352272727272729 1 0.88636363636363635 1 0.88920454545454553 1 0.89204545454545459 1 0.89488636363636365 1 0.89772727272727271 1 0.90056818181818188 1 0.90340909090909094 1 0.90625 1 0.90909090909090917 1 0.91193181818181823 1 0.91477272727272729 1 0.91761363636363635 1 0.92045454545454553 1 0.92329545454545459 1 0.92613636363636365 1 0.92897727272727271 1 0.93181818181818188 1 0.93465909090909094 1 0.9375 1 0.94034090909090917 1 0.94318181818181823 1 0.94602272727272729 1 0.94886363636363635 1 0.95170454545454553 1 0.95454545454545459 1 0.95738636363636365 1 0.96022727272727271 1 0.96306818181818188 1 0.96590909090909094 1 0.96875 1 0.97159090909090917 1 0.97443181818181823 1 0.97727272727272729 1 0.98011363636363635 1 0.98295454545454553 1 0.98579545454545459 1 0.98863636363636365 1 0.99147727272727271 1 0.99431818181818188 1 0.99715909090909094 1 1 4
1 5.6237744386128687 2 -1 0 
1 5.1174357464194138 1.9999999999998934 0 1 
7 0 0  3 91 89  4.7123889803846968 5.8785717313568995  4.7102819291141937 5.8799511777735933  4.7060678252471444 5.8827100274405444  4.699746544673201 5.8869464457682934  4.6934250185064856 5.8913792802602734  4.6871031260121763 5.8961068067175093  4.6807807456291304 5.9012272880744847  4.6744577585522915 5.9068390352673372  4.6681340318314977 5.913040120350689  4.6618094192772466 5.9199283976192962  4.6554837812740359 5.92760182899129  4.6491569615582948 5.9361581286097804  4.6428288691561415 5.9456959966760108  4.6364995009596726 5.9563155499439695  4.6301689170420577 5.9681176308128663  4.6238368088544357 5.9811983596458269  4.6175023819518328 5.9956428620628994  4.6111649794987519 6.0115515351527717  4.6048228882116913 6.0287760653234814  4.5984739984677718 6.0471363004655965  4.5921174763669317 6.0665073194498609  4.5857562584427898 6.0869137854659652  4.5793927808671615 6.108360066480385  4.5730294379757783 6.1308513897734915  4.5666676224583584 6.1543661488888146  4.5603088489233183 6.1788858889347642  4.5539545821634437 6.2043914493937979  4.5476073509829407 6.2308602316764068  4.5412695624370718 6.2582712407972769  4.5349441175862468 6.2865971837900441  4.5286316199190697 6.315840201347954  4.5223302510229111 6.3460334734399888  4.5160387031695066 6.3772036762585822  4.5097555366711788 6.4093792296750349  4.5034802741520048 6.4425389573126211  4.497212435605757 6.476661885761172  4.4909515221612812 6.5117267321226278  4.484697122655116 6.5477132624718726  4.4784496226738861 6.5846106285272894  4.4722093450271236 6.6224073449077103  4.4659766470226199 6.6610918301368747  4.459751821016205 6.7006535320507874  4.453534337096352 6.7410961781342307  4.4473237105438814 6.7824227708284957  4.4411194575912898 6.8246361660989665  4.4349210547078295 6.8677405308581418  4.4287281892121708 6.9117336309312254  4.4225407638566878 6.95660665818514  4.4163586423246661 7.0023521367851043  4.4101816828054181 7.0489624324266567  4.4040098124070193 7.0964292123854049  4.3978426515136002 7.1447475977219685  4.3916793685923636 7.193917822452641  4.3855192118767166 7.2439391856373527  4.3793614342961602 7.294811078948169  4.3732051935443357 7.3465334585650144  4.3670500656636859 7.3991036987049261  4.3608965889288553 7.4525132046941955  4.3547451498936471 7.506754324644624  4.3485961592808682 7.5618192720288029  4.3424500854677968 7.6176998560904767  4.3363070882473762 7.6743900199655481  4.3301669505985343 7.7318863301032943  4.324029542754384 7.7901846977904956  4.3178946743588877 7.84928165833165  4.3117623140212302 7.909171887895357  4.3056340959762602 7.9698302475742455  4.299511559210873 8.0312327947965372  4.2933962263259673 8.0933556839881522  4.287289790873257 8.1561734852481642  4.2811932192482081 8.2196676339518273  4.2751058281458159 8.2838351472173084  4.2690272083891205 8.3486704977306232  4.2629568771918143 8.4141687756791725  4.2568943840298399 8.4803251456768791  4.2508392357187654 8.5471338571303512  4.2447911237022744 8.6145935389538373  4.2387499518237179 8.6827079486804237  4.232715582582542 8.7514798175780566  4.226687890370842 8.8209120748948013  4.2206667520272649 8.8910078842231623  4.2146520314714584 8.9617692737978114  4.2086436506955405 9.0332025789405197  4.2026412510003635 9.105292709047049  4.1966442453870227 9.1780071929519327  4.1906520983321567 9.2513174170369759  4.1846642615454845 9.3251937340554605  4.1786801914390734 9.3996067737274185  4.1726993444809857 9.4745270915344051  4.168713901022862 9.5247925391416057  4.1667215359234522 9.5500000001721972 
 0 4 0.011363636363636364 1 0.022727272727272728 1 0.034090909090909088 1 0.045454545454545456 1 0.056818181818181823 1 0.068181818181818177 1 0.079545454545454544 1 0.090909090909090912 1 0.10227272727272728 1 0.11363636363636365 1 0.125 1 0.13636363636363635 1 0.14772727272727273 1 0.15909090909090909 1 0.17045454545454547 1 0.18181818181818182 1 0.19318181818181818 1 0.20454545454545456 1 0.21590909090909091 1 0.22727272727272729 1 0.23863636363636365 1 0.25 1 0.26136363636363635 1 0.27272727272727271 1 0.28409090909090912 1 0.29545454545454547 1 0.30681818181818182 1 0.31818181818181818 1 0.32954545454545453 1 0.34090909090909094 1 0.35227272727272729 1 0.36363636363636365 1 0.375 1 0.38636363636363635 1 0.39772727272727276 1 0.40909090909090912 1 0.42045454545454547 1 0.43181818181818182 1 0.44318181818181818 1 0.45454545454545459 1 0.46590909090909094 1 0.47727272727272729 1 0.48863636363636365 1 0.5 1 0.51136363636363635 1 0.52272727272727271 1 0.53409090909090906 1 0.54545454545454541 1 0.55681818181818188 1 0.56818181818181823 1 0.57954545454545459 1 0.59090909090909094 1 0.60227272727272729 1 0.61363636363636365 1 0.625 1 0.63636363636363635 1 0.64772727272727271 1 0.65909090909090906 1 0.67045454545454553 1 0.68181818181818188 1 0.69318181818181823 1 0.70454545454545459 1 0.71590909090909094 1 0.72727272727272729 1 0.73863636363636365 1 0.75 1 0.76136363636363635 1 0.77272727272727271 1 0.78409090909090906 1 0.79545454545454553 1 0.80681818181818188 1 0.81818181818181823 1 0.82954545454545459 1 0.84090909090909094 1 0.85227272727272729 1 0.86363636363636365 1 0.875 1 0.88636363636363635 1 0.89772727272727271 1 0.90909090909090917 1 0.92045454545454553 1 0.93181818181818188 1 0.94318181818181823 1 0.95454545454545459 1 0.96590909090909094 1 0.97727272727272729 1 0.98863636363636365 1 1 4
7 0 0  3 91 89  0.020390141580347357 0  0.020389356890488364 0.00087523605294462941  0.02039509957945455 0.0026212875064577108  0.020425596307608328 0.0052270839131116943  0.020477922374092357 0.0078195700557101323  0.020552023880124393 0.010398753802647962  0.020647847171401033 0.012964667020919727  0.020765337818808058 0.015517367025964693  0.020904444858638047 0.018056941577537625  0.021065120241978073 0.020583507818712501  0.02124731515475543 0.023097203838037043  0.02145098151210096 0.025598197036355831  0.021676069038384843 0.028086652003402598  0.021922525151760745 0.030562722438285179  0.022190293569176917 0.033026561110604119  0.022479337536496828 0.035478482150261226  0.022789650025699944 0.037918991781466085  0.023121205948072435 0.040348574357419613  0.02347423509844223 0.042767867761210616  0.023849015904726781 0.045177569183152286  0.024245708770851904 0.047577901546022636  0.024664132065630503 0.049967836984698089  0.02510415235615035 0.052346538136775693  0.025565622151241488 0.054713203895538763  0.026048398071131303 0.057067389001741312  0.026552334389122138 0.059408612761321103  0.027077287407682119 0.061736418489557569  0.027622924551850222 0.064049981395003827  0.02818892113208419 0.06634853788576274  0.02877491233236712 0.068631153516958643  0.029380716343285485 0.070897768198797409  0.030006345851762529 0.073149226385881616  0.03065177347700257 0.075386175466986963  0.031316983255183208 0.077609307744766445  0.032001944578324323 0.079818880515807308  0.032706626850254696 0.082015144179849203  0.033431002554519779 0.084198347177105587  0.034175032317603209 0.086368702509056719  0.034938566697554373 0.088526171596862602  0.035721464977974952 0.090670736405921756  0.036523581888994822 0.092802367284974777  0.037344780634269055 0.094921058506299338  0.038185031420596684 0.097027101903588736  0.039044298830499431 0.099120769765070005  0.039922548097764916 0.10120233084335004  0.040819748414380991 0.10327206696708083  0.041735849407260474 0.10533017399043197  0.042670780678376215 0.10737676027530295  0.043624475071791603 0.10941194786011534  0.044596868159495429 0.11143585756850376  0.045587881345862891 0.11344858587199573  0.046597499050062594 0.11545032714261759  0.047625798308333217 0.11744141844442908  0.048672839916455379 0.11942216550936935  0.049738684938705514 0.12139286794600347  0.050823410970553221 0.1233538503324163  0.051927024164519463 0.12530530136812618  0.053049365309852194 0.12724710839046655  0.054190301134046256 0.12917920804311264  0.055349694228586231 0.13110153062706401  0.056527396610373135 0.13301399016133666  0.057723315467665105 0.13491659677027482  0.058937425721072106 0.13680947532377455  0.060169686082388638 0.13869272230830587  0.061420068423176939 0.14056645143466931  0.062688507864254325 0.14243072609589844  0.063974549831984584 0.1442851054754512  0.065277762376119666 0.14612918437350514  0.066597715747973865 0.14796256803990249  0.067933945192851786 0.14978481621128278  0.069286133743583 0.15159571171869826  0.070654301292087732 0.15339552953347446  0.072038412345014499 0.15518445917681492  0.073438446901755661 0.15696270890697753  0.074854379065110999 0.15873047554082353  0.076286191691785923 0.16048796131966275  0.077733832910149098 0.16223533087503056  0.079197210703064846 0.16397270846794088  0.080676241286508646 0.16570022580903404  0.08217083918534944 0.16741801171909737  0.083680918235032251 0.16912619514115484  0.085206397577107115 0.1708249034345499  0.086747176754780012 0.17251426619138699  0.088303253914469998 0.1741943981798651  0.089874706863423873 0.17586539722919042  0.091461595393557762 0.17752735748505971  0.093063983720477972 0.17918036654965946  0.094681934389689956 0.18082450622540902  0.096315509905797972 0.18245985311136187  0.097415017963410372 0.18354426848368394  0.097967396745036975 0.18408503405597487 
 0 4 0.011363636363636364 1 0.022727272727272728 1 0.034090909090909088 1 0.045454545454545456 1 0.056818181818181823 1 0.068181818181818177 1 0.079545454545454544 1 0.090909090909090912 1 0.10227272727272728 1 0.11363636363636365 1 0.125 1 0.13636363636363635 1 0.14772727272727273 1 0.15909090909090909 1 0.17045454545454547 1 0.18181818181818182 1 0.19318181818181818 1 0.20454545454545456 1 0.21590909090909091 1 0.22727272727272729 1 0.23863636363636365 1 0.25 1 0.26136363636363635 1 0.27272727272727271 1 0.28409090909090912 1 0.29545454545454547 1 0.30681818181818182 1 0.31818181818181818 1 0.32954545454545453 1 0.34090909090909094 1 0.35227272727272729 1 0.36363636363636365 1 0.375 1 0.38636363636363635 1 0.39772727272727276 1 0.40909090909090912 1 0.42045454545454547 1 0.43181818181818182 1 0.44318181818181818 1 0.45454545454545459 1 0.46590909090909094 1 0.47727272727272729 1 0.48863636363636365 1 0.5 1 0.51136363636363635 1 0.52272727272727271 1 0.53409090909090906 1 0.54545454545454541 1 0.55681818181818188 1 0.56818181818181823 1 0.57954545454545459 1 0.59090909090909094 1 0.60227272727272729 1 0.61363636363636365 1 0.625 1 0.63636363636363635 1 0.64772727272727271 1 0.65909090909090906 1 0.67045454545454553 1 0.68181818181818188 1 0.69318181818181823 1 0.70454545454545459 1 0.71590909090909094 1 0.72727272727272729 1 0.73863636363636365 1 0.75 1 0.76136363636363635 1 0.77272727272727271 1 0.78409090909090906 1 0.79545454545454553 1 0.80681818181818188 1 0.81818181818181823 1 0.82954545454545459 1 0.84090909090909094 1 0.85227272727272729 1 0.86363636363636365 1 0.875 1 0.88636363636363635 1 0.89772727272727271 1 0.90909090909090917 1 0.92045454545454553 1 0.93181818181818188 1 0.94318181818181823 1 0.95454545454545459 1 0.96590909090909094 1 0.97727272727272729 1 0.98863636363636365 1 1 4
1 6.2831853071795862 0 0 1 
1 0 0 0 1 
1 0 -31.199999999999903 1 0 
7 0 0  1 2 2  3.1370124849072063 -31.062132034355898  3.1328026788558248 -31.199999999999903 
 0 2 1 2
7 0 0  3 47 45  3.1370124849072063 -31.062132034355898  3.1370687618050628 -31.060401543165096  3.1371826027925742 -31.056984116868602  3.1373572700722061 -31.05200300453868  3.1375358873677204 -31.047181278012037  3.1377184989157367 -31.042533296575805  3.1379051488879668 -31.038073417293262  3.1380958817027267 -31.033816005524983  3.1382907408628533 -31.029775395665894  3.1384897732925285 -31.025966037676163  3.1386930131519435 -31.022401950220516  3.1389005422417551 -31.019098761580924  3.1391120480033621 -31.016058775564176  3.1393271270642504 -31.013281227428401  3.1395453993850175 -31.010766141324471  3.139766478774126 -31.008513331504137  3.1399899803196352 -31.006522662922006  3.1402155201486526 -31.004794007621168  3.140442708958961 -31.003327158587162  3.1406711787186303 -31.002122226696823  3.1409006826248973 -31.001181138026869  3.141130961350413 -31.000505631621184  3.1413617589018816 -31.00009749444871  3.1415928184737627 -30.99995850881044  3.1418238831756788 -31.000090427754643  3.1420546972698702 -31.000495126007852  3.1422849688122714 -31.001170827005978  3.1425144044461479 -31.002115611960864  3.1427427111625796 -31.003327598147582  3.1429695959679496 -31.004804900477072  3.1431947654577908 -31.006545607254147  3.1434179278547631 -31.008547915571739  3.1436387802947454 -31.010809278951019  3.1438570161548665 -31.013326895350911  3.1440723296371971 -31.016098030247683  3.1442844151425469 -31.019119917609803  3.1444929654456288 -31.022389849919112  3.1446976796215438 -31.025904917111724  3.1448982331654669 -31.029662960793608  3.1450944489415633 -31.033657127564165  3.1452862108064803 -31.037878620931817  3.1454733876455663 -31.04231912131268  3.1456558523543716 -31.046970181335663  3.1458334767525535 -31.051823387871021  3.1460061329469884 -31.056870318610883  3.1461178396261413 -31.060358475349243  3.1461728222781939 -31.062132034355898 
 0 4 0.022727272727272728 1 0.045454545454545456 1 0.068181818181818177 1 0.090909090909090912 1 0.11363636363636365 1 0.13636363636363635 1 0.15909090909090909 1 0.18181818181818182 1 0.20454545454545456 1 0.22727272727272729 1 0.25 1 0.27272727272727271 1 0.29545454545454547 1 0.31818181818181818 1 0.34090909090909094 1 0.36363636363636365 1 0.38636363636363635 1 0.40909090909090912 1 0.43181818181818182 1 0.45454545454545459 1 0.47727272727272729 1 0.5 1 0.52272727272727271 1 0.54545454545454541 1 0.56818181818181823 1 0.59090909090909094 1 0.61363636363636365 1 0.63636363636363635 1 0.65909090909090906 1 0.68181818181818188 1 0.70454545454545459 1 0.72727272727272729 1 0.75 1 0.77272727272727271 1 0.79545454545454553 1 0.81818181818181823 1 0.84090909090909094 1 0.86363636363636365 1 0.88636363636363635 1 0.90909090909090917 1 0.93181818181818188 1 0.95454545454545459 1 0.97727272727272729 1 1 4
7 0 0  3 47 45  3.9269908169872649 2.2503435132514014  3.9389032629265435 2.2503350717167439  3.9627478693663636 2.250318294477724  3.9985438394135424 2.2502935213764972  4.0343356431495385 2.2502692162991456  4.0701010557837654 2.250245454511707  4.1058255124066569 2.2502223112823536  4.1415033419606226 2.2501998618711023  4.1771375402255453 2.250178181568621  4.2127402580582318 2.2501573455509978  4.2483314448089136 2.2501374294221228  4.2839438270436947 2.2501185071890002  4.3195880991170119 2.2501006660775458  4.3552642636673164 2.250083996353117  4.390970497814501 2.2500685875156909  4.4267012513739541 2.2500545292094762  4.4624481106874088 2.2500419112668784  4.4982002460326331 2.2500308226234114  4.5339438827869438 2.2500213556139079  4.56966629496966 2.250013589514551  4.605371319302364 2.2500075292727981  4.6410616855595856 2.2500031875252868  4.6767412534509898 2.2500005748222489  4.7124146607807464 2.249999702370352  4.7480875113407643 2.250000580836887  4.7837669626581896 2.2500032223904358  4.8194541873162313 2.2500075957273231  4.8551490886566198 2.25001366788779  4.8908510409959653 2.2500214062180635  4.9265590265285786 2.2500307784926674  4.9622717779837915 2.2500417504667851  4.9979885163692099 2.2500542955447487  5.0337061248423112 2.2500683351438791  5.0694207118529215 2.2500837728977348  5.1051289920185008 2.2501005168938528  5.1408283078651236 2.250118473999577  5.1765168633191134 2.2501375515092144  5.212194384370461 2.2501576562291983  5.2478608223071026 2.2501786964907482  5.2835257471908594 2.250200571233461  5.3191989873907914 2.2502231755138768  5.3548862153067853 2.2502464053417168  5.390590239758783 2.2502701564711902  5.4263107841376472 2.2502943247249938  5.4620450533023286 2.2503188059075074  5.4858728711336768 2.2503352658544959  5.497787143782138 2.2503435132522966 
 0 4 0.022727272727272728 1 0.045454545454545456 1 0.068181818181818177 1 0.090909090909090912 1 0.11363636363636365 1 0.13636363636363635 1 0.15909090909090909 1 0.18181818181818182 1 0.20454545454545456 1 0.22727272727272729 1 0.25 1 0.27272727272727271 1 0.29545454545454547 1 0.31818181818181818 1 0.34090909090909094 1 0.36363636363636365 1 0.38636363636363635 1 0.40909090909090912 1 0.43181818181818182 1 0.45454545454545459 1 0.47727272727272729 1 0.5 1 0.52272727272727271 1 0.54545454545454541 1 0.56818181818181823 1 0.59090909090909094 1 0.61363636363636365 1 0.63636363636363635 1 0.65909090909090906 1 0.68181818181818188 1 0.70454545454545459 1 0.72727272727272729 1 0.75 1 0.77272727272727271 1 0.79545454545454553 1 0.81818181818181823 1 0.84090909090909094 1 0.86363636363636365 1 0.88636363636363635 1 0.90909090909090917 1 0.93181818181818188 1 0.95454545454545459 1 0.97727272727272729 1 1 4
7 0 0  1 2 2  3.1503826283295719 -31.199999999999903  3.1461728222781939 -31.062132034355997 
 0 2 1 2
1 3.1503826283295737 -31.199999999999903 1 0 
1 4.5967381739179922 5.5915619758879984 1 0 
7 0 0  3 25 23  4.6581870988776757 5.5915619758875934  4.6580707120520968 5.5371326267024452  4.6578379383228965 5.4282749229300515  4.6574887775162583 5.2649913809300726  4.6571396165180694 5.1017108824540776  4.6567904553496078 4.9384334573658197  4.6564412940321613 4.7751591355282841  4.6560921325870108 4.6118879468032059  4.6557429710354423 4.4486199210512964  4.6553938093987384 4.2853550881321372  4.6550446476981824 4.122093477904115  4.6546954859550578 3.9588351202245411  4.6543463241906524 3.7955800449495083  4.6539971624262426 3.6323282819338827  4.6536480006831198 3.4690798610314264  4.6532988389825656 3.3058348120945364  4.6529496773458598 3.1425931649744694  4.6526005157942905 2.9793549495211837  4.6522513543491408 2.8161201955832817  4.6519021930316944 2.652888933008219  4.6515530318632328 2.4896611916419635  4.6512038708650429 2.3264370013292197  4.6508547100584048 2.1632163919134948  4.6506219363292054 2.05440505946201  4.6505055495036265 1.9999999999996945 
 0 4 0.045454545454545456 1 0.090909090909090912 1 0.13636363636363635 1 0.18181818181818182 1 0.22727272727272729 1 0.27272727272727271 1 0.31818181818181818 1 0.36363636363636365 1 0.40909090909090912 1 0.45454545454545459 1 0.5 1 0.54545454545454541 1 0.59090909090909094 1 0.63636363636363635 1 0.68181818181818188 1 0.72727272727272729 1 0.77272727272727271 1 0.81818181818181823 1 0.86363636363636365 1 0.90909090909090917 1 0.95454545454545459 1 1 4
1 4.6505055495036283 2 -1 0 
7 0 0  3 25 23  4.5890144657782876 1.9999999999997939  4.5891314913683079 2.0543919637753807  4.5893655426276787 2.1631782961561115  4.5897166197330943 2.3263649790577365  4.5900676970332404 2.4895588161328459  4.5904187745064711 2.6527597772205445  4.5907698521311557 2.8159678321576829  4.5911209298856566 2.9791829507782142  4.5914720077483411 3.1424051029135676  4.5918230856975661 3.3056342583924692  4.5921741637117037 3.468870387041  4.5925252417691116 3.6321134586827055  4.5928763198481555 3.7953634431385641  4.5932273979272003 3.9586203102268609  4.5935784759846081 4.1218840297635069  4.593929553998743 4.2851545715617352  4.5942806319479725 4.4484319054323942  4.5946317098106544 4.6117160011837468  4.5949827875651561 4.7750068286216498  4.5953338651898408 4.9383043575494723  4.5956849426630715 5.1016085577681656  4.5960360199632158 5.2649193990762502  4.5963870970686322 5.4282368512700279  4.5966211483280048 5.5371195398517079  4.5967381739180242 5.5915619758879984 
 0 4 0.045454545454545456 1 0.090909090909090912 1 0.13636363636363635 1 0.18181818181818182 1 0.22727272727272729 1 0.27272727272727271 1 0.31818181818181818 1 0.36363636363636365 1 0.40909090909090912 1 0.45454545454545459 1 0.5 1 0.54545454545454541 1 0.59090909090909094 1 0.63636363636363635 1 0.68181818181818188 1 0.72727272727272729 1 0.77272727272727271 1 0.81818181818181823 1 0.86363636363636365 1 0.90909090909090917 1 0.95454545454545459 1 1 4
1 7.1765239991683609 2.4000000000000004 0 1 
7 0 0  3 311 309  4.7123889806440697 10.851477969654589  4.7130362200005429 10.854878789805445  4.7143316024681514 10.861679129965799  4.7162773855553546 10.871875583074877  4.7182258761262004 10.882067822345181  4.7201770723624428 10.892255691069304  4.7221309725010787 10.902439032539899  4.7240875748422315 10.91261769004967  4.7260468777473932 10.922791506891002  4.7280088796395532 10.932960326357428  4.7299735790055655 10.943123991738338  4.7319409743876006 10.953282346338383  4.7339110644159899 10.9634352334055  4.7358838476581564 10.973582496463537  4.7378593226343861 10.983723979278022  4.7398374879518288 10.993859525561659  4.7418183422742448 11.003988979041305  4.7438018843304022 11.014112183439932  4.7457881129117281 11.024228982482065  4.747777026874382 11.03433921988972  4.7497686251343296 11.044442739393528  4.7517629066859506 11.054539384692193  4.7537598705335826 11.064628999603389  4.7557595159599062 11.07471142747405  4.7577618430231992 11.084786510087168  4.759766851747659 11.094854089442714  4.76177454224855 11.104914007482519  4.7637849146988902 11.114966106163898  4.7657979693384105 11.125010227440431  4.7678137064716957 11.135046213265031  4.7698321264674339 11.145073905597238  4.7718532297639786 11.155093146370527  4.7738770168485782 11.165103777616125  4.7759034883369713 11.175105640991873  4.7779326453218767 11.18509857572317  4.7799644889237305 11.195082421266504  4.7819990203401934 11.205057017016632  4.7840362408330002 11.215022202384137  4.7860761517316543 11.224977816778141  4.7881187544322668 11.234923699597644  4.7901640503990537 11.244859690283723  4.7922120411599982 11.254785628119143  4.7942627283231607 11.264701352977948  4.7963161135108381 11.2746067022743  4.7983721983064234 11.284501508444375  4.8004309843806912 11.294385604778446  4.8024924734684165 11.304258824338106  4.8045566673748414 11.314121000245686  4.8066235679735634 11.323971965609214  4.808693177209018 11.333811553533096  4.8107654970890614 11.34363959715068  4.8128405297125738 11.353455929483141  4.8149182771667762 11.363260383971326  4.8169987421032756 11.373052791492819  4.8190819274617196 11.382832981802434  4.8211678362002885 11.392600784928989  4.823256471362817 11.402356030827292  4.8253478360606197 11.412098549474274  4.8274419334781955 11.421828170832377  4.8295387668687013 11.431544724899753  4.8316383395665472 11.441248041546388  4.8337406549415691 11.450937951119046  4.8358457165858661 11.460614281974555  4.8379535284619593 11.470276858553419  4.8400640945552542 11.479925505975189  4.8421774189392233 11.489560049177173  4.8442935057576655 11.499180313146669  4.8464123592303183 11.508786122853277  4.8485339836481112 11.518377303287291  4.8506583833864356 11.527953679374015  4.8527855628566101 11.537515076278019  4.8549155266931345 11.547061318231172  4.8570482802155421 11.5565922256609  4.8591838287444507 11.566107619469413  4.8613221776986686 11.575607320433642  4.8634633325656944 11.585091149356769  4.8656072989221908 11.59455892706233  4.8677540823812189 11.604010474266156  4.8699036887823075 11.613445612094502  4.8720561234835262 11.622864160139724  4.8742113942539369 11.632265944410236  4.8763695134761686 11.641650803371295  4.8785304928253304 11.651018573317932  4.8806943442700073 11.660369091125506  4.8828610798025966 11.669702193518347  4.8850307115147062 11.679017717244609  4.8872032515630561 11.68831549910804  4.8893787122281571 11.697595375666324  4.8915571057114011 11.706857184405767  4.8937384450982151 11.716100758098607  4.8959227441669313 11.725325925965796  4.8981100166472427 11.734532518027526  4.9003002763922243 11.743720364090629  4.9024935373324485 11.752889294016205  4.9046898134847625 11.762039137661592  4.9068891189602351 11.771169724844901  4.9090914679207529 11.780280885544979  4.9112968747431305 11.789372449130768  4.9135053553381658 11.798444238241309  4.9157169256154454 11.807496075961012  4.9179316016032821 11.816527785253935  4.9201493994150951 11.825539189120075  4.9223703352604966 11.834530110536152  4.92459442543114 11.843500372535891  4.9268216863427545 11.852449797948424  4.929052134377522 11.861378210364151  4.9312857873481359 11.870285425105394  4.9335226633636422 11.879171256286648  4.9357627805814177 11.888035518339597  4.9380061572717047 11.89687802560981  4.9402528117992643 11.90569859247006  4.9425027626282114 11.914497033270459  4.9447560283167844 11.923273162424538  4.9470126275291459 11.932026794114687  4.9492725796180137 11.940757729559742  4.9515359040347535 11.949465770191454  4.9538026203389052 11.958150717389387  4.956072748197907 11.966812372529072  4.9583463073741925 11.975450537054284  4.960623317772483 11.984065012139853  4.9629037992587879 11.992655599968101  4.9651877723942475 12.001222098522078  4.9674752590365161 12.009764297396778  4.9697662809539862 12.018281987634715  4.9720608600840563 12.026774959886792  4.9743590184592419 12.035243004922712  4.9766607782392009 12.043685913428572  4.9789661616509884 12.052103476306131  4.9812751911918296 12.060495483671902  4.9835878914987717 12.068861715796736  4.9859042872114223 12.077201953542261  4.9882244031240006 12.085515977608864  4.9905482641409362 12.093803568751184  4.9928758952960415 12.102064507667885  4.9952073217138784 12.110298575227551  4.9975425687388917 12.118505551672527  4.9998816638413457 12.126685205024678  5.0022246345461987 12.13483730385223  5.0045715085096898 12.142961616474627  5.0069223135948038 12.15105791166005  5.0092770774854598 12.15912595663052  5.0116358291468508 12.167165524343966  5.0139985927557085 12.175176363348045  5.016365384215594 12.183158180415923  5.0187362211005793 12.191110689935776  5.0211111207148642 12.199033604233694  5.0234901006005641 12.206926636269166  5.0258731784428354 12.214789498530079  5.028260371937467 12.222621904757338  5.0306517000422764 12.230423558392612  5.0330471821096783 12.238194160622005  5.035446837575309 12.245933413179968  5.0378506860280998 12.25364101777765  5.0402587472271847 12.261316675670994  5.0426710409593944 12.268960089960052  5.0450875877786796 12.276570953767685  5.0475084087792341 12.28414895402536  5.0499335251216273 12.291693779075977  5.0523629581302041 12.299205116992074  5.0547967293210583 12.306682655516299  5.057234860187247 12.314126083981131  5.0596773734721205 12.321535081560549  5.0621242925379564 12.328909323281357  5.064575640767468 12.336248485178551  5.0670314418423734 12.343552243058619  5.0694917191842883 12.350820272633989  5.0719564979748535 12.358052250249802  5.0744258101640405 12.365247854958138  5.0768996870554153 12.372406765453537  5.0793781603312711 12.379528660599965  5.0818612618174601 12.386613218941333  5.0843490233894864 12.393660120132148  5.0868414788698484 12.400669028777795  5.08933866245318 12.407639607904231  5.0918406084526326 12.414571520971336  5.0943473514109732 12.421464431263127  5.0968589258968713 12.428318002332954  5.0993753713962979 12.435131890015173  5.101896727735145 12.441905749961753  5.1044230349424886 12.448639237585951  5.1069543330237845 12.455332009437869  5.1094906630420267 12.461983717474304  5.1120320687431953 12.468593998278562  5.1145785943096405 12.47516249214091  5.1171302819575786 12.4816888328614  5.1196871825358512 12.488172676494022  5.1222492623407652 12.494613457602703  5.1248164738107835 12.50101057390644  5.1273887732034229 12.507363433038588  5.1299661162215644 12.513671438890796  5.1325484579955631 12.519934001518827  5.1351357527322712 12.526150536377667  5.1377279549996668 12.532320457895368  5.1403250197892865 12.538443180404407  5.1429269011106529 12.54451811980891  5.145533550657813 12.550544695388618  5.148144920719095 12.556522326075568  5.1507609637455714 12.562450430071786  5.1533816320856056 12.568328429144939  5.1560068776828425 12.57415575429753  5.1586366522468037 12.579931834458032  5.1612709096479881 12.585656101318763  5.1639095947661664 12.591327975537352  5.1665526423377175 12.596946865308828  5.1691999893526752 12.602512181923432  5.1718515726282028 12.608023333908102  5.1745073279083131 12.613479743785778  5.1771671905127015 12.618880839161287  5.1798310962113234 12.624226045961226  5.1824989803896582 12.629514792135955  5.1851707750410467 12.634746516798415  5.1878464125402957 12.639920658662016  5.1905258257393845 12.645036654400082  5.1932089456366608 12.65009395483527  5.1958957044686347 12.65509202157711  5.1985860279610927 12.660030301268709  5.20127986991056 12.664908294989424  5.2039772504585029 12.669725631446008  5.2066781792173416 12.674481918740026  5.2093826688068017 12.679176770569571  5.2120907318887708 12.683809793174657  5.214802381530391 12.688380592966583  5.2175176307855642 12.692888776754911  5.2202364936221066 12.697333948209421  5.2229589844529594 12.701715709612438  5.2256851177445149 12.706033664228567  5.2284149083328373 12.710287412056166  5.2311483715307796 12.714476549732352  5.2338855224309846 12.718600674685579  5.2366263777072026 12.722659383767553  5.2393709571228673 12.726652272904003  5.2421192800924912 12.73057893855583  5.2448713664184874 12.734438975581474  5.2476272364349432 12.738231972427499  5.2503869105372711 12.741957518550368  5.2531504095889749 12.745615202379616  5.2559177563073911 12.749204607734459  5.2586889732609654 12.752725319182842  5.261464083819825 12.756176920075427  5.2642431107376382 12.759558983402959  5.2670260828619488 12.762871089772945  5.2698130056628489 12.766112793134791  5.2726038000941662 12.769283553691361  5.2753983986975204 12.772382842331748  5.278196730747954 12.775410134314752  5.2809987254303223 12.778364924867976  5.2838043122314851 12.781246703690849  5.2866134200106139 12.784054971566476  5.2894259766512866 12.786789243716306  5.2922419105401151 12.789449029712808  5.29506114953905 12.792033855409082  5.2978836212328231 12.794543258065646  5.3007092534750972 12.796976769863466  5.3035379741246542 12.799333944720324  5.3063697111583732 12.801614341568701  5.3092043927058432 12.803817518069698  5.3120419463036059 12.805943055525628  5.3148822996327993 12.80799053320861  5.3177253804900548 12.80995953770924  5.3205711167431655 12.811849676921085  5.3234194363629426 12.813660552689536  5.3262702675059845 12.815391783079805  5.3291235371535919 12.817042996266878  5.3319791766540403 12.818613818448391  5.3348370234796896 12.820103862702373  5.337696910140699 12.821512736781738  5.3405586702654757 12.822840066370368  5.3434221362021468 12.824085524265506  5.3462871407675383 12.825248769120925  5.3491535159295998 12.826329505780695  5.3520210933559378 12.827327454243193  5.3548897049548767 12.828242336792247  5.3577591814901169 12.829073929356163  5.3606293561011285 12.82982199600994  5.363500049217647 12.830486341383734  5.3663710742086392 12.831066789107105  5.3692422461024885 12.831563166174318  5.3721133786632462 12.831975356727183  5.3749842865972512 12.832303232033155  5.3778547786330897 12.832546717152216  5.3807246612332866 12.832705744160837  5.383593743206232 12.832780270160884  5.3864618195325944 12.832770284603932  5.3893287318049854 12.832675796143688  5.3921945495875301 12.83249681736374  5.3950593166620138 12.83223335827156  5.3979230862020664 12.831885420132696  5.4007859092711508 12.831453004722722  5.4036478398356449 12.830936104897537  5.4065089311075045 12.830334713576031  5.4093692432532317 12.829648812092154  5.4122288370201304 12.828878379691556  5.4150877774378685 12.828023391801205  5.4179461519817647 12.827083800254668  5.4208040454088611 12.826059562396635  5.4236615436933269 12.824950616240727  5.4265187334725065 12.823756895230623  5.4293756992330575 12.822478327358905  5.4322325422783813 12.821114818568956  5.4350892714184162 12.81966631798733  5.4379458619462078 12.818132789679254  5.4408022978243427 12.816514200536616  5.4436585574841416 12.814810523659007  5.4465146186475275 12.813021736276834  5.4493704544099684 12.811147824621946  5.452226061998787 12.809188761719895  5.4550814559113627 12.807144511196151  5.4579366486316152 12.805015036944447  5.4607916445716667 12.802800311114314  5.4626948460302609 12.801266975079963  5.4636464150381094 12.80048608952789 
 0 4 0.003246753246753247 1 0.0064935064935064939 1 0.00974025974025974 1 0.012987012987012988 1 0.016233766233766236 1 0.01948051948051948 1 0.022727272727272728 1 0.025974025974025976 1 0.029220779220779224 1 0.032467532467532471 1 0.035714285714285719 1 0.03896103896103896 1 0.042207792207792208 1 0.045454545454545456 1 0.048701298701298704 1 0.051948051948051951 1 0.055194805194805199 1 0.058441558441558447 1 0.061688311688311695 1 0.064935064935064943 1 0.068181818181818191 1 0.071428571428571438 1 0.074675324675324686 1 0.07792207792207792 1 0.081168831168831168 1 0.084415584415584416 1 0.087662337662337664 1 0.090909090909090912 1 0.094155844155844159 1 0.097402597402597407 1 0.10064935064935066 1 0.1038961038961039 1 0.10714285714285715 1 0.1103896103896104 1 0.11363636363636365 1 0.11688311688311689 1 0.12012987012987014 1 0.12337662337662339 1 0.12662337662337664 1 0.12987012987012989 1 0.13311688311688313 1 0.13636363636363638 1 0.13961038961038963 1 0.14285714285714288 1 0.14610389610389612 1 0.14935064935064937 1 0.15259740259740262 1 0.15584415584415584 1 0.15909090909090909 1 0.16233766233766234 1 0.16558441558441558 1 0.16883116883116883 1 0.17207792207792208 1 0.17532467532467533 1 0.17857142857142858 1 0.18181818181818182 1 0.18506493506493507 1 0.18831168831168832 1 0.19155844155844157 1 0.19480519480519481 1 0.19805194805194806 1 0.20129870129870131 1 0.20454545454545456 1 0.20779220779220781 1 0.21103896103896105 1 0.2142857142857143 1 0.21753246753246755 1 0.2207792207792208 1 0.22402597402597405 1 0.22727272727272729 1 0.23051948051948054 1 0.23376623376623379 1 0.23701298701298704 1 0.24025974025974028 1 0.24350649350649353 1 0.24675324675324678 1 0.25 1 0.25324675324675328 1 0.2564935064935065 1 0.25974025974025977 1 0.26298701298701299 1 0.26623376623376627 1 0.26948051948051949 1 0.27272727272727276 1 0.27597402597402598 1 0.27922077922077926 1 0.28246753246753248 1 0.28571428571428575 1 0.28896103896103897 1 0.29220779220779225 1 0.29545454545454547 1 0.29870129870129875 1 0.30194805194805197 1 0.30519480519480524 1 0.30844155844155846 1 0.31168831168831168 1 0.31493506493506496 1 0.31818181818181818 1 0.32142857142857145 1 0.32467532467532467 1 0.32792207792207795 1 0.33116883116883117 1 0.33441558441558444 1 0.33766233766233766 1 0.34090909090909094 1 0.34415584415584416 1 0.34740259740259744 1 0.35064935064935066 1 0.35389610389610393 1 0.35714285714285715 1 0.36038961038961043 1 0.36363636363636365 1 0.36688311688311692 1 0.37012987012987014 1 0.37337662337662342 1 0.37662337662337664 1 0.37987012987012991 1 0.38311688311688313 1 0.38636363636363641 1 0.38961038961038963 1 0.3928571428571429 1 0.39610389610389612 1 0.3993506493506494 1 0.40259740259740262 1 0.4058441558441559 1 0.40909090909090912 1 0.41233766233766239 1 0.41558441558441561 1 0.41883116883116883 1 0.42207792207792211 1 0.42532467532467533 1 0.4285714285714286 1 0.43181818181818182 1 0.4350649350649351 1 0.43831168831168832 1 0.44155844155844159 1 0.44480519480519481 1 0.44805194805194809 1 0.45129870129870131 1 0.45454545454545459 1 0.45779220779220781 1 0.46103896103896108 1 0.4642857142857143 1 0.46753246753246758 1 0.4707792207792208 1 0.47402597402597407 1 0.47727272727272729 1 0.48051948051948057 1 0.48376623376623379 1 0.48701298701298706 1 0.49025974025974028 1 0.49350649350649356 1 0.49675324675324678 1 0.5 1 0.50324675324675328 1 0.50649350649350655 1 0.50974025974025983 1 0.51298701298701299 1 0.51623376623376627 1 0.51948051948051954 1 0.52272727272727271 1 0.52597402597402598 1 0.52922077922077926 1 0.53246753246753253 1 0.5357142857142857 1 0.53896103896103897 1 0.54220779220779225 1 0.54545454545454553 1 0.54870129870129869 1 0.55194805194805197 1 0.55519480519480524 1 0.55844155844155852 1 0.56168831168831168 1 0.56493506493506496 1 0.56818181818181823 1 0.57142857142857151 1 0.57467532467532467 1 0.57792207792207795 1 0.58116883116883122 1 0.5844155844155845 1 0.58766233766233766 1 0.59090909090909094 1 0.59415584415584421 1 0.59740259740259749 1 0.60064935064935066 1 0.60389610389610393 1 0.60714285714285721 1 0.61038961038961048 1 0.61363636363636365 1 0.61688311688311692 1 0.6201298701298702 1 0.62337662337662336 1 0.62662337662337664 1 0.62987012987012991 1 0.63311688311688319 1 0.63636363636363635 1 0.63961038961038963 1 0.6428571428571429 1 0.64610389610389618 1 0.64935064935064934 1 0.65259740259740262 1 0.6558441558441559 1 0.65909090909090917 1 0.66233766233766234 1 0.66558441558441561 1 0.66883116883116889 1 0.67207792207792216 1 0.67532467532467533 1 0.6785714285714286 1 0.68181818181818188 1 0.68506493506493515 1 0.68831168831168832 1 0.69155844155844159 1 0.69480519480519487 1 0.69805194805194815 1 0.70129870129870131 1 0.70454545454545459 1 0.70779220779220786 1 0.71103896103896114 1 0.7142857142857143 1 0.71753246753246758 1 0.72077922077922085 1 0.72402597402597413 1 0.72727272727272729 1 0.73051948051948057 1 0.73376623376623384 1 0.73701298701298701 1 0.74025974025974028 1 0.74350649350649356 1 0.74675324675324684 1 0.75 1 0.75324675324675328 1 0.75649350649350655 1 0.75974025974025983 1 0.76298701298701299 1 0.76623376623376627 1 0.76948051948051954 1 0.77272727272727282 1 0.77597402597402598 1 0.77922077922077926 1 0.78246753246753253 1 0.78571428571428581 1 0.78896103896103897 1 0.79220779220779225 1 0.79545454545454553 1 0.7987012987012988 1 0.80194805194805197 1 0.80519480519480524 1 0.80844155844155852 1 0.81168831168831179 1 0.81493506493506496 1 0.81818181818181823 1 0.82142857142857151 1 0.82467532467532478 1 0.82792207792207795 1 0.83116883116883122 1 0.8344155844155845 1 0.83766233766233766 1 0.84090909090909094 1 0.84415584415584421 1 0.84740259740259749 1 0.85064935064935066 1 0.85389610389610393 1 0.85714285714285721 1 0.86038961038961048 1 0.86363636363636365 1 0.86688311688311692 1 0.8701298701298702 1 0.87337662337662347 1 0.87662337662337664 1 0.87987012987012991 1 0.88311688311688319 1 0.88636363636363646 1 0.88961038961038963 1 0.8928571428571429 1 0.89610389610389618 1 0.89935064935064946 1 0.90259740259740262 1 0.9058441558441559 1 0.90909090909090917 1 0.91233766233766245 1 0.91558441558441561 1 0.91883116883116889 1 0.92207792207792216 1 0.92532467532467544 1 0.9285714285714286 1 0.93181818181818188 1 0.93506493506493515 1 0.93831168831168832 1 0.94155844155844159 1 0.94480519480519487 1 0.94805194805194815 1 0.95129870129870131 1 0.95454545454545459 1 0.95779220779220786 1 0.96103896103896114 1 0.9642857142857143 1 0.96753246753246758 1 0.97077922077922085 1 0.97402597402597413 1 0.97727272727272729 1 0.98051948051948057 1 0.98376623376623384 1 0.98701298701298712 1 0.99025974025974028 1 0.99350649350649356 1 0.99675324675324684 1 1 4
7 0 0  3 311 309  0.76059436308135819 2.1625529744036278  0.76044487576169983 2.1625529901072538  0.76014583191911156 2.1625619025181142  0.75969706390551062 2.1626020281955185  0.75924809900025614 2.1626690250611338  0.75879894256852232 2.1627630069732406  0.75834959998009777 2.1628840876134467  0.75790007661000625 2.1630323804615883  0.75745037783828617 2.163207998802414  0.75700050905003313 2.1634110557213737  0.75655047563521327 2.1636416641134284  0.75610028298913634 2.1638999366495932  0.75564993651051748 2.1641859859005694  0.75519944161022612 2.1644999237624249  0.75474880371028796 2.1648418615152374  0.75429802823605718 2.1652119103306875  0.75384712061794645 2.1656101811563491  0.75339608629090404 2.166036784746542  0.75294493069452284 2.1664918316526722  0.75249365927288581 2.1669754322299473  0.75204227747481867 2.1674876966180125  0.75159079075278579 2.1680287348106804  0.7511392045667914 2.1685986563948454  0.75068752436893038 2.1691975715696699  0.7502357555750071 2.1698255930366899  0.74978390361104053 2.170482832922755  0.74933197390602746 2.1711694032547135  0.74887997189382538 2.1718854158322491  0.74842790301259221 2.172630982261043  0.74797577270488713 2.1734062139459969  0.74752358641754579 2.1742112220837049  0.74707134960182242 2.1750461176986229  0.74661906771266662 2.1759110115046965  0.74616674621124324 2.1768060144308232  0.74571439057625266 2.1777312399170219  0.74526200628942718 2.1786868009429803  0.74480959883705833 2.1796728103547616  0.74435717370955023 2.1806893807775389  0.74390473640139121 2.1817366246370793  0.74345229241144262 2.1828146541604583  0.74299984724150681 2.1839235813506095  0.74254740640149253 2.1850635180868214  0.7420949753898779 2.1862345757473842  0.74164255977299054 2.187436866745518  0.74119016525058701 2.1886705057920639  0.74073779750421287 2.1899356069571971  0.74028546222529445 2.1912322842159009  0.73983316510755148 2.1925606513025704  0.73938091184895238 2.1939208217465658  0.73892870815116107 2.1953129088748082  0.73847655971948067 2.1967370257655738  0.73802447226330758 2.1981932854304627  0.73757245149406148 2.1996818001321623  0.73712050313646282 2.2012026852094584  0.73666863292323415 2.202756057229466  0.73621684658975561 2.204342032196756  0.73576514987533981 2.2059607259992062  0.73531354852276942 2.207612254286027  0.73486204827853308 2.209296732510043  0.73441065489202229 2.2110142758799785  0.73395937411815093 2.2127649995096821  0.73350821170735792 2.2145490178685643  0.73305717344610088 2.2163664470227373  0.73260626518867267 2.2182174063824469  0.73215549278165359 2.2201020145264376  0.73170486207799212 2.2220203899846673  0.7312543789331476 2.2239726510269415  0.73080404920609288 2.2259589157262512  0.7303538787588012 2.2279793019169118  0.7299038734569292 2.2300339272995253  0.72945403916724483 2.2321229090628871  0.72900438176719529 2.2342463653429641  0.72855490716865634 2.2364044187976697  0.72810562128282275 2.2385971912774592  0.72765653002491903 2.2408248045781214  0.72720763931342369 2.2430873802314575  0.72675895506808075 2.2453850395900745  0.72631048321825031 2.2477179036988213  0.72586222967111436 2.2500860937249874  0.72541420043011828 2.2524897293666539  0.72496640111051924 2.2549289353555904  0.72451883657192984 2.2574038464303761  0.72407151180965645 2.2599145953799926  0.7236244317869357 2.262461315295567  0.72317760147976451 2.2650441389589298  0.72273102586500582 2.2676631990374898  0.72228470992279181 2.2703186279168923  0.72183865863845598 2.2730105581763898  0.72139287699206267 2.2757391208555902  0.72094737000924247 2.2785044537420269  0.72050214275104119 2.2813066996613989  0.72005720027464792 2.28414600008941  0.71961254764246463 2.2870224966388037  0.71916818991961695 2.2899363306672509  0.71872413217447328 2.292887643359796  0.71828037947869416 2.2958765757919846  0.71783693690613815 2.2989032685963044  0.71739380953685694 2.3019678632444727  0.71695100248996457 2.3050705122238684  0.7165085208855877 2.308211367104954  0.71606636984777883 2.3113905794820564  0.71562455450360463 2.3146083007148048  0.7151830799834944 2.3178646820225111  0.71474195142036234 2.3211598743668329  0.71430117395237536 2.3244940288281537  0.71386075271236427 2.3278672952183181  0.71342069292602039 2.33127983505547  0.71298099983552377 2.3347318114152791  0.7125416786828711 2.3382233867400406  0.7121027347142117 2.3417547234174751  0.71166417317848152 2.3453259836213141  0.71122599932810604 2.3489373293722777  0.7107882184171308 2.3525889224550434  0.7103508357075754 2.3562809246911178  0.70991385675000762 2.3600135096217576  0.70947728709352198 2.3637868504057336  0.70904113229151966 2.3676011200609923  0.70860539790037391 2.3714564914309952  0.70817008947853033 2.3753531370803449  0.70773521259096384 2.3792912297478539  0.70730077279179637 2.3832709406406023  0.70686677569482803 2.3872924463926108  0.70643322703072564 2.3913559346581952  0.70600013251367266 2.3954615909672068  0.70556749786617612 2.3996096011844945  0.70513532881217211 2.4038001508231583  0.70470363107929757 2.4080334253351032  0.70427241039618338 2.4123096096372247  0.70384167250055174 2.4166288897294073  0.70341142321359873 2.4209914673612856  0.70298166835490306 2.4253975431359969  0.70255241374844324 2.4298473177277633  0.70212366522070413 2.4343409915358682  0.70169542860170442 2.4388787648538788  0.70126770972221864 2.4434608375415792  0.70084051442335615 2.4480874101743351  0.70041384870034162 2.4527587006721623  0.69998771854393527 2.4574749260261508  0.69956212995460898 2.4622363032118333  0.69913708891701487 2.4670430490442592  0.69871260148734338 2.4718953798473762  0.69828867346883339 2.4767935129244512  0.69786531175615396 2.4817376603933226  0.69744252510852389 2.4867280255565505  0.69702032194664054 2.4917648129813186  0.69659871078341473 2.4968482265632481  0.69617770010664015 2.5019784699309309  0.695757298416811 2.5071557467694254  0.69533751419239742 2.5123802591272479  0.69491835608852659 2.5176522203540372  0.69449983279940908 2.5229718460604422  0.6940819530105915 2.5283393509490191  0.69366472540780921 2.5337549494935354  0.69324815868703993 2.5392188563007272  0.69283226150460531 2.5447312839907164  0.69241704273169513 2.5502924541520313  0.69200251137305591 2.5559025938228683  0.69158867640299271 2.5615619284520443  0.6911755468019859 2.5672706834307246  0.69076313155578173 2.5730290842549626  0.6903514396215179 2.5788373543518217  0.68994048013666764 2.5846957282493093  0.68953026231151637 2.5906044448733794  0.68912079534065607 2.5965637415966993  0.68871208841242393 2.6025738562666425  0.68830415075261853 2.608635024667922  0.68789699143263883 2.6147474889362439  0.68749061888934049 2.6209115181949709  0.68708504163921058 2.6271273779532103  0.68668026817636196 2.6333953342794376  0.68627630700584941 2.6397156530945711  0.6858731666114849 2.6460885988337308  0.68547085574367861 2.6525144533884926  0.68506938318060961 2.6589935002674925  0.68466875769339608 2.6655260221729304  0.68426898805344283 2.6721123018962123  0.68387008303651697 2.6787526211439889  0.6834720512385084 2.6854472873097843  0.68307490124834758 2.6921966083161988  0.68267864166054526 2.699000892068748  0.68228328105494207 2.705860444553879  0.68188882806796181 2.7127755784099619  0.6814952915626652 2.7197466271195991  0.68110268027978527 2.7267739225392011  0.68071100331832068 2.7338577908505015  0.68032026846627058 2.7409985810967759  0.67993049662705163 2.7481964086754722  0.67954171086503945 2.755451349631219  0.67915393365250409 2.7627634888906298  0.67876718761458854 2.7701329099211711  0.67838149522722746 2.7775596870052697  0.67799687886508464 2.7850438842369085  0.6776133609019076 2.7925855666067707  0.67723096367747349 2.8001847995520768  0.67684970955102386 2.8078416410229039  0.67646962094354823 2.815556133845436  0.67609072023487127 2.8233283223601231  0.67571302980739423 2.8311582506223951  0.67533657193476482 2.8390459579823921  0.67496136862980383 2.8469914735345667  0.67458744197724219 2.8549948253289772  0.67421481380547432 2.8630560478832856  0.67384350694814676 2.871175140632328  0.67347354537033488 2.8793520636473531  0.67310495275895343 2.8875867836948115  0.67273775288334747 2.8958792671341822  0.67237196915997766 2.9042294642670812  0.67200762486902188 2.9126373185461714  0.67164474329095503 2.9211027752085457  0.67128334765922004 2.9296257749280454  0.67092346111308176 2.9382062340244768  0.67056510675657799 2.9468440694960156  0.67020830770049356 2.9555392004781718  0.66985308675585187 2.9642915270020125  0.66949946629714308 2.9731009462782767  0.66914746962128746 2.9819673348179476  0.66879711624363691 2.9908906583687918  0.66844841681275158 2.9998710963365713  0.66810138338995328 3.0089087934236511  0.66775602763600272 3.0180039033103316  0.66741236141558513 3.0271565833664993  0.6670703965525453 3.0363669917462168  0.66673014485647253 3.0456352854532396  0.66639161814817516 3.0549616263763619  0.66605482824798778 3.0643461782513564  0.66571978693989697 3.0737891036163951  0.66538650606650607 3.0832905676270639  0.66505499752361663 3.0928507385656498  0.66472527319680408 3.1024697824167351  0.66439734486020041 3.1121478715494524  0.66407122407025732 3.1218851915199788  0.66374692239060162 3.1316819251714469  0.66342445139594053 3.1415382571075878  0.66310382279936819 3.1514543770826484  0.66278504827531715 3.161430473649165  0.66246813948649674 3.1714667371286489  0.66215310808114725 3.1815633677372408  0.66183996569212911 3.1917205637132766  0.66152872392126216 3.2019385266518166  0.66121939471304092 3.2122174605171927  0.66091198932346396 3.2225575908050659  0.6606065215492648 3.2329590545171154  0.66030301429295535 3.2434216693271893  0.66000148924439372 3.2539452966538742  0.65970196818180149 3.2645297796875772  0.65940447226511822 3.275174948279409  0.65910902277071282 3.2858806358144541  0.65881564066338827 3.2966466652995892  0.65852434652053482 3.3074728459635687  0.65823516102343071 3.3183589915556477  0.65794810437779094 3.3293049030494957  0.65766319643988891 3.3403103726761088  0.65738045716938054 3.3513751958616504  0.65709990584725875 3.362499154668495  0.65682156156627747 3.3736820279904634  0.65654544341683629 3.3849235952764993  0.65627156979780399 3.3962236191361179  0.65599995912766185 3.4075818632294652  0.65573062956833605 3.4189980868388647  0.65546359861036707 3.4304720369038875  0.65519888388644232 3.4420034635466146  0.65493650250195246 3.4535921080004455  0.65467647131633167 3.4652377001135144  0.65441880689612708 3.476939989462537  0.65416353309140363 3.4886983190129088  0.65391067422725468 3.5005120121681985  0.65366025396279881 3.5123803866862531  0.65341229459381511 3.5243027282930957  0.65316681875495763 3.536278332020979  0.65292384771493672 3.5483064635041601  0.6526834022616349 3.5603863784972316  0.65244550304844806 3.5725173322148476  0.65221016916096031 3.5846985456228304  0.65197741981518575 3.5969292563518849  0.65174727389860299 3.6092086241552024  0.65151975019608854 3.6215357675067961  0.65129486721931373 3.6339098103182583  0.65107264181330082 3.646329840589817  0.65085309108736422 3.6587949574112066  0.65063623092964895 3.6713042052620595  0.6504220771314827 3.6838566152124104  0.65021064451453758 3.6964512157764831  0.65000194789038634 3.7090869579886725  0.64979599804547872 3.7217629885129404  0.64959278902700335 3.7344794568295936  0.64939231682635223 3.7472364010207908  0.6491945770184574 3.760033906148097  0.64899956530446368 3.7728720484710139  0.64880727744534983 3.7857509226419368  0.64861770924456719 3.798670620708509  0.64843085635357034 3.8116312722995467  0.64824671443849757 3.8246330114347953  0.64806527896262789 3.8376759937288458  0.64788654448391159 3.8507604867756191  0.64771050558109389 3.863886743992206  0.64753715733733663 3.8770550348941319  0.64736649492370624 3.8902656349062164  0.64719851382992943 3.9035188134109058  0.64703320900101924 3.9168149258551366  0.64687058076064741 3.9301538983156554  0.64671063138846541 3.9435355019328  0.64655336243989958 3.9569595452704327  0.64639877566800596 3.9704258099149725  0.64624687273802128 3.9839340728125978  0.64609765536317987 3.9974840865670447  0.64595112390331388 4.0110757175539336  0.64580727774833779 4.024708913729067  0.64566611641508687 4.0383836146124423  0.6455276397494325 4.052099720562313  0.64543711167651541 4.06127132415308  0.64539229504551154 4.0658639918679729 
 0 4 0.003246753246753247 1 0.0064935064935064939 1 0.00974025974025974 1 0.012987012987012988 1 0.016233766233766236 1 0.01948051948051948 1 0.022727272727272728 1 0.025974025974025976 1 0.029220779220779224 1 0.032467532467532471 1 0.035714285714285719 1 0.03896103896103896 1 0.042207792207792208 1 0.045454545454545456 1 0.048701298701298704 1 0.051948051948051951 1 0.055194805194805199 1 0.058441558441558447 1 0.061688311688311695 1 0.064935064935064943 1 0.068181818181818191 1 0.071428571428571438 1 0.074675324675324686 1 0.07792207792207792 1 0.081168831168831168 1 0.084415584415584416 1 0.087662337662337664 1 0.090909090909090912 1 0.094155844155844159 1 0.097402597402597407 1 0.10064935064935066 1 0.1038961038961039 1 0.10714285714285715 1 0.1103896103896104 1 0.11363636363636365 1 0.11688311688311689 1 0.12012987012987014 1 0.12337662337662339 1 0.12662337662337664 1 0.12987012987012989 1 0.13311688311688313 1 0.13636363636363638 1 0.13961038961038963 1 0.14285714285714288 1 0.14610389610389612 1 0.14935064935064937 1 0.15259740259740262 1 0.15584415584415584 1 0.15909090909090909 1 0.16233766233766234 1 0.16558441558441558 1 0.16883116883116883 1 0.17207792207792208 1 0.17532467532467533 1 0.17857142857142858 1 0.18181818181818182 1 0.18506493506493507 1 0.18831168831168832 1 0.19155844155844157 1 0.19480519480519481 1 0.19805194805194806 1 0.20129870129870131 1 0.20454545454545456 1 0.20779220779220781 1 0.21103896103896105 1 0.2142857142857143 1 0.21753246753246755 1 0.2207792207792208 1 0.22402597402597405 1 0.22727272727272729 1 0.23051948051948054 1 0.23376623376623379 1 0.23701298701298704 1 0.24025974025974028 1 0.24350649350649353 1 0.24675324675324678 1 0.25 1 0.25324675324675328 1 0.2564935064935065 1 0.25974025974025977 1 0.26298701298701299 1 0.26623376623376627 1 0.26948051948051949 1 0.27272727272727276 1 0.27597402597402598 1 0.27922077922077926 1 0.28246753246753248 1 0.28571428571428575 1 0.28896103896103897 1 0.29220779220779225 1 0.29545454545454547 1 0.29870129870129875 1 0.30194805194805197 1 0.30519480519480524 1 0.30844155844155846 1 0.31168831168831168 1 0.31493506493506496 1 0.31818181818181818 1 0.32142857142857145 1 0.32467532467532467 1 0.32792207792207795 1 0.33116883116883117 1 0.33441558441558444 1 0.33766233766233766 1 0.34090909090909094 1 0.34415584415584416 1 0.34740259740259744 1 0.35064935064935066 1 0.35389610389610393 1 0.35714285714285715 1 0.36038961038961043 1 0.36363636363636365 1 0.36688311688311692 1 0.37012987012987014 1 0.37337662337662342 1 0.37662337662337664 1 0.37987012987012991 1 0.38311688311688313 1 0.38636363636363641 1 0.38961038961038963 1 0.3928571428571429 1 0.39610389610389612 1 0.3993506493506494 1 0.40259740259740262 1 0.4058441558441559 1 0.40909090909090912 1 0.41233766233766239 1 0.41558441558441561 1 0.41883116883116883 1 0.42207792207792211 1 0.42532467532467533 1 0.4285714285714286 1 0.43181818181818182 1 0.4350649350649351 1 0.43831168831168832 1 0.44155844155844159 1 0.44480519480519481 1 0.44805194805194809 1 0.45129870129870131 1 0.45454545454545459 1 0.45779220779220781 1 0.46103896103896108 1 0.4642857142857143 1 0.46753246753246758 1 0.4707792207792208 1 0.47402597402597407 1 0.47727272727272729 1 0.48051948051948057 1 0.48376623376623379 1 0.48701298701298706 1 0.49025974025974028 1 0.49350649350649356 1 0.49675324675324678 1 0.5 1 0.50324675324675328 1 0.50649350649350655 1 0.50974025974025983 1 0.51298701298701299 1 0.51623376623376627 1 0.51948051948051954 1 0.52272727272727271 1 0.52597402597402598 1 0.52922077922077926 1 0.53246753246753253 1 0.5357142857142857 1 0.53896103896103897 1 0.54220779220779225 1 0.54545454545454553 1 0.54870129870129869 1 0.55194805194805197 1 0.55519480519480524 1 0.55844155844155852 1 0.56168831168831168 1 0.56493506493506496 1 0.56818181818181823 1 0.57142857142857151 1 0.57467532467532467 1 0.57792207792207795 1 0.58116883116883122 1 0.5844155844155845 1 0.58766233766233766 1 0.59090909090909094 1 0.59415584415584421 1 0.59740259740259749 1 0.60064935064935066 1 0.60389610389610393 1 0.60714285714285721 1 0.61038961038961048 1 0.61363636363636365 1 0.61688311688311692 1 0.6201298701298702 1 0.62337662337662336 1 0.62662337662337664 1 0.62987012987012991 1 0.63311688311688319 1 0.63636363636363635 1 0.63961038961038963 1 0.6428571428571429 1 0.64610389610389618 1 0.64935064935064934 1 0.65259740259740262 1 0.6558441558441559 1 0.65909090909090917 1 0.66233766233766234 1 0.66558441558441561 1 0.66883116883116889 1 0.67207792207792216 1 0.67532467532467533 1 0.6785714285714286 1 0.68181818181818188 1 0.68506493506493515 1 0.68831168831168832 1 0.69155844155844159 1 0.69480519480519487 1 0.69805194805194815 1 0.70129870129870131 1 0.70454545454545459 1 0.70779220779220786 1 0.71103896103896114 1 0.7142857142857143 1 0.71753246753246758 1 0.72077922077922085 1 0.72402597402597413 1 0.72727272727272729 1 0.73051948051948057 1 0.73376623376623384 1 0.73701298701298701 1 0.74025974025974028 1 0.74350649350649356 1 0.74675324675324684 1 0.75 1 0.75324675324675328 1 0.75649350649350655 1 0.75974025974025983 1 0.76298701298701299 1 0.76623376623376627 1 0.76948051948051954 1 0.77272727272727282 1 0.77597402597402598 1 0.77922077922077926 1 0.78246753246753253 1 0.78571428571428581 1 0.78896103896103897 1 0.79220779220779225 1 0.79545454545454553 1 0.7987012987012988 1 0.80194805194805197 1 0.80519480519480524 1 0.80844155844155852 1 0.81168831168831179 1 0.81493506493506496 1 0.81818181818181823 1 0.82142857142857151 1 0.82467532467532478 1 0.82792207792207795 1 0.83116883116883122 1 0.8344155844155845 1 0.83766233766233766 1 0.84090909090909094 1 0.84415584415584421 1 0.84740259740259749 1 0.85064935064935066 1 0.85389610389610393 1 0.85714285714285721 1 0.86038961038961048 1 0.86363636363636365 1 0.86688311688311692 1 0.8701298701298702 1 0.87337662337662347 1 0.87662337662337664 1 0.87987012987012991 1 0.88311688311688319 1 0.88636363636363646 1 0.88961038961038963 1 0.8928571428571429 1 0.89610389610389618 1 0.89935064935064946 1 0.90259740259740262 1 0.9058441558441559 1 0.90909090909090917 1 0.91233766233766245 1 0.91558441558441561 1 0.91883116883116889 1 0.92207792207792216 1 0.92532467532467544 1 0.9285714285714286 1 0.93181818181818188 1 0.93506493506493515 1 0.93831168831168832 1 0.94155844155844159 1 0.94480519480519487 1 0.94805194805194815 1 0.95129870129870131 1 0.95454545454545459 1 0.95779220779220786 1 0.96103896103896114 1 0.9642857142857143 1 0.96753246753246758 1 0.97077922077922085 1 0.97402597402597413 1 0.97727272727272729 1 0.98051948051948057 1 0.98376623376623384 1 0.98701298701298712 1 0.99025974025974028 1 0.99350649350649356 1 0.99675324675324684 1 1 4
1 4.7123889803846897 2.3999999999999897 0 1 
1 4.7123889803846897 2.4000000000000004 1 0 
7 0 0  3 179 177  1.7368892475274027 12.070886557951091  1.7362636817479196 12.074115020109664  1.7350125422978877 12.080535687609768  1.7331358068223999 12.09005790584669  1.7312590424196763 12.099471328508193  1.7293822464614124 12.108775943032382  1.7275054163183139 12.11797173685642  1.7256285493600245 12.127058697420727  1.7237516429548538 12.136036812153712  1.7218746944709373 12.14490606852898  1.7199977012938952 12.153666454926132  1.7181206608076351 12.162317959688272  1.7162435703952408 12.170860571164868  1.7143664274390344 12.179294277715883  1.7124892293193934 12.187619067653522  1.7106119734194358 12.195834929470026  1.7087346571069668 12.203941850962622  1.7068572776769528 12.211939816468625  1.7049798324308352 12.219828810713834  1.7031023186664216 12.227608818314952  1.7012247336806361 12.23527982393667  1.6993470747686237 12.242841812160743  1.6974693392246101 12.250294767852933  1.6955915243390463 12.257638674667893  1.6937136273968996 12.264873514286876  1.6918356456818753 12.271999268758453  1.6899575764760062 12.2790159200255  1.6880794170581872 12.285923450086534  1.6862011647104929 12.29272184082302  1.6843228166943618 12.299411074529413  1.6824443704095451 12.305991130436093  1.6805658232930707 12.31246198691165  1.6786871727697061 12.318823622540648  1.6768084162647341 12.325076015860287  1.6749295512003002 12.331219145381205  1.6730505749972409 12.337252989767611  1.6711714850712509 12.343177527065546  1.6692922788250195 12.348992733050471  1.6674129536600351 12.354698583797878  1.665533506974878 12.360295055301506  1.6636539361655487 12.365782123582298  1.6617742386258723 12.371159764633918  1.6598944117454995 12.376427954532017  1.6580144529658778 12.381586666678668  1.6561343597273952 12.386635874385286  1.6542541294670379 12.391575550984037  1.6523737596189685 12.396405669814399  1.6504932476145404 12.401126204165573  1.648612590881628 12.405737127521164  1.6467317868515909 12.410238411166574  1.6448508329533595 12.414630026083277  1.6429697266127636 12.418911943332958  1.6410884652511726 12.423084133954909  1.6392070462915669 12.427146568997721  1.637325467135585 12.431099219494778  1.6354437241272919 12.434942055688715  1.6335618136239205 12.438675047829859  1.6316797319746392 12.442298166184266  1.6297974755258702 12.445811380947459  1.6279150406214473 12.44921466258084  1.6260324235965475 12.45250798048694  1.6241496207662731 12.455691300815756  1.6222666284438105 12.458764590178749  1.6203834429379027 12.461727815087647  1.6185000605524404 12.464580941991214  1.6166164775908092 12.467323937690066  1.6147326903206052 12.469956765742483  1.6128486949985481 12.472479389050941  1.6109644878784071 12.474891770718285  1.6090800652092403 12.477193873679992  1.6071954232349501 12.479385661341308  1.605310558199248 12.481467094649611  1.6034254663422391 12.48343813300176  1.6015401439029127 12.485298736178633  1.5996545870990868 12.487048863769534  1.5977687922050201 12.488688475745951  1.595882755013986 12.490217529306824  1.5939964711902386 12.491635980941451  1.5921099364241851 12.492943787298531  1.5902231463927388 12.494140905065219  1.5883360967688711 12.495227290611997  1.5864487832055589 12.496202896720355  1.5845612013536563 12.497067676442015  1.5826733468479901 12.497821582657458  1.5807852153551369 12.498464568661632  1.5788968022280967 12.498996584475236  1.5770081027437266 12.499417579394164  1.5751191121862318 12.499727502800082  1.5732298258465711 12.499926304425975  1.5713402388881725 12.500013931406736  1.5694503463943112 12.499990330200717  1.5675601435586861 12.499855445844112  1.5656696252456754 12.499609222604688  1.5637787939177432 12.499251606813889  1.561887652430352 12.498782544914704  1.5599962035180583 12.498201983118745  1.5581044499689956 12.497509868496515  1.5562123946645485 12.496706151074489  1.5543200404784887 12.495790780589278  1.5524273902385675 12.494763706466859  1.5505344470542317 12.493624880942052  1.5486412141290407 12.492374257324199  1.5467476946367231 12.491011788392031  1.5448538917455688 12.489537428157867  1.5429598086329444 12.487951133099015  1.5410654484023443 12.486252859102777  1.5391708144110599 12.484442562848136  1.5372759122464457 12.482520206800087  1.5353807473136394 12.480485753017133  1.5334853250588152 12.478339163505813  1.5315896509322817 12.476080404949942  1.5296937303924505 12.473709444387385  1.5277975688586709 12.471226248317562  1.5259011720765727 12.468630788261775  1.5240045458329998 12.465923036649466  1.5221076959182831 12.463102965258313  1.5202106280715455 12.460170549603831  1.518313348470933 12.45712576727618  1.5164158616918906 12.453968591775171  1.5145181822558138 12.450699020633008  1.5126203288020044 12.447317061868832  1.5107223189681003 12.443822719138279  1.5088241705806462 12.440216006846493  1.5069259013310639 12.436496946459592  1.5050275289652983 12.432665556516246  1.5031290711095746 12.428721861938632  1.5012305452094745 12.424665897718686  1.4993319687432169 12.420497696690497  1.497433359174253 12.41621729345232  1.4955347339286806 12.411824736578991  1.4936361104308968 12.40732007428965  1.4917375061200957 12.402703353087677  1.4898389383403376 12.39797463106064  1.4879404243924546 12.393133971989398  1.4860419815919919 12.388181437553094  1.4841436272415631 12.383117092777571  1.4822453786008634 12.377941016448021  1.480347252933055 12.372653286317368  1.4784492675204959 12.367253978502701  1.4765514395522121 12.361743179638896  1.4746537861542723 12.356120983823674  1.4727563244712414 12.35038748374774  1.4708590716506631 12.344542771397164  1.4689620447790324 12.338586954074417  1.4670652609225989 12.332520140829001  1.465168737223717 12.32634244014865  1.4632724905698229 12.32005396104694  1.4613765348166314 12.313654816959055  1.4594808840180944 12.307145121304087  1.4575855521857664 12.300524986602936  1.4556905533405295 12.293794529239763  1.4537959014759902 12.286953876889879  1.4519016106021994 12.280003155944112  1.4500076947249472 12.272942491798219  1.4481141679005827 12.265772015831425  1.446221044272427 12.258491870155222  1.4443283379772671 12.251102195343243  1.442436063171658 12.243603130947827  1.4405442339862162 12.235994823163464  1.4386528645111643 12.228277427585843  1.4367619688690736 12.220451098442663  1.4348715611423692 12.212515988656813  1.432981655628538 12.204472258805398  1.4310922669539705 12.196320081398312  1.4292034096961785 12.188059627022168  1.4273150984636001 12.179691065584894  1.4254273478546713 12.171214572233218  1.4235401724535341 12.162630332156336  1.4216535868562019 12.153938529112251  1.419767605691054 12.145139345992016  1.4178822435116309 12.136232970936385  1.4159975146277093 12.127219608189819  1.4141134334030099 12.118099459597936  1.412230014203022 12.108872727810155  1.4103472714204859 12.09953961464462  1.4084652195296297 12.090100317577045  1.406583873008822 12.080555034483687  1.4053301219049921 12.074120986916553  1.404703368745631 12.0708863647233 
 0 4 0.005681818181818182 1 0.011363636363636364 1 0.017045454545454544 1 0.022727272727272728 1 0.028409090909090912 1 0.034090909090909088 1 0.039772727272727272 1 0.045454545454545456 1 0.05113636363636364 1 0.056818181818181823 1 0.0625 1 0.068181818181818177 1 0.073863636363636367 1 0.079545454545454544 1 0.085227272727272735 1 0.090909090909090912 1 0.096590909090909088 1 0.10227272727272728 1 0.10795454545454546 1 0.11363636363636365 1 0.11931818181818182 1 0.125 1 0.13068181818181818 1 0.13636363636363635 1 0.14204545454545456 1 0.14772727272727273 1 0.15340909090909091 1 0.15909090909090909 1 0.16477272727272727 1 0.17045454545454547 1 0.17613636363636365 1 0.18181818181818182 1 0.1875 1 0.19318181818181818 1 0.19886363636363638 1 0.20454545454545456 1 0.21022727272727273 1 0.21590909090909091 1 0.22159090909090909 1 0.22727272727272729 1 0.23295454545454547 1 0.23863636363636365 1 0.24431818181818182 1 0.25 1 0.25568181818181818 1 0.26136363636363635 1 0.26704545454545453 1 0.27272727272727271 1 0.27840909090909094 1 0.28409090909090912 1 0.28977272727272729 1 0.29545454545454547 1 0.30113636363636365 1 0.30681818181818182 1 0.3125 1 0.31818181818181818 1 0.32386363636363635 1 0.32954545454545453 1 0.33522727272727276 1 0.34090909090909094 1 0.34659090909090912 1 0.35227272727272729 1 0.35795454545454547 1 0.36363636363636365 1 0.36931818181818182 1 0.375 1 0.38068181818181818 1 0.38636363636363635 1 0.39204545454545453 1 0.39772727272727276 1 0.40340909090909094 1 0.40909090909090912 1 0.41477272727272729 1 0.42045454545454547 1 0.42613636363636365 1 0.43181818181818182 1 0.4375 1 0.44318181818181818 1 0.44886363636363635 1 0.45454545454545459 1 0.46022727272727276 1 0.46590909090909094 1 0.47159090909090912 1 0.47727272727272729 1 0.48295454545454547 1 0.48863636363636365 1 0.49431818181818182 1 0.5 1 0.50568181818181823 1 0.51136363636363635 1 0.51704545454545459 1 0.52272727272727271 1 0.52840909090909094 1 0.53409090909090906 1 0.53977272727272729 1 0.54545454545454541 1 0.55113636363636365 1 0.55681818181818188 1 0.5625 1 0.56818181818181823 1 0.57386363636363635 1 0.57954545454545459 1 0.58522727272727271 1 0.59090909090909094 1 0.59659090909090906 1 0.60227272727272729 1 0.60795454545454553 1 0.61363636363636365 1 0.61931818181818188 1 0.625 1 0.63068181818181823 1 0.63636363636363635 1 0.64204545454545459 1 0.64772727272727271 1 0.65340909090909094 1 0.65909090909090906 1 0.66477272727272729 1 0.67045454545454553 1 0.67613636363636365 1 0.68181818181818188 1 0.6875 1 0.69318181818181823 1 0.69886363636363635 1 0.70454545454545459 1 0.71022727272727271 1 0.71590909090909094 1 0.72159090909090906 1 0.72727272727272729 1 0.73295454545454553 1 0.73863636363636365 1 0.74431818181818188 1 0.75 1 0.75568181818181823 1 0.76136363636363635 1 0.76704545454545459 1 0.77272727272727271 1 0.77840909090909094 1 0.78409090909090906 1 0.78977272727272729 1 0.79545454545454553 1 0.80113636363636365 1 0.80681818181818188 1 0.8125 1 0.81818181818181823 1 0.82386363636363635 1 0.82954545454545459 1 0.83522727272727271 1 0.84090909090909094 1 0.84659090909090906 1 0.85227272727272729 1 0.85795454545454553 1 0.86363636363636365 1 0.86931818181818188 1 0.875 1 0.88068181818181823 1 0.88636363636363635 1 0.89204545454545459 1 0.89772727272727271 1 0.90340909090909094 1 0.90909090909090917 1 0.91477272727272729 1 0.92045454545454553 1 0.92613636363636365 1 0.93181818181818188 1 0.9375 1 0.94318181818181823 1 0.94886363636363635 1 0.95454545454545459 1 0.96022727272727271 1 0.96590909090909094 1 0.97159090909090917 1 0.97727272727272729 1 0.98295454545454553 1 0.98863636363636365 1 0.99431818181818188 1 1 4
7 0 0  3 179 177  4.5338652103384263 8.6009092928365014  4.5345385694660036 8.6039086118272632  4.5358852626333466 8.6098737132965102  4.5379052311621866 8.6187207308056575  4.5399251325103247 8.6274670884621525  4.5419449707185171 8.6361127611081656  4.543964749827043 8.6446577235854569  4.5459844738755297 8.6531019507373355  4.5480041469032182 8.6614454174014845  4.5500237729478918 8.6696880984364064  4.5520433560298166 8.6778299691157876  4.5540629001689101 8.6858710046965442  4.5560824093839498 8.6938111804386278  4.5581018876924615 8.7016504716066443  4.5601213391117765 8.7093888534434445  4.5621407676547223 8.7170263012743145  4.564160177346098 8.7245627901060363  4.5661795722760203 8.7319982933597053  4.5681989565273247 8.7393327846344935  4.5702183341847578 8.7465662374793158  4.5722377093324997 8.7536986254662636  4.5742570860547245 8.7607299221247104  4.5762764684356023 8.7676601011319022  4.5782958605584616 8.7744891355343118  4.5803152665059228 8.781216997350807  4.5823346903615398 8.7878436587916653  4.5843541362089404 8.7943690920116246  4.5863736081338038 8.8007932691961521  4.5883931102166429 8.8071161624634264  4.5904126465594599 8.8133377441698926  4.592432221107936 8.8194579849047265  4.5944518377648151 8.8254768547600175  4.5964715004453058 8.8313943239526953  4.598491213062764 8.8372103626713621  4.6005109795326531 8.8429249410930577  4.6025308037709376 8.8485380294694629  4.6045506896964419 8.8540495977500466  4.606570641235904 8.8594596147729128  4.6085906623171207 8.8647680495231178  4.6106107568698897 8.8699748709456241  4.6126309288258636 8.8750800479989209  4.6146511821179788 8.8800835496273187  4.6166715206827611 8.8849853448184639  4.6186919483953757 8.8897854011412765  4.6207124691313046 8.8944836861164145  4.6227330867690064 8.8990801672757467  4.624753805189239 8.9035748121544316  4.6267746282749416 8.9079675882632436  4.6287955599122999 8.9122584632072801  4.630816603979274 8.9164474035259911  4.6328377643554557 8.9205343756116449  4.6348590449233908 8.9245193458951189  4.6368804495698583 8.9284022807972114  4.638901982179382 8.932183146740428  4.6409236466587345 8.9358619101505532  4.6429454480470191 8.9394385377019727  4.6449673913690139 8.9429129960616596  4.6469894816578812 8.9462852519105347  4.6490117239493625 8.9495552718810387  4.6510341232818586 8.9527230227856212  4.6530566847017854 8.955788470720222  4.655079413274251 8.9587515795798502  4.6571023140668037 8.9616123135717576  4.6591253921516103 8.9643706368356817  4.6611486526059185 8.9670265134690901  4.663172100507615 8.9695799078061338  4.6651957409706961 8.9720307819988463  4.6672195791206033 8.974379097757696  4.6692436200862355 8.9766248169283411  4.6712678690015812 8.9787679012427919  4.6732923310065102 8.9808083127526128  4.6753170112398701 8.9827460118375893  4.6773419148439173 8.9845809578230309  4.6793670469626774 8.9863131102951286  4.6813924127631639 8.9879424287108574  4.6834180173522011 8.9894688727833501  4.6854438663523927 8.9908924003686703  4.6874699655252039 8.9922129688479426  4.6894963206046425 8.9934305357077839  4.6915229373397196 8.9945450584652864  4.6935498214840692 8.9955564944075768  4.6955769788125412 8.9964647982241157  4.6976044151031191 8.9972699247998431  4.699632136151684 8.9979718288954178  4.7016601477207702 8.9985704655732732  4.703688455909969 8.9990657875113218  4.705717066901534 8.9994577468600827  4.7077459868707674 8.9997462958313719  4.7097752219865976 8.9999313868968827  4.7118047785557327 9.0000129706160603  4.7138346629720038 8.9999909970827225  4.7158648815117408 8.9998654151435922  4.717895440806088 8.9996361729636689  4.7199263393264879 8.9993032211552695  4.7219575751234482 8.9988665104778747  4.7239891463785595 8.9983259914254159  4.7260210512170691 8.9976816154575783  4.7280532876653867 8.9969333373536085  4.7300858537593351 8.9960811115656174  4.7321187475854476 8.9951248922029272  4.7341519669290308 8.9940646364890302  4.7361855094756624 8.9929003028399457  4.7382193729442683 8.9916318490801146  4.7402535550609892 8.9902592344152765  4.742288053543696 8.9887824208058582  4.7443228661909584 8.9872013695691813  4.7463579905301527 8.9855160428435426  4.74839342169461 8.9837264086882342  4.750429155014837 8.9818324347482399  4.7524651857786857 8.9798340886110761  4.754501509270856 8.9777313427619418  4.7565381207687771 8.9755241700547739  4.7585750155933093 8.9732125427864364  4.7606121887160979 8.9707964384457508  4.7626496350659053 8.9682758354654073  4.7646873495692903 8.9656507115866333  4.7667253272091932 8.9629210485240254  4.768763562498374 8.9600868300734398  4.7708020516731029 8.9571480361189089  4.7728407802849269 8.9541046693719277  4.7748797294622527 8.9509567425118561  4.7769188814116603 8.9477042640356093  4.7789582181359638 8.9443472528535484  4.7809977217827218 8.9408857347300739  4.7830373744429995 8.9373197325843492  4.7850771583362919 8.9336492755475518  4.7871170558748233 8.9298744025521621  4.78915704943749 8.9259951504306727  4.7911971214199518 8.9220115577308068  4.7932372542553274 8.9179236765805285  4.795277430379703 8.9137315587626524  4.7973176322149831 8.9094352543915232  4.7993578422829675 8.9050348248449165  4.8013980431511163 8.9005303370359989  4.8034382173727268 8.8959218558349455  4.8054783475150531 8.8912094493639611  4.8075184161878814 8.8863931991145044  4.8095584059984153 8.881473185575258  4.8115982995347766 8.876449487644047  4.8136380794826126 8.8713221944458347  4.8156777285932275 8.866091402361878  4.8177172295993165 8.8607572064051272  4.8197565652315166 8.8553197009050066  4.8217957182809572 8.8497789950624099  4.8238346715603759 8.8441351997774031  4.8258734078016472 8.8383884253943297  4.8279119100109158 8.8325387828068944  4.8299501644483565 8.8265863876571515  4.8319881571617742 8.8205313555450484  4.8340258742453779 8.8143738011975596  4.8360633017824828 8.8081138431247243  4.8381004258815885 8.8017516109000287  4.8401372326344392 8.7952872328368716  4.8421737081382918 8.7887208362789799  4.8442098384340495 8.7820525544108765  4.8462456094649236 8.7752825308941365  4.8482810071820692 8.7684109078898196  4.8503160175163318 8.7614378265591721  4.8523506264237453 8.7543634345596075  4.8543848198995976 8.7471878887433849  4.8564185839052385 8.7399113446214987  4.8584519044461301 8.7325339564426994  4.8604847672933635 8.7250558858802236  4.8625171578590836 8.7174773061825714  4.8645490616089502 8.7097983887342263  4.8665804639759864 8.7020193042550851  4.868611350401423 8.6941402285728859  4.87064170633648 8.6861613473046368  4.8726715172204207 8.6780828446723426  4.8747007684583918 8.6699049040530891  4.8767294455330354 8.6616277139401792  4.8787575341790914 8.653251478521204  4.8807850200745353 8.64477639964581  4.8828118888948069 8.6362026799470542  4.8848381262864988 8.6275305212478788  4.8868637178115044 8.6187601211391804  4.8888886490272006 8.6098916776022278  4.8902381533247894 8.6039141515429005  4.8909127906028571 8.6009091139056011 
 0 4 0.005681818181818182 1 0.011363636363636364 1 0.017045454545454544 1 0.022727272727272728 1 0.028409090909090912 1 0.034090909090909088 1 0.039772727272727272 1 0.045454545454545456 1 0.05113636363636364 1 0.056818181818181823 1 0.0625 1 0.068181818181818177 1 0.073863636363636367 1 0.079545454545454544 1 0.085227272727272735 1 0.090909090909090912 1 0.096590909090909088 1 0.10227272727272728 1 0.10795454545454546 1 0.11363636363636365 1 0.11931818181818182 1 0.125 1 0.13068181818181818 1 0.13636363636363635 1 0.14204545454545456 1 0.14772727272727273 1 0.15340909090909091 1 0.15909090909090909 1 0.16477272727272727 1 0.17045454545454547 1 0.17613636363636365 1 0.18181818181818182 1 0.1875 1 0.19318181818181818 1 0.19886363636363638 1 0.20454545454545456 1 0.21022727272727273 1 0.21590909090909091 1 0.22159090909090909 1 0.22727272727272729 1 0.23295454545454547 1 0.23863636363636365 1 0.24431818181818182 1 0.25 1 0.25568181818181818 1 0.26136363636363635 1 0.26704545454545453 1 0.27272727272727271 1 0.27840909090909094 1 0.28409090909090912 1 0.28977272727272729 1 0.29545454545454547 1 0.30113636363636365 1 0.30681818181818182 1 0.3125 1 0.31818181818181818 1 0.32386363636363635 1 0.32954545454545453 1 0.33522727272727276 1 0.34090909090909094 1 0.34659090909090912 1 0.35227272727272729 1 0.35795454545454547 1 0.36363636363636365 1 0.36931818181818182 1 0.375 1 0.38068181818181818 1 0.38636363636363635 1 0.39204545454545453 1 0.39772727272727276 1 0.40340909090909094 1 0.40909090909090912 1 0.41477272727272729 1 0.42045454545454547 1 0.42613636363636365 1 0.43181818181818182 1 0.4375 1 0.44318181818181818 1 0.44886363636363635 1 0.45454545454545459 1 0.46022727272727276 1 0.46590909090909094 1 0.47159090909090912 1 0.47727272727272729 1 0.48295454545454547 1 0.48863636363636365 1 0.49431818181818182 1 0.5 1 0.50568181818181823 1 0.51136363636363635 1 0.51704545454545459 1 0.52272727272727271 1 0.52840909090909094 1 0.53409090909090906 1 0.53977272727272729 1 0.54545454545454541 1 0.55113636363636365 1 0.55681818181818188 1 0.5625 1 0.56818181818181823 1 0.57386363636363635 1 0.57954545454545459 1 0.58522727272727271 1 0.59090909090909094 1 0.59659090909090906 1 0.60227272727272729 1 0.60795454545454553 1 0.61363636363636365 1 0.61931818181818188 1 0.625 1 0.63068181818181823 1 0.63636363636363635 1 0.64204545454545459 1 0.64772727272727271 1 0.65340909090909094 1 0.65909090909090906 1 0.66477272727272729 1 0.67045454545454553 1 0.67613636363636365 1 0.68181818181818188 1 0.6875 1 0.69318181818181823 1 0.69886363636363635 1 0.70454545454545459 1 0.71022727272727271 1 0.71590909090909094 1 0.72159090909090906 1 0.72727272727272729 1 0.73295454545454553 1 0.73863636363636365 1 0.74431818181818188 1 0.75 1 0.75568181818181823 1 0.76136363636363635 1 0.76704545454545459 1 0.77272727272727271 1 0.77840909090909094 1 0.78409090909090906 1 0.78977272727272729 1 0.79545454545454553 1 0.80113636363636365 1 0.80681818181818188 1 0.8125 1 0.81818181818181823 1 0.82386363636363635 1 0.82954545454545459 1 0.83522727272727271 1 0.84090909090909094 1 0.84659090909090906 1 0.85227272727272729 1 0.85795454545454553 1 0.86363636363636365 1 0.86931818181818188 1 0.875 1 0.88068181818181823 1 0.88636363636363635 1 0.89204545454545459 1 0.89772727272727271 1 0.90340909090909094 1 0.90909090909090917 1 0.91477272727272729 1 0.92045454545454553 1 0.92613636363636365 1 0.93181818181818188 1 0.9375 1 0.94318181818181823 1 0.94886363636363635 1 0.95454545454545459 1 0.96022727272727271 1 0.96590909090909094 1 0.97159090909090917 1 0.97727272727272729 1 0.98295454545454553 1 0.98863636363636365 1 0.99431818181818188 1 1 4
1 3.1415926535897931 12.070886563336792 -1 0 
1 0 -1.0577886314803577 1 2.5291557374284932e-15 
1 6.2831853071795862 0 0 1 
1 0 0 0 1 
1 9.4247779607693793 24.999999999999993 -1 0 
1 12.566370614359172 9.9999999999999094 -1 0 
1 9.4247779607693793 0 0 1 
1 3.1415926535897931 0 0 1 
1 12.566370614359172 4.9999999999999991 -1 0 
1 -3.1415926535897931 -9.5000000000000995 1 0 
1 6.2831853071795862 0 0 1 
1 0 0 0 1 
1 3.1559865488981771 0.49999999999990052 1 0 
7 0 0  1 2 2  3.1559865430101106 0.50000007226149989  3.1490927225665128 0.36213210661479422 
 0 2 1 2
7 0 0  3 47 45  3.1490927165079476 0.36213203649890602  3.1490033096965657 0.36034394871028519  3.1488213510299485 0.35683332213640018  3.1485393380908633 0.35176914105768581  3.1482486103959735 0.3469118306197474  3.1479495281603098 0.34226650237807621  3.1476424515333874 0.33783826901363345  3.1473277409526799 0.33363223900901345  3.1470057558316258 0.32965353651472257  3.1466768594579957 0.32590722720790027  3.1463414007156221 0.32239859499149853  3.145999801191818 0.3191318233638637  3.1456525383730551 0.31611024927844095  3.1453000771952255 0.31333740019400097  3.1449428859479949 0.31081675003588122  3.1445814319808658 0.30855179635850849  3.1442161829684188 0.30654599573261809  3.1438476061372445 0.30480294503521915  3.1434761701430953 0.30332569971711271  3.1431023499498494 0.30211492484463542  3.1427266197676542 0.30117157298190328  3.1423494540299299 0.30049651466320582  3.141971327053009 0.30009066104435977  3.1415927134169506 0.29995484282489826  3.1412140867788851 0.30009017190813331  3.1408359254172811 0.30049635654561846  3.1404587112261835 0.30117200549523798  3.1400829252979623 0.30211597397137663  3.1397090489104533 0.30332704829338564  3.1393375633906722 0.30480404390442062  3.1389689496690729 0.30654572864736779  3.138603690195215 0.30855103164255748  3.1382422432813541 0.31081635502360461  3.1378850651703689 0.31333788449791861  3.1375326127373282 0.31611186423674709  3.1371853424628053 0.31913451902552592  3.1368437118512253 0.32240209272927078  3.1365081747784691 0.32591077228031901  3.1361791986774041 0.32965695326197042  3.1358571788872127 0.33363592198754149  3.135542464458291 0.33784225283674746  3.1352354151423794 0.3422706849808973  3.1349363878107779 0.34691591343569261  3.1346457400940619 0.35177264504835482  3.1343638294084606 0.35683558349494948  3.134181951946037 0.36034481670181306  3.1340925885381705 0.36213203591350407 
 0 4 0.022727272727272728 1 0.045454545454545456 1 0.068181818181818177 1 0.090909090909090912 1 0.11363636363636365 1 0.13636363636363635 1 0.15909090909090909 1 0.18181818181818182 1 0.20454545454545456 1 0.22727272727272729 1 0.25 1 0.27272727272727271 1 0.29545454545454547 1 0.31818181818181818 1 0.34090909090909094 1 0.36363636363636365 1 0.38636363636363635 1 0.40909090909090912 1 0.43181818181818182 1 0.45454545454545459 1 0.47727272727272729 1 0.5 1 0.52272727272727271 1 0.54545454545454541 1 0.56818181818181823 1 0.59090909090909094 1 0.61363636363636365 1 0.63636363636363635 1 0.65909090909090906 1 0.68181818181818188 1 0.70454545454545459 1 0.72727272727272729 1 0.75 1 0.77272727272727271 1 0.79545454545454553 1 0.81818181818181823 1 0.84090909090909094 1 0.86363636363636365 1 0.88636363636363635 1 0.90909090909090917 1 0.93181818181818188 1 0.95454545454545459 1 0.97727272727272729 1 1 4
7 0 0  3 47 45  3.9269908027005953 15.0005424991657  3.9389113390121975 15.000529088130472  3.9627437913992392 15.000502703103766  3.998470870290741 15.000464377282992  4.0341807991272711 15.000427243751288  4.0698773673916273 15.000391243142358  4.1055641663463192 15.000356315852306  4.1412446803450749 15.000322403163903  4.1769225601033071 15.000289443050672  4.2126015421628811 15.000257385836539  4.2482865982453948 15.000226135753163  4.2839795208564126 15.000195829446428  4.3196785869217722 15.00016678228358  4.3553821646299022 15.000139269632728  4.3910881867363312 15.000113577293641  4.4267946015636497 15.000089989338564  4.46249961565597 15.000068786318179  4.4982017929790503 15.000050264597055  4.5339009429270982 15.000034658370341  4.5695985390377016 15.000021927057707  4.6052952053571019 15.000012062962467  4.6409913418310351 15.000005049602924  4.6766872535212931 15.000000872753683  4.712383357991289 14.999999517949181  4.748080579306337 15.000000969428189  4.783779740100675 15.000005218732246  4.819480709768162 15.000012263144091  4.8551830871185109 15.000022098743498  4.8908863267428027 15.000034721636041  4.926590017965812 15.000050129027084  4.9622940577040762 15.000068313697  4.9979990905834262 15.0000892850264  5.0337050804483034 15.0001127902449  5.0694111077032833 15.000138554207973  5.1051158342030281 15.000166307507017  5.1408177034774587 15.000195779960716  5.1765151514398697 15.000226698742754  5.2122070478397102 15.000258802379483  5.2478922029471251 15.000291786631584  5.2835733200816541 15.000325575080687  5.3192546989642091 15.000360237547055  5.3549397414687219 15.000395810000807  5.3906317705455091 15.000432337482149  5.4263340638901658 15.000469862600941  5.4620500245637542 15.000508428618444  5.4858724011305098 15.000534861953186  5.4977871541661756 15.000548266473995 
 0 4 0.022727272727272728 1 0.045454545454545456 1 0.068181818181818177 1 0.090909090909090912 1 0.11363636363636365 1 0.13636363636363635 1 0.15909090909090909 1 0.18181818181818182 1 0.20454545454545456 1 0.22727272727272729 1 0.25 1 0.27272727272727271 1 0.29545454545454547 1 0.31818181818181818 1 0.34090909090909094 1 0.36363636363636365 1 0.38636363636363635 1 0.40909090909090912 1 0.43181818181818182 1 0.45454545454545459 1 0.47727272727272729 1 0.5 1 0.52272727272727271 1 0.54545454545454541 1 0.56818181818181823 1 0.59090909090909094 1 0.61363636363636365 1 0.63636363636363635 1 0.65909090909090906 1 0.68181818181818188 1 0.70454545454545459 1 0.72727272727272729 1 0.75 1 0.77272727272727271 1 0.79545454545454553 1 0.81818181818181823 1 0.84090909090909094 1 0.86363636363636365 1 0.88636363636363635 1 0.90909090909090917 1 0.93181818181818188 1 0.95454545454545459 1 0.97727272727272729 1 1 4
7 0 0  1 2 2  3.1340925846130778 0.36213210661479422  3.1271987641694805 0.50000007226149989 
 0 2 1 2
1 0 0.49999999999990052 1 0 
7 0 0  3 179 177  0.39382146987568778 0.26663278401663915  0.39500008901837519 0.26696673094410411  0.39736052660693211 0.26763014588309458  0.40091091894531194 0.26861182450124504  0.40447118569566765 0.26958005362696325  0.40804146387791534 0.27053482286668318  0.41162188955210033 0.27147611879172984  0.41521259767304625 0.27240392453160511  0.41881372211224849 0.27331821992293059  0.42242539563556947 0.27421898149070784  0.42604774989314592 0.2751061825367726  0.42968091540720926 0.27597979295952851  0.43332502155850178 0.27683978003397863  0.43698019658276133 0.2776861056121489  0.44064656703732946 0.27851874995038317  0.4443242601666969 0.27933769508151973  0.44801340400277345 0.28014292013970621  0.45171412731765581 0.28093440253215879  0.45542655960089901 0.28171211766583937  0.45915083107397919 0.28247603869836219  0.46288707252486305 0.28322613763241467  0.46663541581828472 0.28396238100717303  0.47039599187637343 0.28468474585337805  0.47416894233000573 0.28539312614922002  0.47795441256123905 0.28608738183880705  0.48175254736462431 0.2867673779704803  0.48556348989551751 0.28743297471733181  0.48938738978699026 0.28808403033982838  0.49322437160426763 0.28872039904262031  0.49707465634652193 0.28934193645939132  0.50093890245883488 0.28994851456799059  0.50481772490064192 0.29054000168766791  0.50871172193736469 0.2911162602358367  0.51262160145539015 0.29167716451311981  0.51654763448145846 0.29222252951155786  0.52048786781406342 0.29275187615734238  0.524440601366436 0.29326475642747363  0.52840404998400348 0.29376069573472346  0.53237653625112846 0.29423927497950148  0.53635651278332175 0.29470016026622553  0.54034242163229096 0.29514299778559161  0.5443326577621368 0.29556742570999228  0.54832581677893588 0.29597310434228591  0.5523221198233228 0.29635991887057611  0.55632165205181094 0.29672773184140067  0.56032453370273672 0.2970764070092507  0.56433087384231051 0.2974058033769782  0.56834078373882191 0.29771577488758216  0.57235441357473815 0.298006102639435  0.57637191085946049 0.29827656517975104  0.5803934228201777 0.29852693548855858  0.58441908998233416 0.29875698545544971  0.58844906877539838 0.29896647054960995  0.59248342442746904 0.29915520126847689  0.59652215023171296 0.29932303309840724  0.60056525442442543 0.29946980282467422  0.60461274156508904 0.29959536088452021  0.60866461100282898 0.29969949514085853  0.61272076349848736 0.29978165858800071  0.61678119702711531 0.29984134694753645  0.62084554685154869 0.29987798279583644  0.62491562731082662 0.29989134111351756  0.6289939777578728 0.29988133756067964  0.63308354403675915 0.2998478570893498  0.63718104829436994 0.29979068749446375  0.64128225498534175 0.29970959419047849  0.6453828792277736 0.29960433401746045  0.64947770627870449 0.29947463503285754  0.65356072517612374 0.29932020165509438  0.65763056646128559 0.29914085229651488  0.66168951143104715 0.29893650145026196  0.66573929095899442 0.29870702087935125  0.66978042932895965 0.298452369448163  0.67381228111080349 0.29817256791784796  0.67783445920173724 0.29786761919823213  0.68184651560855247 0.29753752728252914  0.68584772959467277 0.29718227836787342  0.68983735936158908 0.29680185363942813  0.69381465578860968 0.29639623840992746  0.69777889892963429 0.29596538986983689  0.70172961355347574 0.29550906036613422  0.70566631443555838 0.29502702109643375  0.70958844995666004 0.29451901664667418  0.7134957177819371 0.29398486371898047  0.71738900670887873 0.29342472844531459  0.72126906764970877 0.29283871345700491  0.72513668366585449 0.29222699775234678  0.72899264962639587 0.29158936175885158  0.73283774500473375 0.29092536261829055  0.73667282480158658 0.29023459978367772  0.74049841732260657 0.28951665639198948  0.74431331552738556 0.28877113016891975  0.74811647592855868 0.28799763350595936  0.75190684931066232 0.28719570108694353  0.7556826024051293 0.28636602193933863  0.7594418254739923 0.28550939803060893  0.7631826499248735 0.28462659126663065  0.76690311442653059 0.28371845866733619  0.77060131808746823 0.28278582038512262  0.77427503379922202 0.28182977731288422  0.7779236504095538 0.2808501049913677  0.78154803678539819 0.27984541396329732  0.78514880569016243 0.27881429221345527  0.78872619782811715 0.27775675198682748  0.79228012141563497 0.27667379861725855  0.79581063247632522 0.27556623183878354  0.79931701526534016 0.27443459737351111  0.8027984468747813 0.27327939731492573  0.80625417637089902 0.27210110941530319  0.80968434604995587 0.27089924471234023  0.81308906718394192 0.26967336447341067  0.81646842298905109 0.26842296808672206  0.8198228370484274 0.26714811187135251  0.82315278467010322 0.26584892514086989  0.82645872828710887 0.26452551001051594  0.82974113705543961 0.26317796870625115  0.83300010533260305 0.26180615643411248  0.83623572327610185 0.260409923491837  0.83944808228893764 0.25898911591377127  0.84263726374462355 0.25754357611137579  0.84580317771371993 0.25607315322813329  0.84894573391653472 0.25457769612721265  0.85206486021967054 0.25305703582053524  0.8551604041715557 0.25151105294356813  0.85823083080534845 0.2499405818547806  0.86127471239848474 0.24834640691464929  0.86429048612660753 0.24672940643409028  0.86727713742459334 0.24509017173453246  0.87023455440511599 0.24342879951977728  0.87316246960852972 0.24174547512722286  0.87606063700960268 0.24004037679778575  0.87892890247671984 0.23831363002864328  0.88176744805425455 0.23656515411173556  0.88457641036931567 0.23479489296310854  0.88735594868320855 0.23300277810168135  0.89010621925836819 0.23118874168084166  0.89282737801318224 0.22935270029026925  0.89551956729019055 0.2274944946845735  0.89818293061605847 0.22561396623960206  0.90081761082569767 0.22371094840255232  0.90342375131930297 0.22178526894023246  0.9060014928556227 0.2198367484018664  0.90855098506111509 0.21786520289574413  0.9110722757283799 0.21587041676185215  0.91356539803871817 0.21385216382612035  0.91603038840327744 0.21181021156789676  0.91846728163784075 0.20974431977390229  0.92087611259237734 0.20765424063580137  0.92325691434905111 0.20553971848832364  0.9256097236864983 0.20340048950918521  0.92793451306153163 0.20123628325966506  0.93023124885462305 0.19904681937327323  0.93249989709216552 0.19683180859184796  0.93474042742773589 0.19459094701897464  0.93695279136414289 0.19232393629882949  0.93913700518740717 0.19003040682746555  0.94129265877551038 0.18771036849114581  0.94341918487599652 0.18536398096850237  0.94551605969828589 0.18299136934432889  0.94758275527368108 0.18059267384051292  0.94961874207748997 0.17816802416796682  0.95162353206684802 0.1757175987049393  0.95359670029524568 0.17324164463130451  0.95553781284979777 0.17074040711293781  0.95744645765634517 0.16821411466604472  0.95932217740745973 0.16566308898653789  0.96116478134864292 0.1630871870199726  0.96297425754588906 0.16048593606254649  0.96475055209994809 0.15785892893505385  0.9664936188396811 0.15520573013802461  0.96820341485902706 0.1525259021659397  0.96987986859022912 0.14981899321030084  0.97152319410055854 0.14708459378164326  0.97313368088069629 0.14432227976904996  0.97471150832629827 0.1415315625814931  0.97625721627648177 0.13871202998453  0.97776950262697371 0.13586267459275853  0.97875363022932338 0.13394238274291417  0.97923929794540954 0.13297685849911811 
 0 4 0.005681818181818182 1 0.011363636363636364 1 0.017045454545454544 1 0.022727272727272728 1 0.028409090909090912 1 0.034090909090909088 1 0.039772727272727272 1 0.045454545454545456 1 0.05113636363636364 1 0.056818181818181823 1 0.0625 1 0.068181818181818177 1 0.073863636363636367 1 0.079545454545454544 1 0.085227272727272735 1 0.090909090909090912 1 0.096590909090909088 1 0.10227272727272728 1 0.10795454545454546 1 0.11363636363636365 1 0.11931818181818182 1 0.125 1 0.13068181818181818 1 0.13636363636363635 1 0.14204545454545456 1 0.14772727272727273 1 0.15340909090909091 1 0.15909090909090909 1 0.16477272727272727 1 0.17045454545454547 1 0.17613636363636365 1 0.18181818181818182 1 0.1875 1 0.19318181818181818 1 0.19886363636363638 1 0.20454545454545456 1 0.21022727272727273 1 0.21590909090909091 1 0.22159090909090909 1 0.22727272727272729 1 0.23295454545454547 1 0.23863636363636365 1 0.24431818181818182 1 0.25 1 0.25568181818181818 1 0.26136363636363635 1 0.26704545454545453 1 0.27272727272727271 1 0.27840909090909094 1 0.28409090909090912 1 0.28977272727272729 1 0.29545454545454547 1 0.30113636363636365 1 0.30681818181818182 1 0.3125 1 0.31818181818181818 1 0.32386363636363635 1 0.32954545454545453 1 0.33522727272727276 1 0.34090909090909094 1 0.34659090909090912 1 0.35227272727272729 1 0.35795454545454547 1 0.36363636363636365 1 0.36931818181818182 1 0.375 1 0.38068181818181818 1 0.38636363636363635 1 0.39204545454545453 1 0.39772727272727276 1 0.40340909090909094 1 0.40909090909090912 1 0.41477272727272729 1 0.42045454545454547 1 0.42613636363636365 1 0.43181818181818182 1 0.4375 1 0.44318181818181818 1 0.44886363636363635 1 0.45454545454545459 1 0.46022727272727276 1 0.46590909090909094 1 0.47159090909090912 1 0.47727272727272729 1 0.48295454545454547 1 0.48863636363636365 1 0.49431818181818182 1 0.5 1 0.50568181818181823 1 0.51136363636363635 1 0.51704545454545459 1 0.52272727272727271 1 0.52840909090909094 1 0.53409090909090906 1 0.53977272727272729 1 0.54545454545454541 1 0.55113636363636365 1 0.55681818181818188 1 0.5625 1 0.56818181818181823 1 0.57386363636363635 1 0.57954545454545459 1 0.58522727272727271 1 0.59090909090909094 1 0.59659090909090906 1 0.60227272727272729 1 0.60795454545454553 1 0.61363636363636365 1 0.61931818181818188 1 0.625 1 0.63068181818181823 1 0.63636363636363635 1 0.64204545454545459 1 0.64772727272727271 1 0.65340909090909094 1 0.65909090909090906 1 0.66477272727272729 1 0.67045454545454553 1 0.67613636363636365 1 0.68181818181818188 1 0.6875 1 0.69318181818181823 1 0.69886363636363635 1 0.70454545454545459 1 0.71022727272727271 1 0.71590909090909094 1 0.72159090909090906 1 0.72727272727272729 1 0.73295454545454553 1 0.73863636363636365 1 0.74431818181818188 1 0.75 1 0.75568181818181823 1 0.76136363636363635 1 0.76704545454545459 1 0.77272727272727271 1 0.77840909090909094 1 0.78409090909090906 1 0.78977272727272729 1 0.79545454545454553 1 0.80113636363636365 1 0.80681818181818188 1 0.8125 1 0.81818181818181823 1 0.82386363636363635 1 0.82954545454545459 1 0.83522727272727271 1 0.84090909090909094 1 0.84659090909090906 1 0.85227272727272729 1 0.85795454545454553 1 0.86363636363636365 1 0.86931818181818188 1 0.875 1 0.88068181818181823 1 0.88636363636363635 1 0.89204545454545459 1 0.89772727272727271 1 0.90340909090909094 1 0.90909090909090917 1 0.91477272727272729 1 0.92045454545454553 1 0.92613636363636365 1 0.93181818181818188 1 0.9375 1 0.94318181818181823 1 0.94886363636363635 1 0.95454545454545459 1 0.96022727272727271 1 0.96590909090909094 1 0.97159090909090917 1 0.97727272727272729 1 0.98295454545454553 1 0.98863636363636365 1 0.99431818181818188 1 1 4
7 0 0  3 179 177  2.7679568900006513 9.9999999971400015  2.77082499133444 9.9668904983005966  2.776558854954156 9.9007748696066251  2.7851535941738752 9.8019360990763467  2.7937432375330853 9.7034565666031938  2.8023287474265102 9.6053608377676802  2.8109110869185647 9.5076734780237739  2.8194912194529755 9.4104190532976784  2.8280701082459649 9.3136221277530407  2.836648715874472 9.2173072721315972  2.8452280034102344 9.1214990326252448  2.8538089311801311 9.0262220470471721  2.8623924534754051 8.9315006112752044  2.8709795358340946 8.8373602973073897  2.8795710003082919 8.7438141309279889  2.8881676502812663 8.6508729905284021  2.8967703003534222 8.5585483140785961  2.9053797679965396 8.4668513919004624  2.913996875239953 8.3757935453297776  2.9226224477913725 8.2853861192947011  2.9312573143637577 8.1956403333401013  2.939902307716479 8.1065678849515486  2.9485582586026382 8.018178685235144  2.9572260279040554 7.9304941113884615  2.9659064941817621 7.8435399964862214  2.974600541398035 7.7573410658875019  2.9833090568633787 7.6719223671010814  2.9920329481339616 7.5873087667526775  3.0007730746295369 7.5035255328504045  3.0095305090916993 7.420596454262383  3.0183072796555872 7.3385386642351671  3.0271053346335162 7.2573699329432291  3.0359265943815421 7.1771083737871351  3.0447732386175614 7.0977700903352936  3.0536464653775219 7.0193791398208445  3.0625424318545225 6.9420001566620675  3.0714578785544453 6.8656931080095944  3.0803893526262858 6.7905198492696162  3.0893337019570644 6.7165389564706111  3.0982881396866633 6.6438045356564928  3.1072498418929912 6.572371225551719  3.1162158863867297 6.5022946019640591  3.125183805627664 6.4336258870395966  3.1341547778983156 6.3663808878623485  3.1431296809410338 6.300578346950485  3.1521094750360219 6.2362362313681423  3.1610950990602547 6.1733726745612616  3.1700875000154731 6.1120059200572978  3.1790877355556781 6.0521615343187287  3.188096866884147 5.9938648770484404  3.197115964991645 5.937141529398386  3.2061460906916914 5.8820163934839353  3.2151883644784691 5.8285168661177478  3.2242436335903646 5.776657903818843  3.2333125300220082 5.7264442755790173  3.2423957456700117 5.6778836651342557  3.2514939562394289 5.6309805879206989  3.2606078870655062 5.5857496079973377  3.2697383542056246 5.5422625064113751  3.2788863661655885 5.5005813575269302  3.2880521996647971 5.4607840243162373  3.2972406948429991 5.4228598284066836  3.3064581943610842 5.3867637848277239  3.3157119976299625 5.3524519922086569  3.3249954611843702 5.3199561706970462  3.3342998075145736 5.2893183810727153  3.3436162100905285 5.2605885095384055  3.3529339074270457 5.2338582770915982  3.3622403645429428 5.2092286301032216  3.3715333791314697 5.186727802468603  3.3808188542837407 5.1663245495638499  3.3901014952472619 5.1480007503213079  3.3993832059113469 5.1317354868081493  3.4086632038634854 5.1175093468324526  3.4179413074359544 5.1053026505267232  3.427217200488462 5.0950953792954818  3.4364899859420346 5.0868783443145205  3.4457587266123166 5.080643202261343  3.4550224678329018 5.0763804238949719  3.4642803529985566 5.0740844501619886  3.4735322852291235 5.0737811173579255  3.4827781318093991 5.0754923998345118  3.4920176461919872 5.0792455513823871  3.5012510687508902 5.085049915456036  3.5104809250201883 5.0928310256316758  3.5197094958963633 5.1025267262185965  3.5289390442044821 5.1140624004419823  3.5381722865494551 5.1274193080795047  3.5474121581594811 5.142609734192237  3.5566617238869824 5.1596370404305461  3.5659233480438153 5.1785130567235091  3.5751955510785329 5.1992860690066118  3.5844772190957932 5.2219979546334416  3.5937673360945492 5.2467015814743307  3.6030618610960681 5.2732977628902047  3.6123564484124993 5.3016737868073678  3.6216469001844471 5.3317202800915418  3.630928649252223 5.3633296960222445  3.6401972633290796 5.3964064015046578  3.6494472663752342 5.4308207050033444  3.6586782683134178 5.4666016931483385  3.667894502365685 5.5039135689413135  3.6770996775630391 5.542930976543297  3.6862950639105767 5.5836156094490965  3.6954800425723016 5.6257838201826083  3.704654538629244 5.6692788768514486  3.7138170088066942 5.7140153868492138  3.7229657079887275 5.7599199249972255  3.7320990731655774 5.8069206285243435  3.7412186881401914 5.8550597606470216  3.7503260125224149 5.9043724018954888  3.7594225177966116 5.9549043233488419  3.7685097965270931 6.0065970552626018  3.7775894612838656 6.0593773127845321  3.786663114735727 6.1131757644555922  3.7957323588375607 6.1679217778693287  3.8047982962667373 6.2235924520334409  3.8138620255015536 6.2801650832153495  3.8229246493303002 6.3376168975396672  3.8319872500529106 6.3959252047360691  3.8410505547380103 6.4550692404594328  3.850115288910295 6.5150279316619466  3.8591822443009463 6.5757811090393581  3.8682519598944984 6.6373052804839707  3.8773204974297659 6.6995191865349906  3.8863842236187804 6.7623454185172767  3.8954390799382188 6.8257016461861966  3.9044825950159208 6.8895236130801418  3.9135149279026478 6.9537771322136654  3.9225357686695652 7.0184226344506904  3.9315448484663804 7.0834215692972071  3.9405421805773679 7.1487367978750518  3.9495288485987969 7.2143372450625574  3.9585057807687432 7.2801909665496867  3.9674739424455847 7.3462662907434506  3.9764342772468795 7.4125313243709732  3.985387747290372 7.4789548017461405  3.9943354549435504 7.5455094704378016  4.0032784890995581 7.6121676982503308  4.012217940719359 7.678901959464338  4.0211548986215391 7.7456846822201308  4.0300904469257848 7.8124883727428331  4.039025675650703 7.8792852710586798  4.0479615664973041 7.9460505834302646  4.0568990896206234 8.0127599276240353  4.0658392213804397 8.0793888145677304  4.0747829388955221 8.1459127790351946  4.083731221067195 8.2123073672544429  4.092685046621674 8.2785480557907114  4.1016453975922298 8.3446105884062529  4.1106132057953468 8.4104666845726985  4.1195894064944705 8.4760876997114281  4.128574937116972 8.5414450735857095  4.1375707585797299 8.6065102689421309  4.1465777681940006 8.6712545722519643  4.1555971235573272 8.7356499521045787  4.1646283248770564 8.7996639363039488  4.1736702471876992 8.8632623613157673  4.1827219272743923 8.9264115162607141  4.1917823616427601 8.9890774439433692  4.2008505815436905 9.0512267197777323  4.2099255511239635 9.1128237258754137  4.2190061363148317 9.1738297144311627  4.2280912020461505 9.2342062447050104  4.2371796851345156 9.2939158506796193  4.2462702423871832 9.3529168603819208  4.2553630110788587 9.4111897285913066  4.2644591485490571 9.4687301947482005  4.2735595828556612 9.5255303925754848  4.2826653018127576 9.5815838240796189  4.2917772940740626 9.6368821238500271  4.3008964923995423 9.6914230278609477  4.3100244408399364 9.7451429663407403  4.3191628335722765 9.797962934701772  4.3283132109134099 9.8498242873539255  4.3374776202597038 9.9006020929288354  4.3466555725675304 9.9505082998664953  4.3527816662654999 9.9835051371780139  4.3558462742091155 9.9999999957961982 
 0 4 0.005681818181818182 1 0.011363636363636364 1 0.017045454545454544 1 0.022727272727272728 1 0.028409090909090912 1 0.034090909090909088 1 0.039772727272727272 1 0.045454545454545456 1 0.05113636363636364 1 0.056818181818181823 1 0.0625 1 0.068181818181818177 1 0.073863636363636367 1 0.079545454545454544 1 0.085227272727272735 1 0.090909090909090912 1 0.096590909090909088 1 0.10227272727272728 1 0.10795454545454546 1 0.11363636363636365 1 0.11931818181818182 1 0.125 1 0.13068181818181818 1 0.13636363636363635 1 0.14204545454545456 1 0.14772727272727273 1 0.15340909090909091 1 0.15909090909090909 1 0.16477272727272727 1 0.17045454545454547 1 0.17613636363636365 1 0.18181818181818182 1 0.1875 1 0.19318181818181818 1 0.19886363636363638 1 0.20454545454545456 1 0.21022727272727273 1 0.21590909090909091 1 0.22159090909090909 1 0.22727272727272729 1 0.23295454545454547 1 0.23863636363636365 1 0.24431818181818182 1 0.25 1 0.25568181818181818 1 0.26136363636363635 1 0.26704545454545453 1 0.27272727272727271 1 0.27840909090909094 1 0.28409090909090912 1 0.28977272727272729 1 0.29545454545454547 1 0.30113636363636365 1 0.30681818181818182 1 0.3125 1 0.31818181818181818 1 0.32386363636363635 1 0.32954545454545453 1 0.33522727272727276 1 0.34090909090909094 1 0.34659090909090912 1 0.35227272727272729 1 0.35795454545454547 1 0.36363636363636365 1 0.36931818181818182 1 0.375 1 0.38068181818181818 1 0.38636363636363635 1 0.39204545454545453 1 0.39772727272727276 1 0.40340909090909094 1 0.40909090909090912 1 0.41477272727272729 1 0.42045454545454547 1 0.42613636363636365 1 0.43181818181818182 1 0.4375 1 0.44318181818181818 1 0.44886363636363635 1 0.45454545454545459 1 0.46022727272727276 1 0.46590909090909094 1 0.47159090909090912 1 0.47727272727272729 1 0.48295454545454547 1 0.48863636363636365 1 0.49431818181818182 1 0.5 1 0.50568181818181823 1 0.51136363636363635 1 0.51704545454545459 1 0.52272727272727271 1 0.52840909090909094 1 0.53409090909090906 1 0.53977272727272729 1 0.54545454545454541 1 0.55113636363636365 1 0.55681818181818188 1 0.5625 1 0.56818181818181823 1 0.57386363636363635 1 0.57954545454545459 1 0.58522727272727271 1 0.59090909090909094 1 0.59659090909090906 1 0.60227272727272729 1 0.60795454545454553 1 0.61363636363636365 1 0.61931818181818188 1 0.625 1 0.63068181818181823 1 0.63636363636363635 1 0.64204545454545459 1 0.64772727272727271 1 0.65340909090909094 1 0.65909090909090906 1 0.66477272727272729 1 0.67045454545454553 1 0.67613636363636365 1 0.68181818181818188 1 0.6875 1 0.69318181818181823 1 0.69886363636363635 1 0.70454545454545459 1 0.71022727272727271 1 0.71590909090909094 1 0.72159090909090906 1 0.72727272727272729 1 0.73295454545454553 1 0.73863636363636365 1 0.74431818181818188 1 0.75 1 0.75568181818181823 1 0.76136363636363635 1 0.76704545454545459 1 0.77272727272727271 1 0.77840909090909094 1 0.78409090909090906 1 0.78977272727272729 1 0.79545454545454553 1 0.80113636363636365 1 0.80681818181818188 1 0.8125 1 0.81818181818181823 1 0.82386363636363635 1 0.82954545454545459 1 0.83522727272727271 1 0.84090909090909094 1 0.84659090909090906 1 0.85227272727272729 1 0.85795454545454553 1 0.86363636363636365 1 0.86931818181818188 1 0.875 1 0.88068181818181823 1 0.88636363636363635 1 0.89204545454545459 1 0.89772727272727271 1 0.90340909090909094 1 0.90909090909090917 1 0.91477272727272729 1 0.92045454545454553 1 0.92613636363636365 1 0.93181818181818188 1 0.9375 1 0.94318181818181823 1 0.94886363636363635 1 0.95454545454545459 1 0.96022727272727271 1 0.96590909090909094 1 0.97159090909090917 1 0.97727272727272729 1 0.98295454545454553 1 0.98863636363636365 1 0.99431818181818188 1 1 4
7 0 0  3 311 309  0.99999977009289398 0.098777629947871703  0.99999976973812854 0.099379306004144061  0.99999976930814871 0.10058052647739929  0.99999976925126055 0.10237601401924401  0.99999976951171243 0.10416521034198431  0.99999976988936012 0.10594816669769204  0.99999977021304776 0.1077249338798872  0.99999977038212495 0.10949556222362759  0.99999977039605248 0.11126010169014688  0.99999977028923492 0.11301860175669913  0.99999977013042607 0.11477111142446646  0.99999977006710283 0.11651767930637748  0.99999977010328778 0.11825835323481873  0.99999977013248564 0.11999318031147509  0.99999977012949004 0.12172220728204351  0.99999977009625274 0.12344548036470893  0.99999977011391983 0.12516304565733266  0.99999977017032782 0.12687495075527169  0.99999977018579567 0.12858124031115634  0.99999977015326003 0.13028195911103424  0.99999977009555219 0.13197715140757835  0.99999977010994523 0.13366686102657155  0.99999977015777786 0.13535113183676242  0.99999977017100161 0.13703000748343488  0.99999977014219188 0.13870353117522724  0.99999977009296237 0.14037174574280523  0.99999977011585517 0.14203469364572782  0.99999977017411257 0.14369241690182238  0.99999977019396025 0.14534495712222861  0.99999977016439323 0.14699235555495216  0.99999977010374141 0.14863465309049781  0.99999977010112051 0.15027189023866991  0.99999977015459285 0.15190410728226336  0.99999977017953523 0.15353134426376649  0.99999977015966712 0.15515364085132732  0.99999977010755126 0.15677103637635134  0.99999977009557228 0.15838356983259866  0.99999977016619834 0.15999127987926465  0.99999977021701381 0.16159420483131157  0.99999977021462294 0.16319238267411296  0.99999977015924124 0.16478585107616797  0.99999977009157037 0.16637464736405522  0.99999977010064589 0.16795880864551618  0.99999977011338914 0.16953836958205543  0.99999977010160901 0.17111336443715375  0.99999977009151164 0.17268382722556308  0.9999997700750044 0.17424979167902566  0.99999977013605312 0.17581129125686823  0.9999997702447907 0.17736835916479876  0.99999977029328913 0.17892102834773119  0.9999997702575063 0.18046933148040753  0.9999997701590907 0.18201330097641613  0.9999997700785086 0.18355296899186174  0.99999977014067587 0.18508836743361193  0.99999977021608843 0.18661952799396864  0.99999977023662623 0.18814648210724855  0.99999977018843866 0.18966926095751635  0.99999977010299046 0.19118789548332804  0.99999977010003005 0.19270241638189889  0.99999977020172393 0.1942128541186097  0.99999977027119824 0.19571923892074936  0.99999977026602327 0.19722160077715059  0.99999977018952912 0.19871996943259915  0.99999977009106755 0.20021437443849033  0.99999977011365193 0.20170484498522639  0.99999977021068587 0.20319141086306619  0.99999977027242204 0.20467410199703945  0.99999977026257858 0.20615294798638395  0.99999977018592967 0.2076279782246841  0.99999977009168695 0.20909922187326965  0.9999997700923936 0.21056670787561782  0.99999977011669627 0.21203046494726532  0.99999977011382168 0.2134905215802993  0.99999977009480268 0.21494690604955105  0.99999977007855378 0.21639964641659384  0.99999977008751972 0.21784877053150534  0.99999977019563813 0.21929430603767566  0.99999977029201581 0.22073628036900025  0.9999997703175757 0.2221747207501247  0.99999977025960718 0.22360965420163112  0.99999977015073016 0.22504110754420567  0.99999977007851049 0.22646910740267739  0.99999977014763453 0.22789368021124026  0.9999997702281177 0.22931485220967826  0.99999977025778441 0.23073264944121732  0.99999977021670705 0.23214709775822193  0.99999977013075825 0.2335582228243305  0.99999977008299035 0.23496605012500479  0.99999977016367003 0.23637060494724346  0.999999770243161 0.23777191226274838  0.99999977026467624 0.23916999687314547  0.99999977021383268 0.24056488339904314  0.99999977012239061 0.24195659628805324  0.99999977008375518 0.243345159817414  0.99999977018546204 0.24473059809893177  0.99999977028613785 0.24611293507355611  0.9999997703226573 0.24749219451063073  0.99999977027303621 0.24886840001265079  0.99999977016107744 0.25024157501875438  0.99999977007490248 0.2516117428088448  0.99999977008382246 0.25297892650607762  0.99999977009956775 0.25434314907022615  0.9999997701177693 0.25570443330322612  0.99999977011068664 0.25706280185159497  0.99999977008247931 0.2584182772080954  0.99999977011411068 0.25977088171540241  0.99999977022063136 0.26112063757019921  0.9999997702862643 0.26246756681888256  0.99999977027604048 0.26381169135727678  0.99999977019698982 0.2651530329380718  0.99999977009599195 0.26649161316206005  0.99999977010716956 0.26782745352685322  0.99999977019741071 0.26916057520181241  0.99999977025231768 0.27049099909819202  0.99999977023777087 0.27181874601620448  0.99999977016316965 0.2731438366140837  0.99999977008388941 0.27446629142039813  0.99999977012819563 0.27578613083616327  0.99999977020366582 0.27710337513050842  0.99999977023144138 0.27841804443881857  0.99999977019367092 0.27973015876767254  0.99999977011468388 0.28103973799724802  0.99999977008951613 0.28234680188671912  0.99999977018384667 0.28365137006956503  0.99999977026163178 0.28495346203339245  0.99999977027219922 0.28625309714416974  0.99999977020769937 0.28755029464643994  0.99999977010516794 0.28884507366695999  0.99999977008087382 0.29013745321923051  0.99999977009769991 0.29142745219770144  0.99999977010504615 0.29271508937799023  0.99999977010617769 0.29400038342012408  0.99999977008583429 0.29528335287899432  0.99999977010959751 0.29656401616984945  0.99999977019946529 0.29784239172248594  0.99999977024884557 0.29911849808953084  0.99999977022980968 0.30039235366982125  0.99999977015398189 0.30166397676421819  0.9999997700836738 0.30293338556428495  0.99999977012647379 0.30420059815989547  0.99999977017872865 0.30546563253402814  0.9999997701861697 0.30672850656182277  0.99999977014362718 0.30798923801448097  0.99999977008779151 0.30924784456145737  0.99999977012645913 0.31050434377552766  0.99999977018464326 0.31175875311987744  0.99999977019602404 0.31301108995355187  0.9999997701543164 0.31426137153741546  0.9999997700916291 0.31550961503601249  0.99999977011469376 0.31675583752153497  0.99999977016063168 0.31800005597129483  0.9999997701659149 0.31924228726535647  0.99999977012778385 0.3204825481906049  0.99999977008748098 0.32172085544271817  0.99999977013779273 0.32295722563115553  0.99999977018498443 0.32419167517511371  0.99999977018240027 0.32542422040153457  0.99999977012992092 0.32665487755000933  0.9999997700874772 0.32788366277523656  0.99999977011824626 0.32911059214879407  0.99999977014154329 0.3303356816536791  0.99999977012884556 0.33155894718806217  0.99999977009256669 0.33278040456654862  0.99999977011975449 0.33400006952731887  0.99999977015870978 0.33521795770669088  0.99999977015503805 0.33643408465209934  0.99999977011096208 0.33764846583310154  0.99999977009680097 0.33886111664243579  0.99999977013587538 0.34007205239681859  0.99999977014494579 0.34128128833115606  0.9999997701162211 0.34248883960548582  0.9999997700937322 0.34369472130020712  0.99999977013222119 0.34489894844547492  0.99999977014720054 0.34610153609313626  0.99999977012396546 0.34730249920914946  0.99999977009199226 0.34850185269078721  0.99999977012395758 0.34969961136585032  0.99999977014237862 0.35089578999170928  0.99999977012430408 0.35209040325397756  0.99999977009243068 0.35328346576956121  0.9999997701220692 0.35447499208969363  0.99999977014188435 0.35566499669516427  0.99999977012513031 0.35685349399804367  0.99999977009279251 0.35804049834473445  0.999999770120234 0.35922602401889331  0.99999977013919861 0.36041008523976487  0.9999997701225154 0.36159269616096629  0.99999977009276875 0.36277387087333474  0.99999977012234653 0.36395362340816162  0.9999997701402692 0.36513196769422357  0.99999977012195296 0.36630891759754197  0.99999977009253094 0.36748448692460822  0.99999977012393015 0.36865868942517682  0.99999977014212671 0.36983153879170783  0.99999977012350871 0.37100304865693184  0.99999977009237306 0.37217323259673868  0.99999977012295282 0.37334210413294555  0.9999997701420551 0.37450967674262753  0.99999977012467056 0.37567596384579488  0.99999977009191254 0.37684097880811979  0.9999997701236466 0.37800473494387837  0.99999977014931174 0.37916724551450803  0.99999977013573516 0.38032852372803616  0.99999977009541796 0.38148858273559916  0.99999977011213459 0.38264743565762799  0.99999977013753483 0.38380509542272101  0.99999977012744279 0.38496157486968924  0.99999977009155994 0.38611688679905476  0.99999977011726471 0.38727104395857903  0.99999977018302677 0.38842405907056843  0.99999977020180297 0.38957594482104929  0.99999977016443686 0.39072671384475133  0.99999977009660268 0.39187637873303122  0.99999977010503094 0.39302495202895454  0.99999977013960706 0.3941724462693933  0.99999977013315811 0.39531887395578669  0.99999977008557861 0.39646424754166837  0.9999997700379808 0.3976085794399255  0.99999977011998009 0.39875188201954448  0.99999977038605625 0.39989416762756536  0.9999997706485052 0.40103544860226281  0.9999997708153876 0.40217573723003636  0.99999977083129632 0.40331504575573468  0.99999977069269941 0.40445338638285722  0.9999997704458693 0.40559077127597992  0.99999977017984087 0.40672721256431987  0.99999977005658214 0.4078627223384611  0.99999977019286734 0.40899731267397621  0.99999977039009691 0.4101309956700302  0.99999977054470757 0.41126378337510938  0.99999977058899092 0.41239568780052926  0.99999977050678435 0.41352672091966075  0.99999977032995879 0.41465689467081507  0.99999977013681152 0.41578622095969953  0.99999977006195873 0.41691471165987065  0.99999977025807407 0.41804237862159727  0.99999977053160227 0.41916923371793885  0.9999997707597702 0.42029528877955125  0.99999977086143343 0.42142055560225888  0.99999977080504865 0.42254504594778591  0.99999977060603296 0.4236687715463156  0.99999977032939258 0.42479174409853154  0.99999977008183261 0.42591397527783359  0.99999977004061258 0.42703547673232567  0.99999977009182939 0.42815626009519808  0.99999977013683061 0.4292763369673479  0.99999977013861485 0.43039571891882505  0.99999977010204488 0.43151441749192726  0.99999977009830454 0.43263244420077196  0.99999977017222963 0.43374981054337503  0.99999977021616426 0.43486652801051107  0.99999977020136654 0.43598260806150113  0.99999977013481733 0.43709806213085695  0.99999977008653995 0.43821290162911003  0.99999977012111285 0.43932713794550066  0.99999977014184227 0.44044078244089852  0.9999997701279022 0.44155384645592494  0.9999997700913299 0.44266634128937671  0.99999977012173558 0.44377827828935684  0.99999977016887875 0.44488966832033672  0.99999977016843622 0.44600052205601393  0.99999977012121299 0.44711085019086499  0.99999977009118191 0.44822066338938149  0.99999977013572461 0.44932997230235294  0.99999977015524011 0.45043878755828443  0.99999977013277863 0.45154711976530792  0.99999977008953733 0.45265497951338557  0.99999977012600882 0.45376237737627434  0.99999977017321362 0.45486932391632862  0.99999977017191133 0.45597582967671552  0.99999977012063312 0.4570819051826151  0.99999977008985264 0.45818756094406937  0.9999997701036234 0.459292807455706  0.99999977010301788 0.46039765519073345  0.99999977009993191 0.4615021146118235  0.99999977009602681 0.4626061961483191  0.99999977014126074 0.46370991028390751  0.99999977016295916 0.46481326845337384  0.99999977014268093 0.46591628202194801  0.99999977009652941 0.4670189623543396  0.99999977010908214 0.46812132079931701  0.9999997701396528 0.46922336869367742  0.99999977013773611 0.47032511735936661  0.99999977010429353 0.4714265781021782  0.99999977010169749 0.47252776222902948  0.99999977014129326 0.47362868098372174  0.99999977014933827 0.47472934552428536  0.99999977012023078 0.47582976701176616  0.99999977009275076 0.47692995659390852  0.99999977012630292 0.4780299254132499  0.99999977014232733 0.47912968460697591  0.99999977012429131 0.48022924530234617  0.99999977009162 0.48132861861799309  0.99999977012437802 0.48242781567161414  0.99999977015732899 0.48352684752105635  0.99999977014992747 0.48462572520975877  0.99999977010607244 0.48572445977579043  0.99999977009637231 0.48682306225677252  0.99999977010605834 0.48792154366569751  0.99999977009638474 0.48901991499720981  0.99999977007591079 0.49011818724829692  0.99999977012020924 0.49121637140629165  0.99999977023323883 0.49231447848940407  0.99999977028943121 0.49341251955610332  0.99999977024151276 0.49451050565170618  0.99999977007610175 0.49560844782217378  0.99999976983341909 0.49670635711103883  0.9999997696278522 0.49780424455806849  0.99999976961398629 0.49890212120792743  0.99999976986827088 0.49963403914607757  0.99999977009289398 0.49999999999999994 
 0 4 0.0032467532467299037 1 0.0064935064934598073 1 0.009740259740189711 1 0.012987012986919615 1 0.01623376623364952 1 0.019480519480379422 1 0.022727272727109324 1 0.025974025973839229 1 0.029220779220569135 1 0.03246753246729904 1 0.035714285714028939 1 0.038961038960758844 1 0.042207792207488749 1 0.045454545454218648 1 0.048701298700948553 1 0.051948051947678459 1 0.055194805194408364 1 0.058441558441138269 1 0.061688311687868168 1 0.06493506493459808 1 0.068181818181327972 1 0.071428571428057877 1 0.074675324674787782 1 0.077922077921517688 1 0.081168831168247593 1 0.084415584414977499 1 0.087662337661707404 1 0.090909090908437296 1 0.094155844155167201 1 0.097402597401897106 1 0.10064935064862701 1 0.10389610389535692 1 0.10714285714208682 1 0.11038961038881673 1 0.11363636363554663 1 0.11688311688227654 1 0.12012987012900643 1 0.12337662337573634 1 0.12662337662246625 1 0.12987012986919616 1 0.13311688311592604 1 0.13636363636265594 1 0.13961038960938585 1 0.14285714285611575 1 0.14610389610284566 1 0.14935064934957556 1 0.15259740259630547 1 0.15584415584303538 1 0.15909090908976528 1 0.16233766233649519 1 0.16558441558322509 1 0.168831168829955 1 0.1720779220766849 1 0.17532467532341481 1 0.17857142857014471 1 0.18181818181687459 1 0.1850649350636045 1 0.1883116883103344 1 0.19155844155706431 1 0.19480519480379421 1 0.19805194805052412 1 0.20129870129725402 1 0.20454545454398393 1 0.20779220779071383 1 0.21103896103744374 1 0.21428571428417365 1 0.21753246753090355 1 0.22077922077763346 1 0.22402597402436336 1 0.22727272727109327 1 0.23051948051782317 1 0.23376623376455308 1 0.23701298701128296 1 0.24025974025801286 1 0.24350649350474277 1 0.24675324675147267 1 0.24999999999820258 1 0.25324675324493251 1 0.25649350649166242 1 0.25974025973839232 1 0.26298701298512217 1 0.26623376623185208 1 0.26948051947858198 1 0.27272727272531189 1 0.27597402597204179 1 0.2792207792187717 1 0.2824675324655016 1 0.28571428571223151 1 0.28896103895896141 1 0.29220779220569132 1 0.29545454545242122 1 0.29870129869915113 1 0.30194805194588104 1 0.30519480519261094 1 0.30844155843934085 1 0.31168831168607075 1 0.31493506493280066 1 0.31818181817953056 1 0.32142857142626047 1 0.32467532467299037 1 0.32792207791972028 1 0.33116883116645018 1 0.33441558441318009 1 0.33766233765990999 1 0.3409090909066399 1 0.34415584415336981 1 0.34740259740009971 1 0.35064935064682962 1 0.35389610389355952 1 0.35714285714028943 1 0.36038961038701933 1 0.36363636363374918 1 0.36688311688047909 1 0.37012987012720899 1 0.3733766233739389 1 0.3766233766206688 1 0.37987012986739871 1 0.38311688311412861 1 0.38636363636085852 1 0.38961038960758843 1 0.39285714285431833 1 0.39610389610104824 1 0.39935064934777814 1 0.40259740259450805 1 0.40584415584123795 1 0.40909090908796786 1 0.41233766233469776 1 0.41558441558142767 1 0.41883116882815757 1 0.42207792207488748 1 0.42532467532161738 1 0.42857142856834729 1 0.4318181818150772 1 0.4350649350618071 1 0.43831168830853701 1 0.44155844155526691 1 0.44480519480199682 1 0.44805194804872672 1 0.45129870129545663 1 0.45454545454218653 1 0.45779220778891644 1 0.46103896103564634 1 0.46428571428237625 1 0.46753246752910615 1 0.470779220775836 1 0.47402597402256591 1 0.47727272726929582 1 0.48051948051602572 1 0.48376623376275563 1 0.48701298700948553 1 0.49025974025621544 1 0.49350649350294534 1 0.49675324674967525 1 0.49999999999640515 1 0.50324675324313506 1 0.50649350648986502 1 0.50974025973659487 1 0.51298701298332483 1 0.51623376623005468 1 0.51948051947678464 1 0.52272727272351449 1 0.52597402597024434 1 0.5292207792169743 1 0.53246753246370415 1 0.53571428571043411 1 0.53896103895716396 1 0.54220779220389392 1 0.54545454545062377 1 0.54870129869735373 1 0.55194805194408358 1 0.55519480519081355 1 0.55844155843754339 1 0.56168831168427336 1 0.56493506493100321 1 0.56818181817773317 1 0.57142857142446302 1 0.57467532467119298 1 0.57792207791792283 1 0.58116883116465279 1 0.58441558441138264 1 0.5876623376581126 1 0.59090909090484245 1 0.59415584415157241 1 0.59740259739830226 1 0.60064935064503222 1 0.60389610389176207 1 0.60714285713849203 1 0.61038961038522188 1 0.61363636363195184 1 0.61688311687868169 1 0.62012987012541165 1 0.6233766233721415 1 0.62662337661887135 1 0.62987012986560131 1 0.63311688311233116 1 0.63636363635906112 1 0.63961038960579097 1 0.64285714285252094 1 0.64610389609925079 1 0.64935064934598075 1 0.6525974025927106 1 0.65584415583944056 1 0.65909090908617041 1 0.66233766233290037 1 0.66558441557963022 1 0.66883116882636018 1 0.67207792207309003 1 0.67532467531981999 1 0.67857142856654984 1 0.6818181818132798 1 0.68506493506000965 1 0.68831168830673961 1 0.69155844155346946 1 0.69480519480019942 1 0.69805194804692927 1 0.70129870129365923 1 0.70454545454038908 1 0.70779220778711904 1 0.71103896103384889 1 0.71428571428057885 1 0.7175324675273087 1 0.72077922077403866 1 0.72402597402076851 1 0.72727272726749836 1 0.73051948051422833 1 0.73376623376095818 1 0.73701298700768814 1 0.74025974025441799 1 0.74350649350114795 1 0.7467532467478778 1 0.74999999999460776 1 0.75324675324133761 1 0.75649350648806757 1 0.75974025973479742 1 0.76298701298152738 1 0.76623376622825723 1 0.76948051947498719 1 0.77272727272171704 1 0.775974025968447 1 0.77922077921517685 1 0.78246753246190681 1 0.78571428570863666 1 0.78896103895536662 1 0.79220779220209647 1 0.79545454544882643 1 0.79870129869555628 1 0.80194805194228624 1 0.80519480518901609 1 0.80844155843574605 1 0.8116883116824759 1 0.81493506492920587 1 0.81818181817593572 1 0.82142857142266568 1 0.82467532466939553 1 0.82792207791612549 1 0.83116883116285534 1 0.83441558440958519 1 0.83766233765631515 1 0.840909090903045 1 0.84415584414977496 1 0.84740259739650481 1 0.85064935064323477 1 0.85389610388996462 1 0.85714285713669458 1 0.86038961038342443 1 0.86363636363015439 1 0.86688311687688424 1 0.8701298701236142 1 0.87337662337034405 1 0.87662337661707401 1 0.87987012986380386 1 0.88311688311053382 1 0.88636363635726367 1 0.88961038960399363 1 0.89285714285072348 1 0.89610389609745345 1 0.89935064934418329 1 0.90259740259091326 1 0.90584415583764311 1 0.90909090908437307 1 0.91233766233110292 1 0.91558441557783288 1 0.91883116882456273 1 0.92207792207129269 1 0.92532467531802254 1 0.9285714285647525 1 0.93181818181148235 1 0.93506493505821231 1 0.93831168830494216 1 0.94155844155167201 1 0.94480519479840197 1 0.94805194804513182 1 0.95129870129186178 1 0.95454545453859163 1 0.95779220778532159 1 0.96103896103205144 1 0.9642857142787814 1 0.96753246752551125 1 0.97077922077224121 1 0.97402597401897106 1 0.97727272726570102 1 0.98051948051243087 1 0.98376623375916084 1 0.98701298700589069 1 0.99025974025262065 1 0.9935064934993505 1 0.99675324674608046 1 0.99999999999281031 4
7 0 0  3 311 309  1.3524597213772895 1.0577884347672064  1.3509957158529806 1.057788518474654  1.3480677322489625 1.0577886203997378  1.3436758363802741 1.057788635041041  1.3392840172385856 1.0577885737223705  1.3348922720621312 1.0577884845087477  1.3305005981456808 1.0577884079040205  1.3261089927002132 1.0577883678664535  1.3217174526971058 1.0577883645541131  1.3173259751428992 1.0577883898447762  1.3129345570784838 1.0577884274575224  1.3085431953712683 1.0577884424365414  1.3041518877178568 1.0577884338365198  1.2997606325475934 1.0577884269162376  1.2953694280948966 1.057788427645711  1.2909782728456387 1.0577884355480789  1.2865871645194771 1.057788431352386  1.2821960959007197 1.0577884179648265  1.2778050662201739 1.0577884142936469  1.2734140733290482 1.0577884220157265  1.2690231154090257 1.0577884357123466  1.26463219071861 1.0577884322961113  1.2602412963781964 1.057788420943568  1.2558504290609853 1.0577884178050663  1.2514595855595545 1.0577884246427718  1.2470687626459303 1.0577884363269749  1.2426779570650992 1.0577884308937227  1.2382871657342662 1.0577884170666223  1.2338963856646332 1.0577884123561787  1.2295056138584655 1.0577884193734277  1.225114847305441 1.0577884337686394  1.2207240830567661 1.0577884343908188  1.2163333178236815 1.0577884216995264  1.2119425480189281 1.0577884157797282  1.207551770127093 1.0577884204950263  1.2031609806150412 1.0577884328645883  1.1987701759451308 1.0577884357075811  1.1943793525777975 1.0577884189450446  1.1899885070089524 1.0577884068845438  1.1855976357412326 1.0577884074518258  1.1812067352591133 1.057788420596401  1.1768158021104038 1.0577884366573993  1.1724248325700279 1.0577884345034412  1.1680338288514653 1.0577884314788559  1.1636427934897915 1.0577884342747585  1.1592517289312321 1.0577884366713985  1.1548606376381136 1.0577884405892073  1.150469522067691 1.057788426099749  1.146078384627585 1.0577884002917852  1.1416872277037911 1.0577883887811668  1.1372960536954597 1.0577883972739612  1.1329048649977322 1.0577884206319959  1.1285136639994087 1.0577884397574731  1.1241224530674934 1.0577884250026539  1.1197312344552801 1.0577884071040691  1.1153400104337736 1.0577884022297708  1.1109487832776628 1.0577884136664195  1.1065575552594586 1.0577884339468724  1.1021663286451731 1.0577884346495647  1.0977751056742338 1.0577884105134066  1.0933838885850407 1.0577883940242701  1.0889926796234897 1.0577883952524638  1.0846014810673281 1.0577884134078386  1.0802102950840149 1.0577884367766628  1.0758191242331274 1.0577884314167503  1.0714279686364807 1.0577884083863063  1.0670368273295943 1.0577883937337853  1.0626456996263147 1.0577883960700223  1.058254584772468 1.0577884142620277  1.0538634820316843 1.0577884366296555  1.0494723906501193 1.0577884364621417  1.0450813098938845 1.0577884306939718  1.0406902390431874 1.0577884313762369  1.0362991773810675 1.0577884358901437  1.0319081241885433 1.0577884397468185  1.0275170787463623 1.0577884376187094  1.0231260403274469 1.0577884119578951  1.0187350082123274 1.0577883890832522  1.0143439816954414 1.0577883830167882  1.009952960076274 1.0577883967752548  1.0055619426534053 1.0577884226160967  1.0011709287187993 1.0577884397567112  0.99677991754825257 1.0577884233508108  0.99238890841946292 1.0577884042488401  0.9879979006252706 1.0577883972077256  0.98360689346260788 1.0577884069570727  0.97921588623229983 1.0577884273562712  0.97482487821256103 1.0577884386936911  0.97043386872818294 1.0577884195449543  0.96604285752416585 1.0577884006785259  0.9616518443202805 1.0577883955720326  0.95726082885095931 1.0577884076392254  0.95286981084622779 1.057788429342194  0.94847879002923108 1.0577884385120326  0.9440877661063457 1.0577884143729166  0.93969673879003512 1.0577883904784051  0.93530570780709155 1.0577883818106999  0.93091467288930374 1.0577883935879517  0.92652363376798541 1.057788420160483  0.92213259016634297 1.0577884406134299  0.91774154179691814 1.0577884384962457  0.91335048838834898 1.0577884347592426  0.90895942967310517 1.0577884304392804  0.90456836538508201 1.057788432120349  0.90017729525956525 1.0577884388150844  0.89578621902663458 1.0577884313076211  0.89139513640299917 1.0577884060258715  0.8870040471110614 1.0577883904484315  0.8826129508851045 1.0577883928750105  0.87822184745207954 1.0577884116370262  0.87383073656554466 1.0577884356079155  0.86943961785025681 1.057788432955183  0.86504849154788077 1.0577884115371075  0.86065735829715051 1.0577883985054009  0.85626621865547825 1.0577884019579948  0.85187507320528244 1.05778841966395  0.84748392251808691 1.0577884384803597  0.84309276715194303 1.0577884279646395  0.83870160767033686 1.0577884100525257  0.83431044465301474 1.0577884034601632  0.82991927868410087 1.0577884124247063  0.82552811034852791 1.0577884311716446  0.82113694021831163 1.0577884371448845  0.81674576887256611 1.0577884147564842  0.81235459697007417 1.0577883962946351  0.80796342517241893 1.0577883937868626  0.80357225414749678 1.057788409095046  0.79918108456146575 1.0577884334301391  0.79478991706748525 1.0577884391961678  0.79039875232948342 1.0577884352026623  0.78600759102562523 1.0577884334589853  0.78161643384147517 1.0577884331904992  0.77722528143817982 1.0577884380188352  0.77283413457483185 1.0577884323787683  0.76844299358357382 1.05778841104949  0.76405185799604791 1.0577883993294153  0.7596607274946906 1.0577884038476302  0.75526960172563784 1.0577884218444749  0.75087848034138582 1.057788438531664  0.74648736297847385 1.0577884283733756  0.74209624927931528 1.0577884159711506  0.73770513889944045 1.0577884142050498  0.73331403149785679 1.0577884243022537  0.72892292673325332 1.0577884375542526  0.72453182425003626 1.0577884283769796  0.72014072372719284 1.0577884145672503  0.71574962486321259 1.0577884118662184  0.71135852735897342 1.0577884217651501  0.70696743091486791 1.0577884366434203  0.70257633522043128 1.0577884311693204  0.6981852399667664 1.0577884202661711  0.69379414485851643 1.057788419012289  0.68940304960308563 1.0577884280623293  0.68501195390722514 1.0577884376279416  0.68062085746258127 1.0577884256867367  0.67622976031955662 1.0577884144861474  0.6718386625442293 1.0577884150996593  0.66744756420412188 1.0577884275549867  0.66305646536279839 1.0577884376290672  0.65866536607675852 1.0577884303263072  0.65427426641825015 1.0577884247968778  0.64988316646515099 1.0577884278106306  0.64549206629970479 1.0577884364208687  0.64110096598598243 1.0577884299681495  0.636709865664705 1.0577884207222734  0.63231876551009725 1.0577884215939377  0.62792766569338765 1.0577884320549782  0.62353656638202948 1.0577884354156357  0.61914546773983714 1.0577884261415798  0.61475436995103516 1.0577884239884716  0.61036327319816364 1.0577884308062535  0.60597217768242329 1.0577884361443017  0.60158108351966333 1.0577884270107272  0.59718999047970278 1.0577884234561681  0.59279889838048805 1.0577884289708257  0.58840780702850337 1.0577884365575798  0.58401671622444129 1.0577884289666368  0.57962562576959797 1.0577884245908276  0.57523453547364878 1.0577884288804631  0.57084344514633223 1.0577884364513097  0.56645235458909515 1.0577884294325743  0.56206126361547382 1.0577884247436324  0.55767017204760172 1.057788428721907  0.5532790797077487 1.0577884363749657  0.54888798641024783 1.057788429804019  0.54449689197035955 1.0577884252517307  0.54010579621151644 1.0577884291988229  0.53571469895750001 1.0577884363693209  0.53132360002301482 1.0577884294664655  0.52693249937655173 1.0577884252015488  0.52254139699557867 1.0577884294989599  0.51815029285707304 1.0577884364229426  0.51375918692968636 1.0577884289481159  0.50936807917832716 1.0577884246299862  0.5049769695758497 1.0577884290628352  0.50058585809477918 1.0577884364683552  0.49619474469944197 1.0577884292167783  0.49180362931329202 1.057788424683008  0.48741251186758994 1.0577884288055759  0.48302139229365371 1.057788436575996  0.47863027051420481 1.0577884290422497  0.47423914645121901 1.057788422950922  0.46984802003048243 1.0577884261738064  0.46545689119729849 1.0577884357440552  0.46106575981950504 1.0577884317772188  0.45667462630102101 1.0577884257486905  0.45228349119950645 1.0577884281436365  0.44789235503342634 1.0577884366599983  0.44350121833921191 1.0577884305586678  0.43911008156959075 1.0577884149507202  0.43471894513663717 1.0577884104943691  0.43032780947118493 1.0577884193629965  0.42593667499484666 1.0577884354629927  0.42154554214103745 1.0577884334626315  0.41715441119603075 1.0577884252562137  0.41276328241246041 1.0577884267870428  0.40837215605923111 1.0577884380794411  0.40398103239591071 1.0577884493764547  0.39958991168734537 1.0577884299145304  0.39519879412144643 1.0577883667637542  0.39080767976017688 1.0577883044736773  0.3864165687072405 1.0577882648656227  0.38202546107061697 1.0577882610898728  0.37763435696391445 1.0577882939845196  0.37324325649912876 1.0577883525677385  0.36885215977495561 1.0577884157071409  0.36446106689148267 1.0577884449616415  0.36006997786087053 1.0577884126153383  0.35567889245939094 1.0577883658046916  0.35128781051656888 1.0577883291091463  0.34689673186510211 1.057788318598968  0.34250565634591618 1.0577883381099034  0.33811458379903658 1.0577883800780705  0.33372351405606621 1.0577884259197745  0.32933244694041336 1.0577884436854517  0.3249413822347969 1.057788397139227  0.32055031950343638 1.0577883322195845  0.31615925834756414 1.057788278065863  0.31176819837808079 1.0577882539369778  0.30737713921470022 1.0577882673194319  0.30298608047798459 1.0577883145541225  0.29859502178333158 1.0577883802124226  0.29420396273426336 1.0577884389686114  0.28981290291656425 1.0577884487517779  0.28542184185948699 1.057788436595952  0.28103077910566526 1.0577884259152293  0.27663971420744776 1.0577884254919248  0.27224864671669974 1.0577884341713775  0.26785757618842138 1.05778843505911  0.26346650213519607 1.0577884175135983  0.25907542399410849 1.0577884070861612  0.25468434122372463 1.0577884105981783  0.25029325327991059 1.0577884263931256  0.24590215961444906 1.0577884378513411  0.24151105966631345 1.0577884296458269  0.23711995289145057 1.0577884247258356  0.23272883873261133 1.057788428034359  0.22833771670648911 1.0577884367144617  0.22394658604550341 1.0577884294979956  0.21955544780519276 1.0577884183088806  0.21516430371294848 1.057788418414062  0.21077315533414182 1.0577884296219258  0.20638200427422695 1.0577884367496464  0.20199085211601864 1.0577884261776911  0.19759970045522213 1.0577884215460145  0.1932085508945138 1.0577884268768898  0.18881740503640748 1.0577884371398969  0.18442626447707033 1.0577884284837933  0.18003513078882893 1.0577884172800103  0.17564400555261755 1.0577884175892875  0.1712528903548044 1.0577884297595805  0.16686178677747435 1.0577884370650645  0.162470696401077 1.0577884337966144  0.15807962082987007 1.0577884339403774  0.1536885616502624 1.0577884346727213  0.14929752052292469 1.0577884355995113  0.14490649883601756 1.0577884248635625  0.14051549413655123 1.057788419713841  0.13612450418958366 1.0577884245265179  0.13173352670598334 1.0577884354804095  0.12734255940554939 1.0577884325011488  0.12295160000316738 1.0577884252452681  0.11856064622217292 1.057788425700583  0.11416969580146975 1.0577884336375236  0.10977874642853409 1.0577884342538575  0.10538779599748928 1.0577884248559997  0.10099684270165982 1.057788422946742  0.096605884681455062 1.0577884298551463  0.092214920091251401 1.0577884363772398  0.087823947068958033 1.0577884284140482  0.083432963738399257 1.0577884246105493  0.079041968229422013 1.0577884288913451  0.074650958674544535 1.0577884366456474  0.070259933180054662 1.0577884288707426  0.065868890063233446 1.0577884210503044  0.061477827672744921 1.0577884228066148  0.057086744354339032 1.0577884332155258  0.052695638432968039 1.0577884355176959  0.048304508311256295 1.0577884332188838  0.043913352446222895 1.0577884355144658  0.039522169268383492 1.0577884403736078  0.035130957231484475 1.0577884298602169  0.030739714652229053 1.0577884030345723  0.026348439674478717 1.0577883896977955  0.021957130484638748 1.0577884010730101  0.017565785258291881 1.057788440322162  0.013174402174303395 1.057788497946444  0.0087829794219830507 1.0577885466207502  0.0043915151681966341 1.0577885503085371  0.0014638434157181262 1.0577884889379889  0 1.0577884345369104 
 0 4 0.0032467532467299037 1 0.0064935064934598073 1 0.009740259740189711 1 0.012987012986919615 1 0.01623376623364952 1 0.019480519480379422 1 0.022727272727109324 1 0.025974025973839229 1 0.029220779220569135 1 0.03246753246729904 1 0.035714285714028939 1 0.038961038960758844 1 0.042207792207488749 1 0.045454545454218648 1 0.048701298700948553 1 0.051948051947678459 1 0.055194805194408364 1 0.058441558441138269 1 0.061688311687868168 1 0.06493506493459808 1 0.068181818181327972 1 0.071428571428057877 1 0.074675324674787782 1 0.077922077921517688 1 0.081168831168247593 1 0.084415584414977499 1 0.087662337661707404 1 0.090909090908437296 1 0.094155844155167201 1 0.097402597401897106 1 0.10064935064862701 1 0.10389610389535692 1 0.10714285714208682 1 0.11038961038881673 1 0.11363636363554663 1 0.11688311688227654 1 0.12012987012900643 1 0.12337662337573634 1 0.12662337662246625 1 0.12987012986919616 1 0.13311688311592604 1 0.13636363636265594 1 0.13961038960938585 1 0.14285714285611575 1 0.14610389610284566 1 0.14935064934957556 1 0.15259740259630547 1 0.15584415584303538 1 0.15909090908976528 1 0.16233766233649519 1 0.16558441558322509 1 0.168831168829955 1 0.1720779220766849 1 0.17532467532341481 1 0.17857142857014471 1 0.18181818181687459 1 0.1850649350636045 1 0.1883116883103344 1 0.19155844155706431 1 0.19480519480379421 1 0.19805194805052412 1 0.20129870129725402 1 0.20454545454398393 1 0.20779220779071383 1 0.21103896103744374 1 0.21428571428417365 1 0.21753246753090355 1 0.22077922077763346 1 0.22402597402436336 1 0.22727272727109327 1 0.23051948051782317 1 0.23376623376455308 1 0.23701298701128296 1 0.24025974025801286 1 0.24350649350474277 1 0.24675324675147267 1 0.24999999999820258 1 0.25324675324493251 1 0.25649350649166242 1 0.25974025973839232 1 0.26298701298512217 1 0.26623376623185208 1 0.26948051947858198 1 0.27272727272531189 1 0.27597402597204179 1 0.2792207792187717 1 0.2824675324655016 1 0.28571428571223151 1 0.28896103895896141 1 0.29220779220569132 1 0.29545454545242122 1 0.29870129869915113 1 0.30194805194588104 1 0.30519480519261094 1 0.30844155843934085 1 0.31168831168607075 1 0.31493506493280066 1 0.31818181817953056 1 0.32142857142626047 1 0.32467532467299037 1 0.32792207791972028 1 0.33116883116645018 1 0.33441558441318009 1 0.33766233765990999 1 0.3409090909066399 1 0.34415584415336981 1 0.34740259740009971 1 0.35064935064682962 1 0.35389610389355952 1 0.35714285714028943 1 0.36038961038701933 1 0.36363636363374918 1 0.36688311688047909 1 0.37012987012720899 1 0.3733766233739389 1 0.3766233766206688 1 0.37987012986739871 1 0.38311688311412861 1 0.38636363636085852 1 0.38961038960758843 1 0.39285714285431833 1 0.39610389610104824 1 0.39935064934777814 1 0.40259740259450805 1 0.40584415584123795 1 0.40909090908796786 1 0.41233766233469776 1 0.41558441558142767 1 0.41883116882815757 1 0.42207792207488748 1 0.42532467532161738 1 0.42857142856834729 1 0.4318181818150772 1 0.4350649350618071 1 0.43831168830853701 1 0.44155844155526691 1 0.44480519480199682 1 0.44805194804872672 1 0.45129870129545663 1 0.45454545454218653 1 0.45779220778891644 1 0.46103896103564634 1 0.46428571428237625 1 0.46753246752910615 1 0.470779220775836 1 0.47402597402256591 1 0.47727272726929582 1 0.48051948051602572 1 0.48376623376275563 1 0.48701298700948553 1 0.49025974025621544 1 0.49350649350294534 1 0.49675324674967525 1 0.49999999999640515 1 0.50324675324313506 1 0.50649350648986502 1 0.50974025973659487 1 0.51298701298332483 1 0.51623376623005468 1 0.51948051947678464 1 0.52272727272351449 1 0.52597402597024434 1 0.5292207792169743 1 0.53246753246370415 1 0.53571428571043411 1 0.53896103895716396 1 0.54220779220389392 1 0.54545454545062377 1 0.54870129869735373 1 0.55194805194408358 1 0.55519480519081355 1 0.55844155843754339 1 0.56168831168427336 1 0.56493506493100321 1 0.56818181817773317 1 0.57142857142446302 1 0.57467532467119298 1 0.57792207791792283 1 0.58116883116465279 1 0.58441558441138264 1 0.5876623376581126 1 0.59090909090484245 1 0.59415584415157241 1 0.59740259739830226 1 0.60064935064503222 1 0.60389610389176207 1 0.60714285713849203 1 0.61038961038522188 1 0.61363636363195184 1 0.61688311687868169 1 0.62012987012541165 1 0.6233766233721415 1 0.62662337661887135 1 0.62987012986560131 1 0.63311688311233116 1 0.63636363635906112 1 0.63961038960579097 1 0.64285714285252094 1 0.64610389609925079 1 0.64935064934598075 1 0.6525974025927106 1 0.65584415583944056 1 0.65909090908617041 1 0.66233766233290037 1 0.66558441557963022 1 0.66883116882636018 1 0.67207792207309003 1 0.67532467531981999 1 0.67857142856654984 1 0.6818181818132798 1 0.68506493506000965 1 0.68831168830673961 1 0.69155844155346946 1 0.69480519480019942 1 0.69805194804692927 1 0.70129870129365923 1 0.70454545454038908 1 0.70779220778711904 1 0.71103896103384889 1 0.71428571428057885 1 0.7175324675273087 1 0.72077922077403866 1 0.72402597402076851 1 0.72727272726749836 1 0.73051948051422833 1 0.73376623376095818 1 0.73701298700768814 1 0.74025974025441799 1 0.74350649350114795 1 0.7467532467478778 1 0.74999999999460776 1 0.75324675324133761 1 0.75649350648806757 1 0.75974025973479742 1 0.76298701298152738 1 0.76623376622825723 1 0.76948051947498719 1 0.77272727272171704 1 0.775974025968447 1 0.77922077921517685 1 0.78246753246190681 1 0.78571428570863666 1 0.78896103895536662 1 0.79220779220209647 1 0.79545454544882643 1 0.79870129869555628 1 0.80194805194228624 1 0.80519480518901609 1 0.80844155843574605 1 0.8116883116824759 1 0.81493506492920587 1 0.81818181817593572 1 0.82142857142266568 1 0.82467532466939553 1 0.82792207791612549 1 0.83116883116285534 1 0.83441558440958519 1 0.83766233765631515 1 0.840909090903045 1 0.84415584414977496 1 0.84740259739650481 1 0.85064935064323477 1 0.85389610388996462 1 0.85714285713669458 1 0.86038961038342443 1 0.86363636363015439 1 0.86688311687688424 1 0.8701298701236142 1 0.87337662337034405 1 0.87662337661707401 1 0.87987012986380386 1 0.88311688311053382 1 0.88636363635726367 1 0.88961038960399363 1 0.89285714285072348 1 0.89610389609745345 1 0.89935064934418329 1 0.90259740259091326 1 0.90584415583764311 1 0.90909090908437307 1 0.91233766233110292 1 0.91558441557783288 1 0.91883116882456273 1 0.92207792207129269 1 0.92532467531802254 1 0.9285714285647525 1 0.93181818181148235 1 0.93506493505821231 1 0.93831168830494216 1 0.94155844155167201 1 0.94480519479840197 1 0.94805194804513182 1 0.95129870129186178 1 0.95454545453859163 1 0.95779220778532159 1 0.96103896103205144 1 0.9642857142787814 1 0.96753246752551125 1 0.97077922077224121 1 0.97402597401897106 1 0.97727272726570102 1 0.98051948051243087 1 0.98376623375916084 1 0.98701298700589069 1 0.99025974025262065 1 0.9935064934993505 1 0.99675324674608046 1 0.99999999999281031 4
1 1.0427875136766713e-17 1 -3.871427337009446e-29 -1 
1 0.76059436308135986 2.1625529744034941 1 2.0567275503790293e-14 
7 0 0  3 25 23  1.4047066247550941 -1.0577886389911111  1.4047571494678428 -1.0365414447944326  1.4048581891676735 -0.99404723575753839  1.4050096681579638 -0.93030634979820215  1.4051610150428764 -0.86656578062500278  1.405312178848634 -0.80282541860578227  1.4054631091512653 -0.73908515523473561  1.4056137554013854 -0.6753448818094403  1.4057640696187892 -0.6116044947556819  1.4059139962611185 -0.54786387562810746  1.406063527571576 -0.48412300039870371  1.4062126781446294 -0.4203818892010851  1.406361457052359 -0.35664055128483679  1.4065098747742002 -0.2928989987114321  1.4066579411583617 -0.229157242280429  1.4068056666519779 -0.16541529413399825  1.4069530594246014 -0.10167316141865941  1.4071001365250357 -0.037930870977991596  1.4072469337015903 0.025811508882034036  1.407393483218754 0.089553917507971939  1.4075398179245493 0.15329629289867439  1.4076859701559883 0.21703857413141009  1.4078319720673165 0.28078070064447486  1.4079292276416182 0.3232753086608714  1.4079778409837824 0.34452256692176769 
 0 4 0.045454317459865605 1 0.09090863491973121 1 0.13636295237959681 1 0.18181726983946242 1 0.22727158729932803 1 0.27272590475919362 1 0.31818022221905923 1 0.36363453967892484 1 0.40908885713879045 1 0.45454317459865606 1 0.49999749205852168 1 0.54545180951838723 1 0.59090612697825284 1 0.63636044443811846 1 0.68181476189798407 1 0.72726907935784968 1 0.77272339681771529 1 0.8181777142775809 1 0.86363203173744651 1 0.90908634919731213 1 0.95454066665717774 1 0.99999498411704335 4
7 0 0  3 25 23  4.5338685657723499 8.6009247177042987  4.5337907825747248 8.6221185731152961  4.5336354401648693 8.6645069065273077  4.5334030432727488 8.7280911300659287  4.5331712078788549 8.7916769327100468  4.5329398787269541 8.8552641700244692  4.5327090007341617 8.9188526980198546  4.5324785182110148 8.9824423710437173  4.5322483777757885 9.0460330496500791  4.5320185174770291 9.1096245712302668  4.5317889262090887 9.1732169104323535  4.5315596169075461 9.2368101068153745  4.5313305966836781 9.3004041842203744  4.5311018742495985 9.3639991708042913  4.5308734577294807 9.4275950931782386  4.5306453559894981 9.4911919798209645  4.5304175755069078 9.5547898532864668  4.5301901325179808 9.6183887603255425  4.5299630638876565 9.6819887988367981  4.529736402993839 9.7455900580897001  4.5295101841415404 9.8091926296658851  4.5292844413799456 9.8727966045274584  4.5290592088201125 9.9364020738025758  4.528909416638224 9.9788067769839657  4.5288346169438825 10.000009408006861 
 0 4 0.045454317459865605 1 0.09090863491973121 1 0.13636295237959681 1 0.18181726983946242 1 0.22727158729932803 1 0.27272590475919362 1 0.31818022221905923 1 0.36363453967892484 1 0.40908885713879045 1 0.45454317459865606 1 0.49999749205852168 1 0.54545180951838723 1 0.59090612697825284 1 0.63636044443811846 1 0.68181476189798407 1 0.72726907935784968 1 0.77272339681771529 1 0.8181777142775809 1 0.86363203173744651 1 0.90908634919731213 1 0.95454066665717774 1 0.99999498411704335 4
1 1 1 -1 0 
1 0.99999999999999978 0.99999999999801048 -1 0 
7 0 0  3 113 111  1 1  0.99695239748696629 0.99999999999939215  0.99083979692902835 0.99999999999882572  0.98164002451175425 0.99999999999905342  0.97243430874723857 0.99999999999899236  0.9632349316060318 0.99999999999900868  0.95404513894556287 0.99999999999900424  0.94485050236760015 0.99999999999900568  0.93565738103979856 0.99999999999900513  0.92646555223503169 0.99999999999900546  0.91729107695963108 0.99999999999900413  0.90808988363118937 0.9999999999990099  0.89887994142817751 0.99999999999898759  0.88970000764616697 0.9999999999990713  0.88058482575126351 0.99999999999875899  0.87155875971077468 0.99999999999907141  0.86255967692098245 0.99999999999898737  0.85362032542403365 0.9999999999990099  0.84474971574387958 0.99999999999900402  0.83597513752307984 0.99999999999900546  0.82727150329913357 0.99999999999900513  0.81863008831384221 0.99999999999900568  0.81006474970841325 0.99999999999900502  0.80158080404442 0.99999999999900524  0.793199862796651 0.99999999999900524  0.78488847736348399 0.99999999999900513  0.77663964994093571 0.99999999999900524  0.76847261760841301 0.99999999999900513  0.76040063153509996 0.99999999999900568  0.75243567221245822 0.99999999999900502  0.74460091723988397 0.99999999999900524  0.73685138287952212 0.99999999999900524  0.72922532419754349 0.99999999999900513  0.7215589112641696 0.99999999999900524  0.71380270832809778 0.99999999999900513  0.70596622008014165 0.99999999999900524  0.69804566094133647 0.99999999999900513  0.6900287231030463 0.99999999999900524  0.68189641454996908 0.99999999999900513  0.67366778703741137 0.99999999999900524  0.6653524640799845 0.99999999999900524  0.65696153024851511 0.99999999999900524  0.64850760267531249 0.99999999999900524  0.6399925937856944 0.99999999999900502  0.63136196272417722 0.99999999999900524  0.62265474761914119 0.99999999999900513  0.61388990321650561 0.99999999999900524  0.60509076270377204 0.99999999999900513  0.59627977625838902 0.99999999999900524  0.58740761044294298 0.99999999999900513  0.5784947683197994 0.99999999999900524  0.56954459899267251 0.99999999999900513  0.56058215943001921 0.99999999999900524  0.5515595268185961 0.99999999999900513  0.54248463165062522 0.99999999999900524  0.53340315230693336 0.99999999999900524  0.52435269755321701 0.99999999999900513  0.51537154365635229 0.99999999999900546  0.50639601774458576 0.99999999999900513  0.4974523718836405 0.99999999999900513  0.48854443955736254 0.99999999999900535  0.47969771324496013 0.99999999999900491  0.4708511345857041 0.99999999999900535  0.46185992388144631 0.99999999999900491  0.45277130290715711 0.99999999999900524  0.44359134006882012 0.99999999999900502  0.43432711030459836 0.99999999999900513  0.42491126965616866 0.99999999999900513  0.41539939660310682 0.99999999999900513  0.40582157251783507 0.99999999999900535  0.39623469414661872 0.99999999999900491  0.38663016440633774 0.99999999999900535  0.3769774275918984 0.99999999999900491  0.36728225974205314 0.99999999999900535  0.35755734437737396 0.99999999999900491  0.34777761156510645 0.99999999999900535  0.33795475952546267 0.99999999999900491  0.32811029671495928 0.99999999999900535  0.3182863956741383 0.99999999999900491  0.30839756837601856 0.99999999999900535  0.29850716097260094 0.99999999999900491  0.28867448257986333 0.99999999999900524  0.27896163225263942 0.99999999999900502  0.26928762623834518 0.99999999999900513  0.25968517400306645 0.99999999999900513  0.25016480195962282 0.99999999999900513  0.2407366841609031 0.99999999999900535  0.23133943715039521 0.99999999999900491  0.22207069566053148 0.99999999999900535  0.21272875927825555 0.99999999999900491  0.20330356008202577 0.99999999999900535  0.19373482669550235 0.99999999999900491  0.18406294886148486 0.99999999999900535  0.17433614257089539 0.99999999999900491  0.16455627324006727 0.99999999999900535  0.15468935492007399 0.99999999999900491  0.14477425584064268 0.99999999999900524  0.13482257486220048 0.99999999999900502  0.12476864366420272 0.99999999999900513  0.11471946857994969 0.99999999999900513  0.10476836523233016 0.99999999999900513  0.094827875948369292 0.99999999999900535  0.084945906303591598 0.99999999999900491  0.075153466133898658 0.99999999999900535  0.065403529954469172 0.99999999999900491  0.055738182845519846 0.99999999999900568  0.046190373490355902 0.99999999999900402  0.036733814968025608 0.9999999999990089  0.027359725666330454 0.99999999999899203  0.01809502863103464 0.99999999999905353  0.0089989155946393184 0.99999999999882538  0.0029941838059714919 0.99999999999939215  0 1 
 0 4 0.0090909090909090905 1 0.018181818181818181 1 0.027272727272727271 1 0.036363636363636362 1 0.045454545454545456 1 0.054545454545454543 1 0.06363636363636363 1 0.072727272727272724 1 0.081818181818181818 1 0.090909090909090912 1 0.099999999999999992 1 0.10909090909090909 1 0.11818181818181818 1 0.12727272727272726 1 0.13636363636363635 1 0.14545454545454545 1 0.15454545454545454 1 0.16363636363636364 1 0.17272727272727273 1 0.18181818181818182 1 0.19090909090909089 1 0.19999999999999998 1 0.20909090909090908 1 0.21818181818181817 1 0.22727272727272727 1 0.23636363636363636 1 0.24545454545454545 1 0.25454545454545452 1 0.26363636363636361 1 0.27272727272727271 1 0.2818181818181818 1 0.29090909090909089 1 0.29999999999999999 1 0.30909090909090908 1 0.31818181818181818 1 0.32727272727272727 1 0.33636363636363636 1 0.34545454545454546 1 0.35454545454545455 1 0.36363636363636365 1 0.37272727272727268 1 0.38181818181818178 1 0.39090909090909087 1 0.39999999999999997 1 0.40909090909090906 1 0.41818181818181815 1 0.42727272727272725 1 0.43636363636363634 1 0.44545454545454544 1 0.45454545454545453 1 0.46363636363636362 1 0.47272727272727272 1 0.48181818181818181 1 0.49090909090909091 1 0.5 1 0.50909090909090904 1 0.51818181818181819 1 0.52727272727272723 1 0.53636363636363638 1 0.54545454545454541 1 0.55454545454545456 1 0.5636363636363636 1 0.57272727272727275 1 0.58181818181818179 1 0.59090909090909083 1 0.59999999999999998 1 0.60909090909090902 1 0.61818181818181817 1 0.6272727272727272 1 0.63636363636363635 1 0.64545454545454539 1 0.65454545454545454 1 0.66363636363636358 1 0.67272727272727273 1 0.68181818181818177 1 0.69090909090909092 1 0.69999999999999996 1 0.70909090909090911 1 0.71818181818181814 1 0.72727272727272729 1 0.73636363636363633 1 0.74545454545454537 1 0.75454545454545452 1 0.76363636363636356 1 0.77272727272727271 1 0.78181818181818175 1 0.79090909090909089 1 0.79999999999999993 1 0.80909090909090908 1 0.81818181818181812 1 0.82727272727272727 1 0.83636363636363631 1 0.84545454545454546 1 0.8545454545454545 1 0.86363636363636365 1 0.87272727272727268 1 0.88181818181818172 1 0.89090909090909087 1 0.89999999999999991 1 0.90909090909090906 1 0.9181818181818181 1 0.92727272727272725 1 0.93636363636363629 1 0.94545454545454544 1 0.95454545454545447 1 0.96363636363636362 1 0.97272727272727266 1 0.98181818181818181 1 0.99090909090909085 1 1 4
1 1 1 -1 0 
1 0.99999999999999978 1 -1 0 
7 0 0  3 25 23  1 1  0.98681154907670121 1  0.9602206677723103 1.0000000000000002  0.91972634436471523 0.99999999999999978  0.8786634223142763 1  0.83705217382889074 1  0.79489500794244616 1  0.75217598464939195 1  0.7088398102669603 1  0.66464516547882102 0.99999999999999989  0.61979084266784912 1.0000000000000002  0.57438593168406815 0.99999999999999978  0.52859285137707634 1  0.48241403132121263 1  0.43556194750584071 1  0.3882785259151646 0.99999999999999989  0.34072164579170333 1.0000000000000002  0.29296581273074107 0.99999999999999978  0.24483134284587399 1  0.19639090290944711 0.99999999999999989  0.14773975323753163 1  0.098750466107299956 1.0000000000000002  0.049418502090368639 0.99999999999999978  0.016464613675857668 1  0 1 
 0 4 0.045454545454545456 1 0.090909090909090912 1 0.13636363636363635 1 0.18181818181818182 1 0.22727272727272729 1 0.27272727272727271 1 0.31818181818181818 1 0.36363636363636365 1 0.40909090909090912 1 0.45454545454545459 1 0.5 1 0.54545454545454541 1 0.59090909090909094 1 0.63636363636363635 1 0.68181818181818188 1 0.72727272727272729 1 0.77272727272727271 1 0.81818181818181823 1 0.86363636363636365 1 0.90909090909090917 1 0.95454545454545459 1 1 4
1 4.7123889803846897 4.9999999999999964 -1 4.5234555469704708e-15 
1 3.9269908169872649 5.000000000000199 0 -1 
1 5.4977871437824692 2.2503435132522966 0 1 
1 5.497787143782209 4.9999999999999964 -1 0 
7 0 0  3 25 23  4.7123889803846897 10.999999999999996  4.7239853832224838 10.994061171659007  4.7472586844803919 10.982142055099631  4.7823903004874717 10.964171954496239  4.8177240500361425 10.946142978862195  4.8532393803793603 10.928089089900904  4.8889151472769834 10.910044935055673  4.9247295858167703 10.89204578469643  4.9606604115327402 10.874127276698081  4.9966848929649794 10.856325200780272  5.0327799373907576 10.838675263933769  5.0689221776195232 10.821212856494055  5.1050880620813519 10.803972817625235  5.1412539465433715 10.786989204621674  5.1773961867720297 10.770295068917298  5.2134912311979464 10.753922241927796  5.2495157126302034 10.737901133786536  5.2854465383459983 10.722260546986691  5.321260976885994 10.707027509719783  5.3569367437833764 10.692227121808465  5.3924520741266795 10.677882448787322  5.4277858236754639 10.664014338590919  5.4629174396823634 10.650641634506677  5.4861907409402697 10.642067224664718  5.4977871437781349 10.637867965645395 
 0 4 0.045454545454545456 1 0.090909090909090912 1 0.13636363636363635 1 0.18181818181818182 1 0.22727272727272729 1 0.27272727272727271 1 0.31818181818181818 1 0.36363636363636365 1 0.40909090909090912 1 0.45454545454545459 1 0.5 1 0.54545454545454541 1 0.59090909090909094 1 0.63636363636363635 1 0.68181818181818188 1 0.72727272727272729 1 0.77272727272727271 1 0.81818181818181823 1 0.86363636363636365 1 0.90909090909090917 1 0.95454545454545459 1 1 4
1 5.497787143782138 10.637867965645498 5.4967903664999005e-15 1 
1 3.9269908169872885 15.000562507910399 -5.4255356765656553e-14 -1 
7 0 0  3 25 23  3.926990816993257 10.637867965646301  3.9385872198311356 10.642067224665618  3.9618605210890636 10.650641634507572  3.9969921370959325 10.664014338591794  4.0323258866445224 10.6778824487882  4.0678412169876452 10.692227121809292  4.1035169838851973 10.707027509720595  4.1393314224249247 10.722260546987478  4.1752622481407062 10.737901133787259  4.2112867295728726 10.753922241928489  4.2473817739985487 10.770295068917946  4.2835240142271465 10.786989204622284  4.3196898986890764 10.803972817625798  4.3558557831507336 10.821212856494562  4.3919980233793297 10.838675263934238  4.4280930678051407 10.856325200780661  4.4641175492371952 10.874127276698459  4.5000483749531579 10.892045784696723  4.5358628134927592 10.910044935055929  4.5715385803902091 10.928089089901096  4.6070539107335602 10.946142978862342  4.6423876602820666 10.964171954496344  4.6775192762890523 10.982142055099672  4.7007925775469079 10.99406117165902  4.7123889803846897 10.999999999999996 
 0 4 0.045454545454545456 1 0.090909090909090912 1 0.13636363636363635 1 0.18181818181818182 1 0.22727272727272729 1 0.27272727272727271 1 0.31818181818181818 1 0.36363636363636365 1 0.40909090909090912 1 0.45454545454545459 1 0.5 1 0.54545454545454541 1 0.59090909090909094 1 0.63636363636363635 1 0.68181818181818188 1 0.72727272727272729 1 0.77272727272727271 1 0.81818181818181823 1 0.86363636363636365 1 0.90909090909090917 1 0.95454545454545459 1 1 4
7 0 0  3 47 45  0 0  0.0082553531455317082 -5.5264435003621489e-14  0.024780974846053835 -2.6255234391591676e-14  0.049581338852530833 1.7478997287600263e-13  0.07435717042123785 1.7974662580059697e-13  0.099084777581446487 -4.1125193165374994e-14  0.12375034967881071 -1.5245853139098401e-14  0.14834625384418279 1.0210860572176692e-13  0.17288888606566946 4.5946271316504654e-13  0.19743645245689456 -2.3465689255592097e-13  0.22194225631968043 4.7916485705863592e-13  0.24638419031785772 2.3300030147411528e-14  0.27073399336321291 2.802863052647359e-13  0.29497201650212007 -2.9179396829333681e-13  0.31905975832489036 3.4238284995597021e-14  0.34303561693062018 1.5484082831095223e-13  0.36695283457668371 1.9904968467361663e-13  0.3907697666301585 -9.83882840923947e-14  0.41447164557406974 1.9450345169597027e-13  0.43803778647856317 1.7302576022154001e-13  0.46145184581470577 -3.3955209669103287e-14  0.4846938558788671 -3.7204921545116239e-14  0.50776196959880759 1.8277489584958007e-13  0.53071639243221003 1.587566210598264e-13  0.55353610314226387 3.4849902824146492e-14  0.5762199406303723 -2.9815623235639644e-13  0.59876251977889661 3.0512374368844073e-13  0.62115963445427314 -6.9687459484330367e-14  0.64341054076211812 -2.6373905751096347e-14  0.6655032110941842 1.7518308248874079e-13  0.68747465918520279 1.7829285870917782e-13  0.70932919216251866 -3.5703234412404775e-14  0.73105587185702037 -3.5479921059523316e-14  0.75264750176931672 1.7762291865053595e-13  0.77409559163173058 1.7763952937043769e-13  0.7953918521143275 -3.5529753219225469e-14  0.81652756576375973 -3.552051649348839e-14  0.83749489624540596 1.776118191932299e-13  0.85828254098992018 1.7772452263364128e-13  0.87893759016000483 -3.5858626814718566e-14  0.89945800021942535 -3.4290015374703688e-14  0.91984657227355682 1.7301868831360098e-13  0.94010179786345327 1.9486654503338623e-13  0.96022052708886718 -9.9833585534055179e-14  0.98019769561152237 2.0446779710291164e-13  0.99341652439856776 1.5789838572464106e-13  1 0 
 0 4 0.022727272727272728 1 0.045454545454545456 1 0.068181818181818177 1 0.090909090909090912 1 0.11363636363636365 1 0.13636363636363635 1 0.15909090909090909 1 0.18181818181818182 1 0.20454545454545456 1 0.22727272727272729 1 0.25 1 0.27272727272727271 1 0.29545454545454547 1 0.31818181818181818 1 0.34090909090909094 1 0.36363636363636365 1 0.38636363636363635 1 0.40909090909090912 1 0.43181818181818182 1 0.45454545454545459 1 0.47727272727272729 1 0.5 1 0.52272727272727271 1 0.54545454545454541 1 0.56818181818181823 1 0.59090909090909094 1 0.61363636363636365 1 0.63636363636363635 1 0.65909090909090906 1 0.68181818181818188 1 0.70454545454545459 1 0.72727272727272729 1 0.75 1 0.77272727272727271 1 0.79545454545454553 1 0.81818181818181823 1 0.84090909090909094 1 0.86363636363636365 1 0.88636363636363635 1 0.90909090909090917 1 0.93181818181818188 1 0.95454545454545459 1 0.97727272727272729 1 1 4
1 0.99999999999999778 1.421085471521695e-13 0 1 
1 -1.0788440615033084e-15 1 0 -1 
1 0.99999999999999978 1 0 -1 
1 -4.5932893072749736e-12 0 0 1 
1 0 1.4210854715216948e-13 1 0 
1 1 1.4210854715216948e-13 0 1 
1 0 9.9475983006221791e-13 0 1 
7 0 0  3 91 89  0 0  0.0057587408812578445 6.07908785038022e-13  0.017319354096030876 1.1790349854272368e-12  0.034740534721213481 9.3007335382094598e-13  0.052141760304118871 1.0692305796622874e-12  0.069601603019876487 7.6156330790321459e-13  0.087031132326413421 1.0004238861876926e-12  0.10450234309680834 1.2053001277193268e-12  0.12195745490239807 9.9958586621878615e-13  0.13916286404903258 7.6491538777884357e-13  0.15629353570879934 1.0566602801286836e-12  0.17313453820675623 9.7700247207974002e-13  0.18970698076017298 1.0038888119256739e-12  0.20605031932373744 9.7600126059088391e-13  0.22207398929605127 1.0606651260841114e-12  0.23788258883764918 7.4989721544599262e-13  0.25341422377088757 1.0556537095947688e-12  0.26855809181298279 9.9604692654825635e-13  0.28350770884546489 9.2871756458553105e-13  0.2987491642594351 1.2576417954829469e-12  0.314067912187381 8.6192551676648075e-13  0.32950006711049962 1.2632151178244588e-12  0.34510135694485006 9.0642427521948653e-13  0.36076012699803189 1.079646761670927e-12  0.3764022467799249 7.4354765847013677e-13  0.39213151018889225 1.0620703019113881e-12  0.40783822795874553 9.7673011425764802e-13  0.42348600124252117 9.9956822143135658e-13  0.43914780257090219 9.9355598039026325e-13  0.45470496038612868 9.947668373809284e-13  0.47012526656531128 9.9593565045936212e-13  0.48548733391909626 9.9004954115496392e-13  0.50069149005497604 1.0124251652941248e-12  0.51567684900979049 9.2880877804188042e-13  0.53053870201029996 1.2408987029116975e-12  0.54522399109608966 9.2880667359514627e-13  0.55966414906815964 1.0124335830810639e-12  0.57396471207372179 9.900179744539476e-13  0.58808026328671459 9.9605349947649563e-13  0.60193949650967238 9.9432700801342098e-13  0.6154800528352673 9.9519744884317194e-13  0.62881439536615469 9.9344217698724538e-13  0.64195090498551188 9.9959282358120127e-13  0.65455998785703817 9.7674550906130587e-13  0.66666794793577722 1.0619841205469318e-12  0.67836640590482955 7.4387698912432426e-13  0.68970026981090926 1.078415620418658e-12  0.70064459383450717 9.1101950957440395e-13  0.71124851999436856 1.2460653216570882e-12  0.72155751959914605 9.2592946708107806e-13  0.73155454043834223 1.0187757903919606e-12  0.74123015390654534 9.6752635172444553e-13  0.75065927169537028 1.0796777830836246e-12  0.75985099572434633 6.8232149631442299e-13  0.76880946866426758 1.3069439291215796e-12  0.77754194469989302 9.1111305048310164e-13  0.78605684051961544 1.0171628493193846e-12  0.79435999572744065 9.8879453261273206e-13  0.80248320125631545 9.9621800060306094e-13  0.81043566673749445 9.9489244534839972e-13  0.81822796876282911 9.9277119837671712e-13  0.8258692976247175 1.0025817415181097e-12  0.83336828445770084 9.6546081592422347e-13  0.84073280599728373 1.1041339751583755e-12  0.84797029136647373 1.4392135467261263e-12  0.85508702697169026 8.1287338413144558e-13  0.86209123004316779 1.2778518971214746e-12  0.86898824571783606 8.9692929066651301e-13  0.87578240970077859 1.102989920585859e-12  0.88247776606720185 6.5967000736343787e-13  0.88907793557847259 1.3742377474233081e-12  0.89558620332716177 6.6458926622719403e-13  0.90200554389577781 1.0833128851308364e-12  0.90833864733971081 9.7071817362285362e-13  0.91458797868074126 1.0023734007511445e-12  0.9207556803407716 9.8834720374596629e-13  0.92684405007239201 1.0127967646383904e-12  0.93285385725213332 9.2902471807387528e-13  0.93879089305854424 1.2396633434395141e-12  0.94465971873799015 9.3353217145194771e-13  0.95046215411482571 9.947669511261057e-13  0.95620050786263489 1.0559590044170438e-12  0.96187673416806807 7.4995601157913794e-13  0.96749267850989207 1.0601246467293515e-12  0.97305002959159381 9.7810438187687583e-13  0.97855034792838824 9.9601680613656721e-13  0.98399507322597024 1.0063873739502795e-12  0.9893855325144677 9.4699267843574185e-13  0.9947229599204187 1.1742008926801821e-12  0.99824662886545601 6.0790878503803493e-13  1 0 
 0 4 0.011363636363636364 1 0.022727272727272728 1 0.034090909090909088 1 0.045454545454545456 1 0.056818181818181823 1 0.068181818181818177 1 0.079545454545454544 1 0.090909090909090912 1 0.10227272727272728 1 0.11363636363636365 1 0.125 1 0.13636363636363635 1 0.14772727272727273 1 0.15909090909090909 1 0.17045454545454547 1 0.18181818181818182 1 0.19318181818181818 1 0.20454545454545456 1 0.21590909090909091 1 0.22727272727272729 1 0.23863636363636365 1 0.25 1 0.26136363636363635 1 0.27272727272727271 1 0.28409090909090912 1 0.29545454545454547 1 0.30681818181818182 1 0.31818181818181818 1 0.32954545454545453 1 0.34090909090909094 1 0.35227272727272729 1 0.36363636363636365 1 0.375 1 0.38636363636363635 1 0.39772727272727276 1 0.40909090909090912 1 0.42045454545454547 1 0.43181818181818182 1 0.44318181818181818 1 0.45454545454545459 1 0.46590909090909094 1 0.47727272727272729 1 0.48863636363636365 1 0.5 1 0.51136363636363635 1 0.52272727272727271 1 0.53409090909090906 1 0.54545454545454541 1 0.55681818181818188 1 0.56818181818181823 1 0.57954545454545459 1 0.59090909090909094 1 0.60227272727272729 1 0.61363636363636365 1 0.625 1 0.63636363636363635 1 0.64772727272727271 1 0.65909090909090906 1 0.67045454545454553 1 0.68181818181818188 1 0.69318181818181823 1 0.70454545454545459 1 0.71590909090909094 1 0.72727272727272729 1 0.73863636363636365 1 0.75 1 0.76136363636363635 1 0.77272727272727271 1 0.78409090909090906 1 0.79545454545454553 1 0.80681818181818188 1 0.81818181818181823 1 0.82954545454545459 1 0.84090909090909094 1 0.85227272727272729 1 0.86363636363636365 1 0.875 1 0.88636363636363635 1 0.89772727272727271 1 0.90909090909090917 1 0.92045454545454553 1 0.93181818181818188 1 0.94318181818181823 1 0.95454545454545459 1 0.96590909090909094 1 0.97727272727272729 1 0.98863636363636365 1 1 4
1 0.99999999999999933 0 0 1 
1 1.943173853729159e-16 9.9475983006221791e-13 0 1 
1 -1.6293516453881789e-17 1.9895196601244358e-12 1 -4.0389678347315804e-28 
1 1.0000000000000002 0 0 1 
1 1.5236834392000988e-16 -1.9895196601303727e-12 3.0779650045247502e-16 1 
1 4.6016484437340343e-16 1.4210854715216948e-13 1 0 
1 1 1.4210854715216948e-13 0 1 
1 0 1.4210854715216945e-13 0 1 
1 0 1.4210854715216945e-13 1 2.5243548967072383e-29 
1 1 -1.421085471518868e-13 -1 5.0487097934144711e-29 
1 1 0 -1 0 
1 1.0000000000000004 1.421085471521695e-13 -1 -2.524354896707235e-29 
1 0.99999999999999911 1.9895196601264145e-12 -1 -4.0389678347315912e-28 
1 1 0 0 1 
1 -8.7335888247439137e-16 -1.4210854715188675e-13 0 1 
7 0 0  3 69 67  1 1  0.99510052402240656 0.99999999999939215  0.98524028570417443 0.99999999999882705  0.97028509146385111 0.99999999999904865  0.95518578185136571 0.99999999999901001  0.93995713153124194 0.99999999999894285  0.92460601538096121 0.99999999999925038  0.90914131536145104 0.99999999999893918  0.89352635269021352 0.99999999999902311  0.87776303002158307 0.99999999999900047  0.86186857269245409 0.99999999999900646  0.84586218399670565 0.9999999999990048  0.82978038796284503 0.99999999999900524  0.81349518326875547 0.99999999999900524  0.79710607019913526 0.99999999999900513  0.78067310928804012 0.99999999999900524  0.76431004347031095 0.99999999999900513  0.74797050467419235 0.99999999999900524  0.73161567206853007 0.99999999999900535  0.71527513168289814 0.99999999999900524  0.69898171416961552 0.99999999999900513  0.68271194668907786 0.99999999999900535  0.66644748294930389 0.99999999999900524  0.65024015590328432 0.99999999999900491  0.63413633862031038 0.99999999999900546  0.61811800857677968 0.99999999999900491  0.60214171280544437 0.99999999999900546  0.58627565768386503 0.99999999999900524  0.57054408941092016 0.99999999999900513  0.55500105863794613 0.99999999999900535  0.53954884738197917 0.99999999999900524  0.5242076383955917 0.99999999999900491  0.50905466898749951 0.99999999999900546  0.49396124965773008 0.99999999999900491  0.47880606411271764 0.99999999999900513  0.46353810572041448 0.99999999999900513  0.44819135524500864 0.99999999999900524  0.43279476904305919 0.99999999999900546  0.4174047967248371 0.99999999999900535  0.40198189188606365 0.99999999999900502  0.38650397781692336 0.99999999999900513  0.37101959155712294 0.99999999999900513  0.35555691464159245 0.99999999999900513  0.34015483252075945 0.99999999999900524  0.32473005163073587 0.99999999999900546  0.30933675595245547 0.99999999999900535  0.29399929527834151 0.99999999999900502  0.27877114620392651 0.99999999999900513  0.26360716259362665 0.99999999999900513  0.24846962425933378 0.99999999999900513  0.23343091839122276 0.99999999999900513  0.21852537650756562 0.99999999999900513  0.2038259390484215 0.99999999999900524  0.18924531015045343 0.99999999999900546  0.17479247201908965 0.99999999999900535  0.16048565206583365 0.99999999999900502  0.14633544343195892 0.99999999999900513  0.13235594843279813 0.99999999999900513  0.11850528115867846 0.99999999999900513  0.10479030003721435 0.99999999999900524  0.091212876512568777 0.99999999999900546  0.077777090748891886 0.99999999999900546  0.064487770467051619 0.99999999999900413  0.05134838653934836 0.99999999999900868  0.038322638940809534 0.99999999999899225  0.025414961570971471 0.99999999999905331  0.012628632884652361 0.99999999999882583  0.0041935916638712453 0.99999999999939204  0 1 
 0 4 0.015151515151515152 1 0.030303030303030304 1 0.045454545454545456 1 0.060606060606060608 1 0.07575757575757576 1 0.090909090909090912 1 0.10606060606060606 1 0.12121212121212122 1 0.13636363636363635 1 0.15151515151515152 1 0.16666666666666669 1 0.18181818181818182 1 0.19696969696969696 1 0.21212121212121213 1 0.22727272727272729 1 0.24242424242424243 1 0.25757575757575757 1 0.27272727272727271 1 0.2878787878787879 1 0.30303030303030304 1 0.31818181818181818 1 0.33333333333333337 1 0.34848484848484851 1 0.36363636363636365 1 0.37878787878787878 1 0.39393939393939392 1 0.40909090909090912 1 0.42424242424242425 1 0.43939393939393939 1 0.45454545454545459 1 0.46969696969696972 1 0.48484848484848486 1 0.5 1 0.51515151515151514 1 0.53030303030303028 1 0.54545454545454541 1 0.56060606060606066 1 0.5757575757575758 1 0.59090909090909094 1 0.60606060606060608 1 0.62121212121212122 1 0.63636363636363635 1 0.65151515151515149 1 0.66666666666666674 1 0.68181818181818188 1 0.69696969696969702 1 0.71212121212121215 1 0.72727272727272729 1 0.74242424242424243 1 0.75757575757575757 1 0.77272727272727271 1 0.78787878787878785 1 0.80303030303030309 1 0.81818181818181823 1 0.83333333333333337 1 0.84848484848484851 1 0.86363636363636365 1 0.87878787878787878 1 0.89393939393939392 1 0.90909090909090917 1 0.92424242424242431 1 0.93939393939393945 1 0.95454545454545459 1 0.96969696969696972 1 0.98484848484848486 1 1 4
1 -1.6323515130494208e-15 1 0 -1 
1 1.0000000000000004 1.0000000000009948 0 -1 
1 1 -1.421085471518868e-13 0 1 
1 1.8261823151526497e-15 1.9895196601264141e-12 0 1 
7 0 0  3 69 67  1 1  0.9935636730709656 0.99999999999878431  0.98076054336492391 0.99999999999765143  0.96181407998939206 0.99999999999810651  0.94320363795497475 0.99999999999798472  0.92490854741377826 0.99999999999801725  0.90686085257448845 0.99999999999800859  0.88910420812925683 0.99999999999801081  0.87166299037835604 0.99999999999801048  0.85449007411562605 0.99999999999801048  0.83755325348341003 0.99999999999801048  0.82089928193630568 0.99999999999801026  0.80454427646017612 0.99999999999801037  0.78849730062662782 0.9999999999980107  0.77266770707839461 0.99999999999801015  0.75709264163482215 0.99999999999801048  0.74177982042468515 0.99999999999801037  0.72673616500174709 0.99999999999801037  0.71197907989708742 0.99999999999801059  0.69744863112770605 0.99999999999801037  0.68314165629913204 0.99999999999801037  0.66905738210338328 0.99999999999801048  0.65519209361405106 0.99999999999801059  0.64153976352844999 0.99999999999801037  0.62809730116738494 0.99999999999801059  0.61484496763360919 0.99999999999801026  0.60175845575822695 0.99999999999801059  0.58884536939856669 0.99999999999801037  0.57610458508022622 0.99999999999801037  0.56353701693788427 0.99999999999801048  0.55114246835827863 0.99999999999801059  0.53892179057446543 0.99999999999801037  0.52687168047896038 0.99999999999801059  0.51500357365059801 0.99999999999801026  0.50326546840913744 0.99999999999801037  0.49172079205160707 0.99999999999801026  0.48007653921387122 0.99999999999801048  0.46825510400854781 0.99999999999801059  0.45627220121310857 0.99999999999801037  0.44411790481633007 0.99999999999801048  0.43178844496600399 0.99999999999801026  0.41927765340852058 0.99999999999801037  0.40657902156279035 0.99999999999801026  0.39368562158344156 0.99999999999801048  0.3805879220023769 0.99999999999801059  0.36728211875155997 0.99999999999801037  0.35371828594103433 0.99999999999801048  0.33989797804386224 0.99999999999801004  0.32581895606733402 0.99999999999801148  0.3114802132164376 0.99999999999800593  0.29688026220989311 0.99999999999802669  0.28201951778404438 0.99999999999794953  0.26689317838928961 0.99999999999823752  0.25151818304474621 0.99999999999801592  0.23583249289703884 0.99999999999776279  0.21978867042376835 0.99999999999814271  0.20339572990114113 0.99999999999772871  0.18665896672697924 0.99999999999815192  0.16958650251485477 0.99999999999772549  0.1522358244182761 0.99999999999815514  0.1345344868898975 0.99999999999771705  0.11639980799384642 0.99999999999818834  0.097876910293302782 0.99999999999759281  0.079016975261596248 0.99999999999865008  0.05987868099477061 0.99999999999757361  0.040264194110423202 0.99999999999826439  0.020269773138721102 0.99999999999743028  0.0067715544845998749 0.99999999999862621  0 1 
 0 4 0.015151515151515152 1 0.030303030303030304 1 0.045454545454545456 1 0.060606060606060608 1 0.07575757575757576 1 0.090909090909090912 1 0.10606060606060606 1 0.12121212121212122 1 0.13636363636363635 1 0.15151515151515152 1 0.16666666666666669 1 0.18181818181818182 1 0.19696969696969696 1 0.21212121212121213 1 0.22727272727272729 1 0.24242424242424243 1 0.25757575757575757 1 0.27272727272727271 1 0.2878787878787879 1 0.30303030303030304 1 0.31818181818181818 1 0.33333333333333337 1 0.34848484848484851 1 0.36363636363636365 1 0.37878787878787878 1 0.39393939393939392 1 0.40909090909090912 1 0.42424242424242425 1 0.43939393939393939 1 0.45454545454545459 1 0.46969696969696972 1 0.48484848484848486 1 0.5 1 0.51515151515151514 1 0.53030303030303028 1 0.54545454545454541 1 0.56060606060606066 1 0.5757575757575758 1 0.59090909090909094 1 0.60606060606060608 1 0.62121212121212122 1 0.63636363636363635 1 0.65151515151515149 1 0.66666666666666674 1 0.68181818181818188 1 0.69696969696969702 1 0.71212121212121215 1 0.72727272727272729 1 0.74242424242424243 1 0.75757575757575757 1 0.77272727272727271 1 0.78787878787878785 1 0.80303030303030309 1 0.81818181818181823 1 0.83333333333333337 1 0.84848484848484851 1 0.86363636363636365 1 0.87878787878787878 1 0.89393939393939392 1 0.90909090909090917 1 0.92424242424242431 1 0.93939393939393945 1 0.95454545454545459 1 0.96969696969696972 1 0.98484848484848486 1 1 4
1 0.99999999999999833 -1.4210854715188673e-13 0 1 
1 1.2790987033594555e-16 -1.9895196601303727e-12 -8.9677059092842881e-16 1 
1 0.99999999999999833 1 -1 0 
7 0 0  3 69 67  1 1  0.99419215483337997 1  0.98258638614115901 1  0.96525188997118194 1  0.94804405560231808 1  0.93098699251120698 1  0.9140698675525909 1  0.89725031788785592 0.99999999999999978  0.88056241284393078 1  0.86401362812239302 1  0.84763073112012499 1  0.83136570352550843 1  0.81521725031056302 1  0.79921637209984742 0.99999999999999989  0.78337624218716673 1  0.76772644188273464 1  0.75222741067828569 1  0.73684320753768029 1  0.72161525656706682 1  0.70656193768011921 1  0.69170035890436843 0.99999999999999989  0.67706024738834558 1.0000000000000002  0.66260595150256174 1  0.64831194351074428 0.99999999999999989  0.63418446369564108 1  0.62021892745856277 0.99999999999999989  0.60641216657260733 1  0.5927575973446163 1  0.57925368840492863 0.99999999999999989  0.56586193842663446 1.0000000000000002  0.55259448541046463 0.99999999999999933  0.53945906353048056 1.0000000000000024  0.52646344440697002 0.99999999999999056  0.51361288510379821 1.0000000000000353  0.50091654933216134 0.99999999999986799  0.48836500440251773 1.0000000000004921  0.47601440920260135 0.99999999999986788  0.46367238868398303 1.0000000000000357  0.45112423637614707 0.99999999999999034  0.43841757988373353 1.0000000000000024  0.4255348377374592 0.99999999999999933  0.41247635538146754 1  0.39923827400483336 0.99999999999999989  0.38581859186546585 1  0.37221584063953495 1.0000000000000004  0.35842923920974218 0.99999999999999989  0.34446046306227301 0.99999999999999989  0.33030762106086725 0.99999999999999989  0.31592230186859638 0.99999999999999989  0.30130586355313443 0.99999999999999989  0.28645203607916286 0.99999999999999989  0.27136455199955006 0.99999999999999989  0.25604002514192847 1  0.24052407702054984 1.0000000000000004  0.22468640102354528 0.99999999999999989  0.20853385747927819 0.99999999999999989  0.1921190879320947 0.99999999999999989  0.17549089158419032 0.99999999999999989  0.15872212024440555 0.99999999999999989  0.14185173402154547 1  0.12476106913678224 1.0000000000000004  0.10748070148730395 0.99999999999999989  0.090014502277145012 0.99999999999999989  0.072405917436245248 0.99999999999999989  0.054579899610933985 0.99999999999999989  0.036525571664455733 0.99999999999999989  0.018383728947043307 1  0.0061548660712420142 0.99999999999999989  0 1 
 0 4 0.015151515151515152 1 0.030303030303030304 1 0.045454545454545456 1 0.060606060606060608 1 0.07575757575757576 1 0.090909090909090912 1 0.10606060606060606 1 0.12121212121212122 1 0.13636363636363635 1 0.15151515151515152 1 0.16666666666666669 1 0.18181818181818182 1 0.19696969696969696 1 0.21212121212121213 1 0.22727272727272729 1 0.24242424242424243 1 0.25757575757575757 1 0.27272727272727271 1 0.2878787878787879 1 0.30303030303030304 1 0.31818181818181818 1 0.33333333333333337 1 0.34848484848484851 1 0.36363636363636365 1 0.37878787878787878 1 0.39393939393939392 1 0.40909090909090912 1 0.42424242424242425 1 0.43939393939393939 1 0.45454545454545459 1 0.46969696969696972 1 0.48484848484848486 1 0.5 1 0.51515151515151514 1 0.53030303030303028 1 0.54545454545454541 1 0.56060606060606066 1 0.5757575757575758 1 0.59090909090909094 1 0.60606060606060608 1 0.62121212121212122 1 0.63636363636363635 1 0.65151515151515149 1 0.66666666666666674 1 0.68181818181818188 1 0.69696969696969702 1 0.71212121212121215 1 0.72727272727272729 1 0.74242424242424243 1 0.75757575757575757 1 0.77272727272727271 1 0.78787878787878785 1 0.80303030303030309 1 0.81818181818181823 1 0.83333333333333337 1 0.84848484848484851 1 0.86363636363636365 1 0.87878787878787878 1 0.89393939393939392 1 0.90909090909090917 1 0.92424242424242431 1 0.93939393939393945 1 0.95454545454545459 1 0.96969696969696972 1 0.98484848484848486 1 1 4
Curves 194
7 0 0  5 18 5  1.59161572810262e-12 39.377777306775101 -4.9999999999999103  1.59161572810262e-12 39.3882535376231 -5.2999999999999101  1.59161572810262e-12 39.398729768469998 -5.5999999999999099  1.59161572810262e-12 39.409205999317898 -5.9000000000000101  1.59161572810262e-12 39.419682230165101 -6.2000000000000099  1.59161572810262e-12 39.444126768810101 -6.9000000000193102  1.59161572810262e-12 39.458095076608103 -7.30000000003841  1.59161572810262e-12 39.472063384404997 -7.7000000000575097  1.59161572810262e-12 39.486031692202097 -8.1000000000768093  1.59161572810262e-12 39.852964281876098 -18.6075745757337  1.59161572810262e-12 40.205928563753098 -28.715149151371499  1.59161572810262e-12 38.2434771805531 -38.931076753942598  1.3642420526593899e-12 35.621738590276102 -48.7155383770193  1.3642420526593899e-12 32.623050970615701 -59.906792929621901  1.3642420526593899e-12 32.246101941231402 -61.313585859147999  1.1368683772161601e-12 31.869152911847099 -62.720378788673898  1.1368683772161601e-12 31.492203882462601 -64.127171718199904  1.1368683772161601e-12 31.115254853078302 -65.533964647725796 
 0 6 0.024468175787620301 4 0.057092410172677299 4 0.88147211518328195 4 1 6
7 0 0  3 74 72  6.6769272289267701e-12 31.115254853758199 -65.533964647085597  0.212336096395979 31.115255221034399 -65.533964648196005  0.64164665930393106 31.110859800315101 -65.533964649214496  1.2549848147040901 31.091882225768799 -65.533964648806602  1.69260642196658 31.069861559053901 -65.533964648887505  2.1402049081359702 31.042551222769799 -65.533964648882204  2.6326973925916399 31.006202156418301 -65.533964648885501  3.3216785723703501 30.940065369219301 -65.533964648884293  4.0200542773628198 30.857194555391199 -65.533964648884606  4.7642007274765898 30.7516154044865 -65.533964648884506  5.3208644011933197 30.658447841404801 -65.533964648884506  5.9698172320981202 30.539320676949 -65.533964648884606  6.6794411853590701 30.395508359641799 -65.533964648884506  7.5999580653417302 30.1775084578736 -65.533964648884606  8.4552599959134191 29.9481061567861 -65.533964648884506  8.9795137823688407 29.792669110450198 -65.533964648884606  9.5110537646913809 29.627321859996201 -65.533964648884407  10.0556118173855 29.4497341117501 -65.533964648884606  10.8724762532625 29.158312862377901 -65.533964648884506  11.699389641230001 28.836632144992901 -65.533964648884506  12.370242726180001 28.553146701815901 -65.533964648884506  12.9209156876378 28.306863943284799 -65.533964648884506  13.473139106549199 28.050128520815701 -65.533964648884506  14.1784044109184 27.7022402871109 -65.533964648884506  14.992289128775401 27.270400877817099 -65.533964648884606  15.709219182494101 26.862286854213199 -65.533964648884506  16.2346752423094 26.545576086135199 -65.533964648884506  16.751619359787799 26.223520374058701 -65.533964648884506  17.338251489439699 25.8421554649935 -65.533964648884506  18.0791939402562 25.3292263405265 -65.533964648884506  18.795502697490502 24.802195034708799 -65.533964648884606  19.2714576102804 24.4307056813123 -65.533964648884407  19.7226131813919 24.067745027376301 -65.533964648884705  20.160917666951999 23.705006089200701 -65.533964648884506  20.789414094256198 23.1558984551394 -65.533964648884606  21.404633749074101 22.588320023721401 -65.533964648884506  21.941118980249598 22.0661041770887 -65.533964648884506  22.325888692754202 21.674248316727301 -65.533964648884606  22.702457656106098 21.2804935283711 -65.533964648884506  23.125564691535999 20.822786766450999 -65.533964648884606  23.662790369363101 20.210216640834599 -65.533964648884506  24.183930717543401 19.583616891523 -65.533964648884606  24.604995646143099 19.049484759812199 -65.533964648884506  24.932733122120499 18.616475600708299 -65.533964648884506  25.254665477694601 18.1793661304126 -65.533964648884506  25.6458388859641 17.6258668847702 -65.533964648884606  26.098520493040599 16.948384244019799 -65.533964648884506  26.577308464994299 16.189535036896199 -65.533964648884606  26.899223528102301 15.643498250897601 -65.533964648884506  27.255448305374099 15.014422510885 -65.533964648884606  27.6034262040119 14.373582368491901 -65.533964648884506  28.044781629523399 13.4887734875463 -65.533964648884506  28.419547811066199 12.6768438764321 -65.533964648884506  28.646716050006901 12.1494049309822 -65.533964648884506  28.849070754414502 11.6597852241613 -65.533964648884506  29.0433220110733 11.172333149188599 -65.533964648884506  29.302229007798001 10.4757426535019 -65.533964648884506  29.5547588994283 9.7403843687496892 -65.533964648884506  29.801359198163802 8.95957732925919 -65.533964648884506  29.963635431505701 8.3929086660029704 -65.533964648884506  30.1337390601465 7.7608792728988796 -65.533964648884606  30.295821846088799 7.1152079160215802 -65.533964648884506  30.483829898823199 6.2553528639744398 -65.533964648884606  30.636453681361399 5.4548308625164896 -65.533964648884506  30.7407355079898 4.8256052144982098 -65.533964648884506  30.828646604546901 4.2245617413940799 -65.533964648884606  30.916689992116002 3.5424593314117598 -65.533964648883995  31.005819290198001 2.6699660514813499 -65.533964648887405  31.063830464769701 1.8402838201651801 -65.533964648876406  31.088529563915799 1.3037453458394099 -65.533964648894795  31.102790723556801 0.90578154963832203 -65.533964648864995  31.112507896658201 0.51272603376638104 -65.533964649258806  31.115254973085001 0.16285365710013999 -65.533964648214706  31.115254853758099 7.0054756720024597e-10 -65.533964647085597 
 0 4 0.0130302788530749 1 0.0263464458152111 1 0.0376590644152262 1 0.039923490107507703 1 0.053870914135547197 1 0.067969429888284597 1 0.082407744444286904 1 0.097038907991191206 1 0.114103543656166 1 0.11704989388741401 1 0.137538194291839 1 0.15853949537397899 1 0.175104181753478 1 0.19188608088310599 1 0.19209986814150601 1 0.209272526677062 1 0.22704100774660299 1 0.245330612505508 1 0.26372985962398399 1 0.271739971691907 1 0.28235735781642302 1 0.30110871693123398 1 0.32000447202585702 1 0.33890393019229997 1 0.35173826823647703 1 0.35766008047096798 1 0.37628695040770399 1 0.39468046058385398 1 0.41296696956873102 1 0.43086657017776497 1 0.43173623164575697 1 0.44850826117632497 1 0.46578511069791101 1 0.482958422790074 1 0.49988148153744899 1 0.51173535247198498 1 0.51666574089481998 1 0.533323415644953 1 0.54999096496001798 1 0.56667239730079899 1 0.58334368119004998 1 0.59173469516486399 1 0.60000454094534295 1 0.616664318298626 1 0.63333304879323904 1 0.65001292650106202 1 0.67173392374007102 1 0.67223399277143403 1 0.694386451473333 1 0.71648664025297704 1 0.73291584088128703 1 0.74927076598675701 1 0.75173309724069903 1 0.76543426684313098 1 0.78147708941639105 1 0.79734436827270805 1 0.813154732453231 1 0.83173334782114805 1 0.83352125434406599 1 0.85332956835920104 1 0.87258961972526405 1 0.88753925424553903 1 0.90334649672752498 1 0.91173511644575 1 0.92482341590209005 1 0.94556006516201696 1 0.96556286675922898 1 0.97586880762502803 1 0.978526482850263 1 0.99000502006212798 1 1 4
7 0 0  3 75 73  31.115254853758099 -5.11991621564243e-14 -65.533964647085597  31.115255292018102 -0.21702387136094001 -65.533964648172798  31.110417922979199 -0.67928895542354195 -65.533964649263794  31.089085971157299 -1.3304894842563 -65.533964648802197  31.061248069606801 -1.8484592196310199 -65.533964648891896  31.015539004622799 -2.5309340284280402 -65.533964648876903  30.9327717262893 -3.44070526227897 -65.533964648887704  30.773840765463198 -4.6498096731837402 -65.533964648883696  30.6311133648172 -5.4828515832466902 -65.533964648884506  30.493065187555398 -6.1997235015426799 -65.533964648884606  30.365531745771801 -6.8081345877960002 -65.533964648884805  30.168435152438501 -7.6319139386388803 -65.533964648883497  29.9602196655505 -8.4113660029203405 -65.533964648888102  29.7676379941378 -9.0654330713313005 -65.533964648873507  29.607433568691501 -9.5714736531858495 -65.533964648904998  29.438828090813999 -10.0811272469961 -65.533964648801401  29.222830633807799 -10.6960201799131 -65.533964649738607  28.933559597204098 -11.455547355197499 -65.533964645753798  28.624507609086901 -12.207219766395299 -65.533964649738493  28.3610411297871 -12.803322852642401 -65.533964648801302  28.135083639562598 -13.2902329717702 -65.533964648904998  27.905461753426099 -13.768788300537601 -65.533964648873507  27.598117974845099 -14.3774041999496 -65.533964648888102  27.2286965599009 -15.0651184337059 -65.533964648883597  26.848235085369801 -15.7328977705274 -65.533964648884805  26.527402055938701 -16.2653369591368 -65.533964648884506  26.2636378062133 -16.686089677733001 -65.533964648884506  25.999243685448199 -17.096971548049499 -65.533964648884506  25.6603076003579 -17.603399253314301 -65.533964648884506  25.252857624192401 -18.182805641207999 -65.533964648884606  24.846827381618699 -18.7335341774847 -65.533964648884506  24.441424821843601 -19.259214173597201 -65.533964648884606  24.1500914967977 -19.621055945403501 -65.533964648884506  23.8827796188191 -19.945141605349999 -65.533964648884606  23.622587908500002 -20.2543184889422 -65.533964648884506  23.2510051213102 -20.6800406448187 -65.533964648884606  22.861771592179199 -21.1094065317887 -65.533964648884506  22.474284406754801 -21.521402389279299 -65.533964648884705  22.085150038982199 -21.9204666286278 -65.533964648883895  21.694958424482401 -22.3066618525155 -65.533964648886993  21.431858420131999 -22.558086278041699 -65.533964648879206  21.1681340617485 -22.805742691330401 -65.533964648889906  20.900684682090201 -23.052543617097101 -65.533964648882005  20.490714111062498 -23.417758099348202 -65.533964648885203  20.067918936714399 -23.781145724350001 -65.533964648884293  19.632372170520298 -24.142029842734001 -65.533964648884606  19.1814152830426 -24.501940977596199 -65.533964648884506  18.7332739814027 -24.846095556624199 -65.533964648884506  18.4145051512719 -25.081887176551501 -65.533964648884606  18.086522572377898 -25.3196367805131 -65.533964648884506  17.7319038706074 -25.570802480552199 -65.533964648884506  17.217630383407201 -25.919922125481602 -65.533964648884506  16.6917928106907 -26.2616761299142 -65.533964648884506  16.155595517250401 -26.594908709852 -65.533964648884606  15.612120778125099 -26.917539135280101 -65.533964648884506  15.221858041551 -27.1386223716156 -65.533964648884606  14.855166978265601 -27.340841373610001 -65.533964648884506  14.489288089436499 -27.537844796334099 -65.533964648884506  13.9616892951809 -27.809309391387998 -65.533964648884506  13.408219875540899 -28.080318045212199 -65.533964648884506  12.8545763793957 -28.338002534452102 -65.533964648884506  12.300616935244999 -28.5827708838593 -65.533964648884606  11.8339298282629 -28.7782726066783 -65.533964648884606  11.464715105251001 -28.926610882962201 -65.533964648884506  11.096283545770699 -29.070566216512599 -65.533964648884506  10.639776391301901 -29.241591570043699 -65.533964648884506  10.0836472893021 -29.437977228238498 -65.533964648884606  9.5265248743519404 -29.622944297270799 -65.533964648884194  8.9678835967892496 -29.796808779555601 -65.533964648885998  8.5195949754440896 -29.927153212417402 -65.533964648880598  8.1463879292639305 -30.0303790533852 -65.533964648890901  7.7754791720932204 -30.129268569073002 -65.533964648834896  7.29489252265543 -30.249827685871999 -65.533964649203796  6.9244067119111499 -30.335580865830799 -65.533964648217307  6.7397511456708097 -30.376550809938099 -65.533964647085597 
 0 4 0.015468219844402499 1 0.032949110393035497 1 0.046441349213300398 1 0.052444662117849997 1 0.081711005941471904 1 0.111556851470823 1 0.13937225616597901 1 0.14195486775654401 1 0.163601571710769 1 0.18368291857024099 1 0.202331594904998 1 0.22111030198479301 1 0.23228576926035399 1 0.24017063457559501 1 0.25937960238930202 1 0.27874379890916601 1 0.29810708822601201 1 0.31731443056033198 1 0.32520201575993002 1 0.33637396636575101 1 0.35515347378784201 1 0.37380430333890802 1 0.392021349019613 1 0.40993832730764102 1 0.41811590167933099 1 0.42742199592910901 1 0.44476898590623898 1 0.461554995579122 1 0.47791472160330001 1 0.493543820071699 1 0.50887743182409495 1 0.51103019994832899 1 0.52349266141655204 1 0.53768378685151497 1 0.55131230668988596 1 0.56480533726595705 1 0.57800232378505001 1 0.59104634166062497 1 0.60394136709111002 1 0.60394475287402205 1 0.61683731338041603 1 0.62988415044542101 1 0.64308460015368196 1 0.65657932380737405 1 0.67020562346986101 1 0.68421449513577004 1 0.69685860606593997 1 0.69847046498333498 1 0.71309280948647202 1 0.72783608535099997 1 0.74278021897316904 1 0.75779880835678204 1 0.77283961173377802 1 0.78783482010094996 1 0.78977311597217603 1 0.80269249053782998 1 0.81745780800882395 1 0.83207000008655096 1 0.84662281128921502 1 0.86098967687525696 1 0.87524201530551604 1 0.88269195048596505 1 0.88935531496759102 1 0.90344094573554701 1 0.91744416342664203 1 0.93140021953908703 1 0.94528905439104705 1 0.95915272010933195 1 0.96468073529979304 1 0.97289329774649103 1 0.98651725070450202 1 1 4
7 0 0  3 10 8  6.73975115398963 -30.376550770624199 -65.533964781701798  6.9173823736035196 -30.354547550135901 -65.466143688467298  7.2468561795212301 -30.313523836360499 -65.336370520910904  7.6934885614400104 -30.255807719541401 -65.148684740304205  8.0894818528356307 -30.202049355441002 -64.972397277751398  8.48011458760263 -30.145841872835199 -64.788587237095498  8.8621262282745992 -30.0880817506638 -64.598595984630805  9.1829228956077795 -30.038079364781101 -64.431508971268499  9.3588687782158093 -30.010307081087898 -64.337198758204394  9.4239845315930904 -29.999999994595399 -64.301946878507906 
 0 4 0.19243155154200101 1 0.35875067743605499 1 0.49146103549070802 1 0.63233044404772898 1 0.79681662689487598 1 0.92459160977690702 1 1 4
7 0 0  3 30 28  9.4239845297206202 -29.9999999972677 -64.301946873480603  10.412932735818799 -29.792791680012201 -63.933602388307101  12.2122027091338 -29.3556712112455 -63.139898607764302  14.583732856502101 -28.6508686975457 -61.769796711975303  16.635558457405601 -27.960013569917798 -60.312044478241198  18.455319410837401 -27.2941912066971 -58.757184980248098  20.092594660646899 -26.670098555357999 -57.083472353736603  21.487846899907499 -26.1409546408862 -55.3938147546639  22.6243277062967 -25.732945943287501 -53.775203241236099  23.482978641669199 -25.457242826837302 -52.352266739904501  24.0511634609189 -25.301611868632399 -51.2824441367625  24.425147342711199 -25.214395947068098 -50.513369474998598  24.717067708456401 -25.156134394027401 -49.873680795412  25.023176858273999 -25.1077564372662 -49.153112432378101  25.344808439647899 -25.0759975966402 -48.323899538772302  25.647153869349498 -25.070251949856001 -47.455889466027102  25.9116433650216 -25.091038964942101 -46.604856254168901  26.129419020152099 -25.132812761066798 -45.816151584552102  26.3106222113929 -25.191139664097999 -45.076716375338101  26.469094126937101 -25.2659420212876 -44.3456495611779  26.628328562117598 -25.373042051975599 -43.497390657933501  26.805983718265601 -25.554457944210601 -42.329130575623502  26.965843262787899 -25.868326783089799 -40.732140852311097  27.027488961314599 -26.365028213935101 -38.734282947159798  26.9214402298525 -27.017929602337599 -36.576812715785302  26.6230537604768 -27.814977961286299 -34.313546764928503  26.1671900574907 -28.637917151042899 -32.234358238024598  25.639171556064699 -29.388514006949801 -30.489829390150899  25.2890857559347 -29.821552207974499 -29.5324047931819  25.137173830641 -29.999999994989601 -29.144925580887801 
 0 4 0.072929937011762105 1 0.13650096697133601 1 0.19167362454427 1 0.24984648302001 1 0.30492783848653698 1 0.35595715627830399 1 0.40269012093541501 1 0.44183481182119799 1 0.470167022039989 1 0.48556590206209499 1 0.50012266555090201 1 0.51799669472036003 1 0.53898446944674105 1 0.56037840061534705 1 0.58017902024797197 1 0.59923170272339399 1 0.61595062687462598 1 0.63218341915004095 1 0.65009519631769996 1 0.67491980747661295 1 0.71334702700616304 1 0.76091996983688703 1 0.81455270302859395 1 0.86629746652144601 1 0.92486061746791903 1 0.96926991133010199 1 1 4
7 0 0  3 13 11  25.137173836002599 -29.999999994989601 -29.144925578785799  25.0218889873173 -30.221934163100901 -28.2428362153241  24.735008820622799 -30.639688840179399 -26.5870831299328  24.196439910385099 -31.253426448462601 -24.366942876156902  23.601439259149402 -31.817909561749701 -22.4307917730364  22.9900417849436 -32.327287316022201 -20.766398229428798  22.3776795268424 -32.785281906520098 -19.327909063920298  21.869318524603301 -33.136569407580701 -18.257350508108299  21.428764537613699 -33.424913166194003 -17.396883170510201  20.9891015546104 -33.700440957690802 -16.5885343110183  20.435182953805 -34.030623484780399 -15.6388375067092  20.005338135868001 -34.272197184568697 -14.9601891019758  19.762577188192299 -34.404155870827601 -14.5938214991534 
 0 4 0.171455394875585 1 0.318933838264502 1 0.438735770043929 1 0.56210702401650003 1 0.66129506752806499 1 0.73999946070144695 1 0.78952234548190403 1 0.84625989125437895 1 0.91594278418081898 1 1 4
7 0 0  3 6 3  19.762577187784199 -34.404155872192199 -14.593821499657301  19.7205328504572 -34.404155872192199 -13.6441253572976  19.678488513130201 -34.404155872192199 -12.6944292149379  19.569189972601102 -34.404155872192199 -10.796488715083999  19.501935769398901 -34.404155872192199 -9.8482443575899303  19.434681566196801 -34.404155872192199 -8.9000000000958099 
 0 4 0.5 2 1 4
7 0 0  3 21 19  19.434681566195799 -34.4041558721906 -8.9000000000957993  19.303531231867002 -34.478241647032597 -8.9000000000957993  19.040874811026999 -34.624639084739897 -8.9000000000958099  18.645249070724201 -34.839270571359101 -8.9000000000958206  18.249005786144199 -35.048440895838198 -8.9000000000958099  17.983399023203901 -35.184830317562003 -8.9000000000957993  17.717496441119501 -35.319476074277397 -8.9000000000957904  17.450398293742801 -35.452826875337799 -8.9000000000957709  17.048261459054999 -35.647948001943902 -8.9000000000957407  16.643350729706601 -35.8387859620493 -8.9000000000956998  16.235319965739301 -36.025470113992803 -8.9000000000956607  15.8240327997724 -36.208016460582598 -8.9000000000956003  15.4099064669934 -36.386198479787097 -8.9000000000955293  14.9962028989061 -36.558627095505997 -8.9000000000954493  14.7174107708913 -36.6711433824998 -8.9000000000953996  14.438683709028201 -36.781789424891898 -8.9000000000953392  14.1580748073235 -36.891307392558303 -8.9000000000952806  13.740250813910301 -37.048945699527103 -8.9000000000951793  13.3231576517399 -37.200962195676397 -8.9000000000950692  13.0446313634496 -37.298954833778403 -8.9000000000949893  12.9055220739004 -37.347025167441302 -8.9000000000949502 
 0 4 0.062838401752343898 1 0.12550691538475001 1 0.18803173472776699 1 0.25016556475528501 1 0.25041680569660302 1 0.312754777570663 1 0.375122018509222 1 0.43757628693071698 1 0.50023616439993202 1 0.56307990039698796 1 0.62606552337239496 1 0.68905847984462099 1 0.75075053763914001 1 0.75190170495164699 1 0.81454786897988996 1 0.87676439301022802 1 0.93860016596359397 1 1 4
7 0 0  3 22 20  12.905522073900601 -37.347025167441203 -8.9000000000947708  12.4166712201183 -37.505032751950502 -8.6904028079242792  11.5103931889197 -37.789839160034099 -8.3276691180788305  10.2759938089958 -38.123814975903102 -7.8965914349550097  9.2665112623602006 -38.368589137303502 -7.5838677780860202  8.45469258205374 -38.546347810780503 -7.3569994870080704  7.7269054489179103 -38.691803568824298 -7.1719740842619997  7.0428570647925604 -38.8163185719973 -7.0136661069742097  6.3821998136673201 -38.925529516870299 -6.8756492671658203  5.76768694628361 -39.0166220824077 -6.7600736084850501  5.17924726549486 -39.095400186198098 -6.6603626716481399  4.57877290072609 -39.167412351262101 -6.5696265618636298  3.95845585992322 -39.232279401750397 -6.48804715332958  3.3224469593067298 -39.288641456681802 -6.4168933255687497  2.6557849123152302 -39.337513904431802 -6.3553934217200698  1.9737683956161001 -39.3759516032462 -6.3070445743742001  1.34347480692494 -39.400986529348998 -6.2758468240770702  0.83881599967908604 -39.4133621729328 -6.2598090133565298  0.46646028718293803 -39.417888597272203 -6.2528284245249601  0.202418844151005 -39.420038798818702 -6.2503804675433798  0.0572049113324768 -39.421034949984502 -6.2500000000958504  2.22675950293414e-13 -39.421428268643197 -6.2500000000958504 
 0 4 0.122488607755824 1 0.22537285338513999 1 0.30071091379863102 1 0.36485527490095898 1 0.41793693992325198 1 0.471674274185717 1 0.52399468405535299 1 0.57033968262421297 1 0.61225774858636295 1 0.65721396643860497 1 0.70534718202626501 1 0.75133237442438905 1 0.79995389623970903 1 0.85453350808622797 1 0.903812640625279 1 0.94086632660817404 1 0.96747669024639205 1 0.98718791471033396 1 1 4
7 0 0  5 6 2  0 -39.377777306775002 -4.9999999999999103  0 -39.386507499149097 -5.2500000000190896  0 -39.395237691522397 -5.5000000000382601  0 -39.403967883896101 -5.7500000000574998  0 -39.412698076269599 -6.0000000000767004  0 -39.421428268643098 -6.2500000000959099 
 0 6 1 6
7 1 0  3 4 2  0 -39.377777306775002 -4.9999999999999103  1 78.755554613550004 -39.377777306775101 -4.9999999999999103  0.33333333333333298 78.755554613549606 39.377777306774902 -4.9999999999999103  0.33333333333333298 0 39.377777306775002 -4.9999999999999103  1
 0 4 1 4
7 0 0  3 31 27  -25.137173833230701 -29.9999999946141 -29.144925580118699  -25.343643102441899 -29.9999999946141 -29.671471146420799  -25.723369257779499 -29.9999999946141 -30.737573792256999  -26.1914980047402 -29.9999999946141 -32.369318529319898  -26.556202233873599 -29.9999999946141 -34.027247381832801  -26.816080693354401 -29.9999999946141 -35.704805222822998  -26.9672796017433 -29.9999999946141 -37.364747494914901  -27.000028669122301 -29.9999999946141 -38.465159457952801  -27.0000000026916 -29.9999999946141 -39.000000000095902  -27.0000336610915 -29.9999999946141 -39.565579171648601  -26.964430797219599 -29.9999999946141 -40.696728705975502  -26.804670010866399 -29.9999999946141 -42.386761739742703  -26.539064676461201 -29.9999999946141 -44.063422622642101  -26.168695172402501 -29.9999999946141 -45.720094638556198  -25.695015116412598 -29.9999999946141 -47.350236935083998  -25.119896786878801 -29.9999999946141 -48.947414210618803  -24.445610023211401 -29.9999999946141 -50.505321083972198  -23.674816938094601 -29.9999999946141 -52.0178072642613  -22.810560423780501 -29.9999999946141 -53.4789017566372  -21.856252403121001 -29.9999999946141 -54.882836454598703  -20.815660289166299 -29.9999999946141 -56.224068905599097  -19.692892131679798 -29.9999999946141 -57.497304194383098  -18.492380392178202 -29.9999999946141 -58.697515840575399  -17.218864454781801 -29.9999999946141 -59.8199656620585  -15.877371886011399 -29.9999999946141 -60.860222406662302  -14.473198697915601 -29.9999999946141 -61.8141795208197  -13.011888026749 -29.9999999946141 -62.6780703352659  -11.499209793755 -29.9999999946141 -63.448486764725999  -10.293064850936201 -29.9999999946141 -63.9701623584373  -9.5948442872654596 -29.9999999946141 -64.238310114768097  -9.4239845307859103 -29.9999999946141 -64.301946875956205 
 0 4 0.039575708277857002 1 0.079151416555714102 1 0.11872712483357099 1 0.15830283311142801 1 0.19787854138928501 1 0.235303372818818 3 0.27487908605845202 1 0.31445479929808601 1 0.35403051253772 1 0.39360622577735399 1 0.43318193901698798 1 0.47275765225662197 1 0.51233336549625597 1 0.55190907873589001 1 0.59148479197552395 1 0.631060505215158 1 0.67063621845479204 1 0.71021193169442498 1 0.74978764493405903 1 0.78936335817369296 1 0.82893907141332701 1 0.86851478465296095 1 0.90809049789259499 1 0.94766621113222904 1 0.98724192437186298 1 1 4
7 0 0  3 10 8  -9.4239845321380908 -29.999999995796198 -64.301946879586296  -9.2578023991873 -30.026304747624899 -64.391913322072398  -8.9457344342952307 -30.0753499603018 -64.556611229096504  -8.5125378328249397 -30.141013508881802 -64.772767864979699  -8.1205846971446896 -30.197690866158698 -64.958122847093605  -7.7264740829271998 -30.251465723220601 -65.134480239593699  -7.3330009662476803 -30.302444990499101 -65.300425849259398  -6.9962595139376997 -30.3447299593232 -65.435147102701706  -6.8092271222310998 -30.367944765407799 -65.507438270936106  -6.7397514962214604 -30.376550726823002 -65.533964649581193 
 0 4 0.19245835800101899 1 0.35880065279458701 1 0.49152041970550597 1 0.63241092281325995 1 0.79698357513204898 1 0.92473900115164098 1 1 4
7 0 0  3 16 14  -6.7397514959145104 -30.3765507280999 -65.5339646492491  -6.7020964950058399 -30.3675669195264 -65.534260107913894  -6.6268102283859198 -30.349747085855402 -65.534846378900497  -6.5138702791911101 -30.323442608470799 -65.535712413678297  -6.4010045157616799 -30.297583819618499 -65.536564376381193  -6.2881914297210404 -30.272166175997398 -65.5374023888631  -6.1712295540825197 -30.246259618004601 -65.538257108534495  -6.0458658839175197 -30.218997831145099 -65.5391571858883  -5.8910619618374502 -30.186026550044101 -65.540246619302096  -5.7108182082566596 -30.148678469592401 -65.541481896247205  -5.5091937861875602 -30.108290508092399 -65.542819244282498  -5.3282699187012996 -30.0733046786956 -65.543979005067598  -5.1724616249941002 -30.044093013280399 -65.544948235696694  -5.0461627588143303 -30.020993844977699 -65.545715188809396  -4.9661621111312799 -30.006695302589801 -65.546190230374293  -4.9282827590391101 -29.9999999874744 -65.5464127323675 
 0 4 0.062742552840713797 1 0.12539881746279499 1 0.18797501410246201 1 0.25045299086589801 1 0.31288024856406199 1 0.38220422334390503 1 0.45846740360944499 1 0.56951550116628702 1 0.68066911549920095 1 0.79187611453197304 1 0.86827908771420903 1 0.93765634718692503 1 1 4
2 0 -29.999999994615699 -39.000000000095902 0 -1 0 -0.182528991346184 -0 -0.98320047158153101 0.98320047158153101 0 -0.182528991346184 27.000000005384901
7 0 0  3 16 14  4.9282827932110997 -29.9999999958657 -65.546412732636497  4.9661621362772896 -30.0066953080315 -65.546190230415107  5.0461627644779998 -30.020993845550901 -65.545715188675899  5.1724615995877201 -30.044093008775999 -65.544948235881506  5.3282698548527696 -30.073304666544999 -65.543979005455796  5.5091936784267199 -30.108290487011601 -65.542819244985694  5.7108180534544504 -30.1486784381493 -65.541481897286701  5.89106176722537 -30.186026509262401 -65.540246620650606  6.0458656569771598 -30.218997782348499 -65.539157187499995  6.1712293021678999 -30.246259562756499 -65.538257110358302  6.2881911551322904 -30.272166114674199 -65.537402390884395  6.4010042195116199 -30.297583752359301 -65.536564378602407  6.5138699613136497 -30.323442534972699 -65.535712416082703  6.6268098885852096 -30.349747006443302 -65.534846381575207  6.7020961410585702 -30.367566834788001 -65.534260110569804  6.7397511350004899 -30.376550640048102 -65.533964651802606 
 0 4 0.062343653918981098 1 0.13172091400407601 1 0.20812388729958001 1 0.31933088575130802 1 0.43048449952947998 1 0.54153259692020494 1 0.61779577754878101 1 0.68711975279734205 1 0.74954701087846698 1 0.81202498784255395 1 0.87460118425271804 1 0.93725744824714097 1 1 4
2 0 -29.9999999946155 -39.000000000095902 0 -1 0 0.34903646406372818 0 -0.93710914345869545 0.93710914345869545 0 0.34903646406372818 27.000000005384798
1 27.000000005384699 -29.9999999946155 -39.000000000095902 0.70710678055194298 -0.70710678182115205 0 
7 0 0  3 72 68  32.750000000112401 -35.749999999776399 -39.000000000095902  32.7500408265049 -35.749999999776399 -39.686026587746497  32.706855871256998 -35.749999999776399 -41.058069078325801  32.513071954495402 -35.749999999776399 -43.108016554272098  32.190902521127498 -35.749999999776399 -45.141744106482001  31.741658030136499 -35.749999999776399 -47.151225903369699  31.1671016659819 -35.749999999776399 -49.128528133226901  30.469504433003401 -35.749999999776399 -51.065845013550103  29.6516195623378 -35.749999999776399 -52.955528350492202  28.716676098071702 -35.749999999776399 -54.7901180689962  27.668364955815299 -35.749999999776399 -56.562371573479503  26.510824671588999 -35.749999999776399 -58.265292364313602  25.2486249780039 -35.749999999776399 -59.892157652122897  23.886748786841501 -35.749999999776399 -61.4365448997412  22.430572511365401 -35.749999999776399 -62.892357176633098  20.8858448429717 -35.749999999776399 -64.253847228475095  19.258664056068099 -35.749999999776399 -65.515640166127696  17.555453933430499 -35.749999999776399 -66.6727546846259  15.7829384063678 -35.749999999776399 -67.720622728368596  13.9481150100007 -35.749999999776399 -68.6551075248844  12.058227258396901 -35.749999999776399 -69.472519915977898  10.1207360486338 -35.749999999776399 -70.169632921785194  8.1432902066755108 -35.749999999776399 -70.7436944802417  6.1336962913457898 -35.749999999776399 -71.192438311670003  4.0998877756016601 -35.749999999776399 -71.514092865597306  2.0498937267769999 -35.749999999776399 -71.7073883144798  -0.0081928905623495103 -35.749999999776399 -71.771561566727399  -2.0662471640160902 -35.749999999776399 -71.706359279235699  -4.1161443088710898 -35.749999999776399 -71.512038857533298  -6.14979174311887 -35.749999999776399 -71.189367439597405  -8.1591610353430202 -35.749999999776399 -70.739618867346294  -10.1363195993533 -35.749999999776399 -70.164568657767703  -12.0734620104417 -35.749999999776399 -69.466486993535  -13.962940819630999 -35.749999999776399 -68.6481297607816  -15.797296744266401 -35.749999999776399 -67.712727669416395  -17.5692881157646 -35.749999999776399 -66.663973498930602  -19.2719194682658 -35.749999999776399 -65.506007520045898  -20.898469155329298 -35.749999999776399 -64.243401149757901  -22.4425158856344 -35.749999999776399 -62.881138904300101  -23.897964072980301 -35.749999999776399 -61.424598721277299  -25.259067900317 -35.749999999776399 -59.879530728640297  -26.520454003515599 -35.749999999776399 -58.252034544368598  -27.6771426826948 -35.749999999776399 -56.548535196281897  -28.724567567176901 -35.749999999776399 -54.775757757779502  -29.658593619829201 -35.749999999776399 -52.940700796892003  -30.475533546349201 -35.749999999776399 -51.050608753722102  -31.1721620347769 -35.749999999776399 -49.112943317035501  -31.7457296721247 -35.749999999776399 -47.135354055895398  -32.193969380708801 -35.749999999776399 -45.125647888984901  -32.515121855564203 -35.749999999776399 -43.091759502443999  -32.707369749745098 -35.749999999776399 -41.047152450634599  -32.750039901260799 -35.749999999776399 -39.680568173482698  -32.750000000112401 -35.749999999776399 -39.000000000095902  -32.7500408265049 -35.749999999776399 -38.3139734124452  -32.706855871256998 -35.749999999776399 -36.941930921865897  -32.513071954495402 -35.749999999776399 -34.891983445919799  -32.190902521127597 -35.749999999776399 -32.858255893709597  -31.741658030136101 -35.749999999776399 -30.848774096822801  -31.167101665983399 -35.749999999776399 -28.871471866962501  -30.469504432997699 -35.749999999776399 -26.934154986650601  -29.651619562358999 -35.749999999776399 -25.044471649666502  -28.716676097992298 -35.749999999776399 -23.209881931319199  -27.668364956111699 -35.749999999776399 -21.437628426250999  -26.510824670482599 -35.749999999776399 -19.734707637599701  -25.2486249821333 -35.749999999776399 -18.107842341644101  -23.886748771430302 -35.749999999776399 -16.563455124428302  -22.4305725688805 -35.749999999776399 -15.1076427340727  -20.885844628322399 -35.749999999776399 -13.746153105683  -19.2586648571504 -35.749999999776399 -12.484358587685  -17.9455796844608 -35.749999999776399 -11.5922908556718  -17.180329196253201 -35.749999999776399 -11.1172997582735  -16.9968807425977 -35.749999999776399 -11.0059194645742 
 0 4 0.0150818461773482 1 0.0301636923546965 1 0.045245538532044702 1 0.060327384709393 1 0.075409230886741202 1 0.090491077064089404 1 0.10557292324143799 1 0.120654769418786 1 0.13573661559613401 1 0.15081846177348199 1 0.16590030795083099 1 0.180982154128179 1 0.19606400030552701 1 0.21114584648287499 1 0.22622769266022399 1 0.241309538837572 1 0.25639138501491998 1 0.27147323119226802 1 0.286555077369617 1 0.30163692354696497 1 0.31671876972431301 1 0.33180061590166099 1 0.34688246207901002 1 0.361964308256358 1 0.37704615443370598 1 0.39212800061105402 1 0.407209846788403 1 0.42229169296575098 1 0.43737353914309901 1 0.45245538532044699 1 0.46753723149779602 1 0.482619077675144 1 0.49770092385249198 1 0.51278277002983996 1 0.52786461620718805 1 0.54294646238453703 1 0.55802830856188501 1 0.57311015473923299 1 0.58819200091658197 1 0.60327384709392995 1 0.61835569327127804 1 0.63343753944862602 1 0.648519385625975 1 0.66360123180332298 1 0.67868307798067096 1 0.69376492415801905 1 0.70884677033536703 1 0.72392861651271601 1 0.73901046269006399 1 0.75397231044724999 3 0.76905415643257802 1 0.78413600241790504 1 0.79921784840323296 1 0.81429969438856098 1 0.829381540373888 1 0.84446338635921603 1 0.85954523234454305 1 0.87462707832987097 1 0.88970892431519899 1 0.90479077030052601 1 0.91987261628585404 1 0.93495446227118095 1 0.95003630825650898 1 0.965118154241837 1 0.98020000022716403 1 0.99528184621249205 1 1 4
7 0 0  3 15 13  -16.996880742682801 -35.749999999827899 -11.0059194644342  -17.562762715742402 -35.502639175926198 -11.6388852571939  -18.520669610463699 -35.0579866494149 -12.803710398956399  -19.6529526748477 -34.470325430841903 -14.403108820906001  -20.4587100970904 -34.0174239354862 -15.675928324958299  -21.060128315156099 -33.657553038436497 -16.712570899713999  -21.563805281771 -33.338688315610298 -17.651627244200199  -22.002583433600002 -33.045658938856199 -18.532918748879499  -22.449394490869601 -32.731321203557698 -19.4974305358562  -22.956943900868701 -32.351057101638403 -20.693058833247001  -23.549383984517299 -31.864246969498499 -22.276583767859901  -24.164111480153299 -31.2886679898211 -24.2388312465973  -24.730814301727101 -30.6461981472664 -26.5616227298996  -25.021414821383999 -30.220939989993202 -28.244350509537401  -25.137173835659599 -29.999999994531301 -29.1449255791665 
 0 4 0.12544668423687799 1 0.22413341632627501 1 0.292989947130055 1 0.35078657401246299 1 0.40321246756593199 1 0.45163878885803399 1 0.49691430568796102 1 0.56072867668915405 1 0.64474833033371004 1 0.748928752911864 1 0.86733508960113803 1 1 4
2 0 -29.9999999946155 -39.000000000095902 0 -1 0 1 0 0 -0 0 1 27.000000005384699
2 0 0 -65.570886563432694 0 0 1 0.16533034655982098 -0.98623824530709081 0 0.98623824530709081 0.16533034655982098 -0 29.000000000126501
1 29.000000000126601 -1.1945875948891499e-13 -65.570886563432694 0.99984769512541405 -4.1186401840348801e-15 0.017452408211965201 
7 0 0  3 6 4  4.9281866854882903 -30.000015777618898 -65.5464127322346  4.9136278420194204 -29.844530204771601 -65.549132042404096  4.8841983013674497 -29.5335894762317 -65.554570820312605  4.8396563920414399 -29.0672222115656 -65.562728756260995  4.8096417518129204 -28.756346622319398 -65.568167262885595  4.7944836077968001 -28.6009251958418 -65.570886564902494 
 0 4 0.33333333333333298 1 0.66666666666666696 1 1 4
2 0 0 -65.570886563432694 0 0 1 1 -1.22464679914735e-16 0 1.22464679914735e-16 1 -0 29.000000000126398
1 -29.000000000127098 7.1029514350857702e-15 -65.570886563432694 -0.99984769512541416 2.4489205589403904e-16 0.017452408211960303 
7 0 0  3 71 69  -31.115254853650001 3.3664305162846399e-15 -65.5339646474891  -31.1152552855491 0.21702104471581399 -65.533964647982302  -31.110418018191702 0.67928176701402998 -65.533964648477294  -31.089086336315301 1.3304815437738 -65.533964648267798  -31.061248808148601 1.84844692209358 -65.533964648308498  -31.015539841877501 2.5309232498607201 -65.533964648301705  -30.922933233958801 3.5488585569196198 -65.533964648307006  -30.7576560578268 4.7572576614630302 -65.533964648304902  -30.576280869007299 5.7835584027071896 -65.533964648305201  -30.395873723357401 6.6747201253372497 -65.533964648305201  -30.1912828992538 7.54851653672723 -65.533964648305201  -29.948447877134701 8.4540413249630895 -65.533964648305101  -29.756376771541198 9.1019654476868102 -65.533964648305201  -29.577302485373 9.6653314573881506 -65.533964648305201  -29.362764173957601 10.306108788346901 -65.533964648305201  -29.028141611419901 11.2249233057517 -65.533964648305101  -28.605498378613799 12.2605511676449 -65.5339646483054  -28.232979801879399 13.0855696096766 -65.533964648304803  -27.810677598185599 13.966983023392199 -65.533964648306295  -27.277375913115101 14.9958264446295 -65.533964648288503  -26.694449714096699 15.997397148843101 -65.533964648306295  -26.176567659925102 16.826186668177002 -65.533964648304803  -25.679603966476598 17.582763622696099 -65.5339646483053  -25.030535051657001 18.496121189756 -65.533964648305201  -24.433966799277101 19.2709474996431 -65.533964648305201  -24.004117305282598 19.799987764877802 -65.533964648305201  -23.616561297411099 20.2621460539061 -65.533964648305201  -23.156081843678901 20.7892105446433 -65.533964648305201  -22.5271857404949 21.470905228968199 -65.533964648305201  -21.9082260340864 22.1012686835106 -65.533964648305201  -21.3818089375056 22.607072372900699 -65.533964648305201  -20.849608948408498 23.1007737397982 -65.5339646483053  -20.280093775882602 23.604666682596299 -65.533964648304007  -19.583917589271 24.183687338800699 -65.533964648308199  -18.944014780986201 24.6881450228184 -65.533964648293903  -18.508875813442799 25.013081938786801 -65.533964648329501  -18.069758764186901 25.332124692133 -65.5339646482809  -17.626250464279298 25.6455748772308 -65.533964648316399  -16.9487031153887 26.0983163216851 -65.533964648302103  -16.259344573444601 26.533267482185298 -65.533964648305997  -15.605807705518 26.922065321396701 -65.533964648305002  -15.1328323984253 27.1885691690714 -65.533964648305201  -14.657440643957999 27.4483019214724 -65.533964648305201  -14.131321714338799 27.7251448103308 -65.533964648305201  -13.406731151742999 28.0826524498104 -65.533964648305201  -12.6767952924426 28.419569922077098 -65.533964648305201  -12.0256824772641 28.700001189096401 -65.533964648305201  -11.535002594397399 28.899076140165899 -65.533964648305201  -11.046550148723 29.0900674025334 -65.533964648305201  -10.476266329500801 29.3020425315433 -65.533964648305201  -9.7407323737104594 29.5546475727878 -65.533964648305201  -9.0087074680456798 29.785845644515401 -65.533964648305201  -8.3410148215854392 29.978843072895799 -65.533964648305201  -7.8604226839004703 30.106846614276201 -65.533964648305201  -7.3920222348231999 30.225671195396401 -65.533964648305201  -6.8756823642942404 30.348810224381801 -65.533964648305201  -6.1975318735422702 30.4943589751513 -65.533964648305201  -5.5376649516552998 30.620866316559301 -65.533964648305201  -4.9033358757635597 30.728636023194301 -65.533964648305201  -4.3737781418307096 30.807595580624401 -65.533964648305201  -3.9703338498491898 30.8614048153776 -65.533964648305201  -3.5784989887975298 30.909788423787301 -65.533964648305201  -3.1143085716249899 30.960755818689101 -65.533964648305201  -2.5585040419809402 31.011501141254101 -65.533964648305201  -2.01911382257176 31.051186402178399 -65.533964648305201  -1.50869866500225 31.0799960326544 -65.533964648305101  -1.16384457102695 31.093912145331799 -65.5339646483053  -0.82870920392510505 31.104693800524402 -65.533964648305101  -0.48916973916473899 31.112702145454499 -65.533964648306707  -0.16168314836854999 31.115254950601301 -65.533964648302202  -6.4842878214457999e-11 31.1152548534338 -65.533964648296305 
 0 4 0.0133177615637943 1 0.028368599815790398 1 0.039985793920996 1 0.045154237575277499 1 0.070352843428608397 1 0.102716382689444 1 0.119999860406204 1 0.13431949473431801 1 0.158521832265554 1 0.17507227597844099 1 0.191857955117059 1 0.19999845318717499 1 0.21135635023316901 1 0.23333405968054 1 0.26001181950820701 1 0.28000001596871399 1 0.28889078301911902 1 0.320001357768262 1 0.35110914807891502 1 0.35999924701394698 1 0.37998502007350299 1 0.40666250388818198 1 0.42875981089597498 1 0.43999824452460801 1 0.44850103437206801 1 0.46578051114216601 1 0.48295343594415602 1 0.50542477391332896 1 0.51999789344777902 1 0.52776024056461501 1 0.54998183520532995 1 0.56666626151609401 1 0.58333520400317596 1 0.59999226043236897 1 0.59999746541858501 1 0.61665127169745104 1 0.63332459350510395 1 0.65001119123653095 1 0.66667819188408095 1 0.67999655331116704 1 0.68333188773379705 1 0.69992862766795805 1 0.71648440321748497 1 0.73292180584941002 1 0.74927031243344 1 0.75999536941717905 1 0.76542309699613698 1 0.78146187520695398 1 0.79733663558210799 1 0.81315525489709195 1 0.82857837752092101 1 0.83999483892309401 1 0.84368147972588203 1 0.85823954341180198 1 0.872574481222544 1 0.88625107970689398 1 0.89947681923923695 1 0.91206505001847504 1 0.91911326862014397 1 0.92445975035099803 1 0.93629911940285004 1 0.94777643569511705 1 0.95871691190313602 1 0.96949615255811905 1 0.97915481506337498 1 0.97990041675397599 1 0.99007685116408095 1 1 4
2 0 -35.7499999997763 -39.000000000095902 0 1 0 0.79886385829131001 -0 0.60151187512460802 0.60151187512460802 0 -0.79886385829131001 32.750000000224702
7 0 0  3 86 84  26.1627913591132 -35.749999999946603 -19.3004860897104  26.199030931949899 -35.783844794645603 -19.3486140863921  26.270255368222401 -35.852360960590303 -19.443755645671299  26.3746539199329 -35.958976998851803 -19.584797305691801  26.475023244768899 -36.067771538180303 -19.721904518369598  26.571605470544799 -36.1788678420574 -19.8552620952117  26.6638974303788 -36.291531226058801 -19.9840292487659  26.7521642802384 -36.405899850508199 -20.1084247645258  26.836066896098401 -36.521312537692303 -20.227818002410299  26.916276780493298 -36.6385076038991 -20.343021820263299  26.9923881991398 -36.756758289861097 -20.453323268473302  27.064430616765701 -36.875909858482103 -20.5586279538417  27.131550243030102 -36.994166399862202 -20.657537231798599  27.194246332021201 -37.111897668708998 -20.7506336633909  27.2521159990917 -37.227819109448802 -20.837179543720701  27.3056378949403 -37.342291645399101 -20.9177575776399  27.354487283849998 -37.453899579955397 -20.991753668462898  27.399604584817101 -37.564109197840999 -21.060483813457001  27.4420945103283 -37.6752758259939 -21.125552592580501  27.483219835560501 -37.791113695227502 -21.188852096337701  27.5273733266154 -37.9261615030535 -21.257153795457199  27.572049019467599 -38.078300908276198 -21.326657746048301  27.614600552432901 -38.244327507763899 -21.393237096295302  27.648688216416598 -38.398901615856502 -21.446835455608898  27.675054754747801 -38.538468810648197 -21.488448990002901  27.694702661528499 -38.659569218253203 -21.519545580917001  27.708908532947699 -38.762137654671498 -21.542077695208501  27.7193534230958 -38.849606789242202 -21.558668858857299  27.727239716744901 -38.9256311866123 -21.571209490172699  27.7338524967941 -39.000360900796203 -21.5817346516464  27.739265608789498 -39.0739615481559 -21.5903569557974  27.743555319016 -39.146933284211798 -21.5971940619512  27.7470894139976 -39.226852207316497 -21.602829528193499  27.749445197196501 -39.312532704174103 -21.606587631435399  27.750012556422298 -39.375545324458997 -21.607492903070899  27.7499863503161 -39.438169613885201 -21.607451091053601  27.7494146362123 -39.4941759665953 -21.606538864735299  27.7473417034929 -39.572131491331902 -21.603232058178701  27.744164698896999 -39.650313433959298 -21.598165543435801  27.739229321971301 -39.7366842057478 -21.5902986066742  27.732029504044899 -39.831228982109103 -21.578831368982101  27.723750737393701 -39.918101119114297 -21.565659299321499  27.714875629125601 -39.997227254989298 -21.551554392053799  27.704804198473202 -40.076684887409201 -21.535565566948801  27.6922375024965 -40.164007731532898 -21.515643233273799  27.676704324096502 -40.258946473318403 -21.4910636429899  27.6607934536671 -40.345689308263502 -21.465938679910899  27.6449971042573 -40.424326668564298 -21.441045369708501  27.629713153485 -40.495093496846202 -21.417004263590702  27.6134184710446 -40.5655805592462 -21.391424072854001  27.596092770541901 -40.635874182523899 -21.364282583125402  27.577790817361802 -40.705760081253501 -21.335675547967998  27.556290333667899 -40.783274552510001 -21.302147686490201  27.5311694091594 -40.8682383675512 -21.263085896932498  27.501931076733001 -40.9605236781115 -21.217780929998899  27.472471682449701 -41.047608321782398 -21.1723029434296  27.4421279078609 -41.132286212237403 -21.1256297126621  27.4056742191908 -41.228723514716798 -21.069762646337601  27.360202801648999 -41.341218036996203 -21.0004202961691  27.305478251201102 -41.466661182941301 -20.917498071110298  27.248367730409001 -41.588326146953001 -20.8315483822293  27.190287587261 -41.703951667856501 -20.744745463301399  27.132817905130501 -41.8115659058221 -20.659438815093701  27.079263703377901 -41.906352814772902 -20.580478253328099  27.029173647772101 -41.990920688900303 -20.507068373648501  26.981760160364502 -42.067792169444502 -20.437954072961801  26.9325462089874 -42.144430005483997 -20.366614693353  26.875863463606699 -42.229241460148401 -20.2849203790628  26.805869801996302 -42.329256230282198 -20.184731629193799  26.721978380963801 -42.442389755100699 -20.0657285420059  26.636391628361501 -42.550863723493201 -19.945552150239202  26.5625223670799 -42.639582802789 -19.8427824270413  26.5012922298605 -42.710223212373002 -19.758199366376999  26.446976061462799 -42.770834420372701 -19.6836139782007  26.393119340971602 -42.829022207258397 -19.610093692027199  26.3400798821473 -42.884563553446299 -19.5381060774499  26.287504798644299 -42.937975501404601 -19.4671520404648  26.2355188530139 -42.9892502583984 -19.397384024436601  26.183930423044298 -43.038681600215902 -19.328530494833  26.1330723188834 -43.0860565525658 -19.261018852398099  26.082682496097402 -43.131719475730399 -19.194484147094499  26.032792437212201 -43.175723936239798 -19.128954175807301  25.98310808271 -43.218394392040402 -19.064032540153601  25.933650490366901 -43.259767173533497 -18.999738637575401  25.9005838174118 -43.286715675350202 -18.956971654792401  25.884070600958299 -43.300000000005397 -18.935668734773898 
 0 4 0.020816363194448999 1 0.041130758815214503 1 0.061106613308980998 1 0.080524623510435406 1 0.099671170592348104 1 0.118241129324317 1 0.13647373036517299 1 0.154254125963391 1 0.17192620985551901 1 0.18902216173497699 1 0.20566502197471501 1 0.221521254030456 1 0.237066729085817 1 0.25173793672164002 1 0.265868289908607 1 0.27925142798150698 1 0.29241001978012399 1 0.30594098668939002 1 0.32007183703209702 1 0.33894065229767201 1 0.35703857603844902 1 0.37435728020157399 1 0.38826166548486601 1 0.40071496704639697 1 0.41170562303609098 1 0.419538711617988 1 0.42717729683551398 1 0.434572034487129 1 0.441903761142386 1 0.449110762455594 1 0.45624358939926701 1 0.46557619912782 1 0.474435085701228 1 0.47484692300255699 1 0.48406554865839801 1 0.49097164588256298 1 0.49789239821312198 1 0.50721872894220599 1 0.51662163951464601 1 0.52609255226433105 1 0.53327430631517303 1 0.54049470467457295 1 0.55020468003018697 1 0.559975990257223 1 0.56981371545142601 1 0.57728028085446403 1 0.58477128421578295 1 0.59233377363129402 1 0.59993096970319004 1 0.60759366410736004 1 0.61527157433276702 1 0.62566487768477297 1 0.63618874201671105 1 0.646835689666724 1 0.65595066470093599 1 0.66611053317223601 1 0.68145858238750301 1 0.69721502919575595 1 0.713369765440378 1 0.72856826732978497 1 0.74322133296395498 1 0.75732652337499895 1 0.76829154387927401 1 0.77946160338243198 1 0.79092260509416801 1 0.80246546727142398 1 0.81806168383339295 1 0.83756070486012701 1 0.85691753993651598 1 0.87215659703210102 1 0.88322361799788496 1 0.89416316480255698 1 0.90477002745726198 1 0.91516509922851397 1 0.92525543435621205 1 0.93525151560184805 1 0.94498911560962895 1 0.95455674508621102 1 0.96386584644190099 1 0.973087247046313 1 0.98214054085980595 1 0.99111330906958095 1 1 4
2 0 -43.300000000000097 -39.000000000095902 0 -1 0 0.79035330079263633 0 0.61265133634571023 -0.61265133634571023 0 0.79035330079263633 32.750000000000099
1 12.9055220739001 -43.300000000000203 -8.9000000000952397 0 1 0 
7 0 0  3 23 21  2.22675950293414e-13 -39.421428268643197 -6.2500000000958504  -0.37647275933062502 -39.413902480534396 -6.2500000000958398  -1.04167609842519 -39.400606050916402 -6.2614690689519197  -1.90739345729856 -39.3724823731905 -6.3028060094626301  -2.5709534134143701 -39.340143236075299 -6.3494406128936696  -3.1285068022075402 -39.303860485635198 -6.3982928994988901  -3.6977305514757002 -39.256356358430999 -6.4575937092309097  -4.3133036750720297 -39.196337842928301 -6.5330845945470504  -4.9856589347601004 -39.119916078885602 -6.6292141065577397  -5.6817838225557198 -39.0291554626275 -6.7439216931167199  -6.4172243648339702 -38.920687804177298 -6.8818757394225898  -7.1812227625853096 -38.792835953765199 -7.0435894612926901  -8.0108195858353994 -38.637414228142802 -7.2407911933451903  -8.9086895094901699 -38.449866723071203 -7.4798614982285399  -9.8639148791079201 -38.2265433530658 -7.7651145149198904  -10.823073429136899 -37.977397832381698 -8.0846454265481196  -11.7257616830089 -37.720004971829503 -8.4164047705464  -12.5967883078802 -37.4508778482192 -8.7648404211644806  -13.517437049226601 -37.144405749375899 -9.1634487614361699  -14.570127975414801 -36.764612875167501 -9.6604450918471194  -15.757039224369199 -36.296714645616603 -10.2779945554781  -16.575882219867701 -35.940271862561602 -10.750306079776999  -16.996880742539499 -35.749999999827899 -11.005919464670299 
 0 4 0.061996115530946701 1 0.109542987557064 1 0.14264061607835099 1 0.17140041486977101 1 0.20154543279651799 1 0.236598523264483 1 0.27285256743123898 1 0.31263873917341301 1 0.35227151479928898 1 0.39644181998141598 1 0.44225622251480001 1 0.49438779632498803 1 0.552141073147424 1 0.61004070537400001 1 0.66523960287199801 1 0.71481190054404797 1 0.76909427248709705 1 0.83563557384891995 1 0.9142245918495 1 1 4
7 0 0  1 2 2  32.750000000000099 -76.5 -39.000000000095888  32.750000000000099 -35.74999999977635 -39.000000000095888 
 -31.199999999999903 2 9.5500000002237471 2
2 0 -76.5 -39.000000000095902 0 1 0 1 -0 2.16959613972549e-16 2.16959613972549e-16 0 -1 32.750000000000099
7 1 0  3 4 2  -32.749656486748599 -76.362132034355994 -39.150000000000702  1 -32.749445996290703 -76.408088635644901 -39.195956601289602  0.99999852312829596 -32.749138772181503 -76.454044692064102 -39.241912657708802  0.99999852312829596 -32.748734815782001 -76.5 -39.287867965644701  1
 0 4 1 4
7 0 0  3 9 7  -32.749656486748599 -76.362132034355994 -39.150000000000702  -32.749734181551403 -76.346204815271804 -39.1330368126238  -32.7498680895917 -76.320447624470205 -39.098744641436703  -32.749986082313299 -76.302181216597404 -39.042761576657199  -32.750010393919801 -76.298391810945802 -38.991996325303496  -32.749962845374299 -76.3057239600016 -38.943081472307803  -32.7498394460398 -76.3257038429971 -38.893608278591799  -32.749719938061197 -76.348487167062999 -38.8638533914609  -32.749656486747703 -76.362132034355994 -38.850000000000698 
 0 4 0.209178904717603 1 0.38259608333456802 1 0.52375080873986402 1 0.66523168692199697 1 0.82514784163836497 1 1 4
7 1 0  3 4 2  -32.748734815780402 -76.5 -38.712132034356799  1 -32.749138772179997 -76.454044692064102 -38.758087342292697  0.99999852312829596 -32.749445996289602 -76.408088635644901 -38.804043398711798  0.99999852312829596 -32.749656486747703 -76.362132034356094 -38.850000000000698  1
 0 4 1 4
2 0 -76.5 -39.000000000095902 0 1 0 -0.99996136842077277 0 0.008789861549287098 0.008789861549287098 -0 0.99996136842077277 32.750000000000099
2 0 -39.708438024112098 -39.000000000095902 0 1 0 -0.115393171797216 0 0.99331989605694404 0.99331989605694404 -0 0.115393171797216 32.750000000000099
7 1 0  3 4 2  -1.7742425801950501 -39.708438024112503 -6.2980954184568203  1 -1.85797655095262 -40.905889594265801 -6.3026384069532897  0.99999508282264604 -1.94169245555569 -42.103082806373102 -6.3075029644663703  0.99999508282264604 -2.0253890590664199 -43.300000000000402 -6.3126890192364096  1
 0 4 1 4
2 0 -43.300000000000097 -39.000000000095902 0 -1 0 -0.061843940734850417 0 0.99808583147662422 -0.99808583147662422 -0 -0.061843940734850417 32.750000000000099
7 1 0  3 4 2  -4.0302728552291898 -43.300000000000303 -6.4989323143658497  1 -3.9465963935602799 -42.103370848130602 -6.4885560714883299  0.99999502870055901 -3.8628804844263001 -40.906177571228298 -6.4785030514667499  0.99999502870055901 -3.7791263763577998 -39.708438024112098 -6.4687734042308103  1
 0 4 1 4
1 25.884070600968698 -43.299999999998398 -8.9000000000958099 0 0 -1 
7 0 0  3 75 73  22.7500000012969 -34.404155871834099 -17.351477969750398  22.783880927846599 -34.4041558557931 -17.3870823987717  22.851531221242901 -34.404838516288301 -17.457516912441999  22.953495799324202 -34.407952949357103 -17.561634646308399  23.05455953717 -34.413101062283197 -17.662782028739201  23.154728846839198 -34.420230080885901 -17.7609846117134  23.253404341976399 -34.429235963836902 -17.855683246314101  23.350787872320399 -34.440065195834997 -17.947111215917701  23.4463312349605 -34.452572389762402 -18.034808235211099  23.540812981335598 -34.466785904770099 -18.119533074960799  23.633738859096098 -34.482575936215 -18.200868666284801  23.725199699119301 -34.499891425937101 -18.2789334977221  23.8139510790486 -34.518392453342202 -18.352749574446701  23.900489419448601 -34.538056539928299 -18.422841892572801  23.9840690904078 -34.558591680467401 -18.488719362088101  24.065255055810901 -34.580011653827 -18.550946532774599  24.143285808478801 -34.601980744553302 -18.609075647421701  24.2192690888287 -34.624690872374202 -18.6640537689557  24.292601354390602 -34.647863626378196 -18.715543060167001  24.3634688392351 -34.671451050185802 -18.763786955598601  24.430576033852699 -34.694880707189903 -18.808064410739199  24.494684556142101 -34.718267519797102 -18.849055844319601  24.5553313085158 -34.741309859704799 -18.886624022562302  24.613240951616898 -34.764161097553803 -18.9213659517645  24.667882567476799 -34.786490032997499 -18.953114664411899  24.720474295119299 -34.808693409829203 -18.982704547684602  24.771142635616101 -34.830756254196899 -19.010291390205701  24.8204913136796 -34.852891256367698 -19.036264837144198  24.8679297171043 -34.874778845295197 -19.060382547493401  24.913871044864099 -34.896551911934203 -19.082928670265499  24.958077139535501 -34.918045936688799 -19.1038531760355  25.000933510846401 -34.939401124115697 -19.123400105061599  25.042229876634199 -34.9604659610429 -19.141535460311498  25.082546242859301 -34.981498056934697 -19.158564488870599  25.122017164964401 -35.002542878884498 -19.174575679439599  25.160956694744499 -35.023752366113399 -19.189714998088  25.199166769377999 -35.045003240001797 -19.203924192587799  25.236776712292102 -35.0663504363255 -19.217272748902101  25.273650999892201 -35.087700767617903 -19.229733236112299  25.309895445812302 -35.1090987676072 -19.2413630522746  25.3453816438583 -35.130450412672502 -19.252145200783001  25.38034574245 -35.151881727798603 -19.2621726840074  25.414806366433702 -35.1733929774079 -19.2714649225268  25.448882505522 -35.195050082754904 -19.280063986376302  25.482426043925699 -35.216749158881498 -19.287944793647501  25.5155126516627 -35.238527848997698 -19.295139980764201  25.5480433238525 -35.2603098037916 -19.3016428857336  25.5800824859469 -35.282126404069203 -19.3074823166668  25.611537382850301 -35.3039014524322 -19.3126594928105  25.6425594032386 -35.3257278764736 -19.317215820316299  25.673115975996598 -35.347573516707797 -19.321159057095901  25.703238232354899 -35.369451418849998 -19.324505838281802  25.732719926946402 -35.391199062997003 -19.327251567799099  25.7615979058716 -35.412827344666702 -19.329423807264199  25.7896626477777 -35.434161234653097 -19.3310340363488  25.816935576558599 -35.455195354152202 -19.3321165874546  25.841580538007999 -35.474470539526997 -19.3326661264873  25.858762182236202 -35.488074233951998 -19.332783426932998  25.875479255406798 -35.501398063862098 -19.3327561557515  25.893301588833001 -35.515714137915602 -19.3325480381563  25.9170584597417 -35.535042142234602 -19.331875850396699  25.941984792089801 -35.555571492192001 -19.3307669303476  25.9679955886355 -35.577285374464303 -19.329138222053999  25.994907786524902 -35.600083052305003 -19.326915631154701  26.0182991696005 -35.620176955845203 -19.3245306391883  26.038538867225402 -35.637765796568097 -19.322137411688701  26.055827226375701 -35.6529322652963 -19.319860859696401  26.072563525378001 -35.667749590679499 -19.317436261290901  26.088612653829099 -35.682084577176099 -19.314905118429401  26.1041606519975 -35.696090662738797 -19.312258691112099  26.119245352614399 -35.709792327492401 -19.3095060626713  26.1340298864645 -35.723330847536197 -19.3066285890397  26.148506018574899 -35.736692920644799 -19.303637157742202  26.158057622984501 -35.745578936688503 -19.301549165094901  26.162791359228301 -35.749999999893298 -19.3004860896237 
 0 4 0.0339914462970385 1 0.067378468137360703 1 0.100165837146205 1 0.13200487007216399 1 0.16336940185814999 1 0.19367424285509299 1 0.22333280713614301 1 0.25210648602247598 1 0.280632752585111 1 0.30812986536765902 1 0.33488013439717101 1 0.36032034953300002 1 0.38524270956947398 1 0.40881278301868901 1 0.43163005358010198 1 0.45331729753442201 1 0.47466667881949998 1 0.49477823121539899 1 0.51397319642608597 1 0.53177981510224503 1 0.54905372026430599 1 0.56506624832771402 1 0.58033919878925899 1 0.59467055777272104 1 0.60878595679180902 1 0.62228595834386402 1 0.63538457693475403 1 0.64781542410019299 1 0.66000228745450895 1 0.671617676439487 1 0.68290541296429497 1 0.69379684842756595 1 0.70460816607169796 1 0.71521604413220397 1 0.72568712262328205 1 0.73591797415034099 1 0.74605307079283401 1 0.75594172517689695 1 0.76567786395595006 1 0.77521342208341204 1 0.78469702397777596 1 0.79404399126953895 1 0.80329703402749297 1 0.812383961808681 1 0.82140386481403205 1 0.83025442146782302 1 0.83899797642820495 1 0.84760227115169295 1 0.856167727006935 1 0.86460340621398002 1 0.87293571839014505 1 0.88106366005373105 1 0.88909879371830902 1 0.89685680721085603 1 0.904431009608202 1 0.91033067808504498 1 0.91173625014377302 1 0.91895143284737701 1 0.92586662040218104 1 0.93256661863270596 1 0.940929956631678 1 0.94894333773852102 1 0.95660245943357702 1 0.96195270383533404 1 0.96722703659336895 1 0.972284867729585 1 0.97719642469279 1 0.98190328383562198 1 0.98655838487368896 1 0.991097925958489 1 0.99557996290648798 1 1 4
1 22.75 -34.404155872192199 -8.9000000000957993 0 0 -1 
2 22.75 -39.404155872192099 -8.9000000000958099 0 0 -1 0 1 0 1 -0 0 4.9999999999998899
7 0 0  3 44 42  -4.7945789827359704 -28.600909292836501 -65.570886558046993  -4.6703480478391404 -28.621734990745001 -65.593303305925602  -4.42287306821662 -28.661565268217299 -65.636168966102503  -4.0528916678178701 -28.716201115162001 -65.694949850223196  -3.68788576985509 -28.765326426873099 -65.747787136457603  -3.3283025316336499 -28.809116873019502 -65.794874559257593  -2.9775494836909799 -28.847439584784802 -65.836073420679298  -2.6357797958209099 -28.880625765106998 -65.871743389870105  -2.30601030151501 -28.908781617633899 -65.902001577497003  -1.9850593312987499 -28.932558423883201 -65.927550222178397  -1.6755665298092799 -28.9520924561666 -65.948537500081599  -1.3771870681198199 -28.9677681104878 -65.965377782493107  -1.0954417369123099 -28.979736224683599 -65.978234134346096  -0.82735047294201003 -28.988584330312399 -65.987738405190399  -0.57560268326342801 -28.994634399121001 -65.994236886482994  -0.33736798958370301 -28.998340096559801 -65.9982171389737  -0.147764575431931 -28.999789314894599 -65.999773708676301  -0.0043052661545618298 -29.000061336614699 -66.000065880168094  0.13238708711522601 -28.9998326243287 -65.999820226209806  0.29662429351283398 -28.998708024312599 -65.998612321463298  0.49053237582221698 -28.996057090224099 -65.995764988318697  0.67566194481130903 -28.992317222514298 -65.991747976992897  0.85464915251609597 -28.9875809171883 -65.986660571519707  1.02839707686959 -28.981930566927801 -65.980591196356897  1.1995599030894 -28.975345859504401 -65.973517942766307  1.36905470441846 -28.967831146074602 -65.965445380761196  1.53861464704327 -28.959321558457901 -65.956303702503007  1.71059539855945 -28.9496791062851 -65.9459445136292  1.88642302052629 -28.938764197772901 -65.934217646691494  2.0680845151816598 -28.926361900952699 -65.920891919370206  2.25461360584181 -28.912432491109499 -65.905924325016301  2.4469341551922699 -28.896802800251699 -65.889128398463399  2.6440110100717198 -28.879450696230201 -65.870479895960798  2.8467214818687201 -28.860185810678701 -65.849773670365806  3.0530527519525399 -28.839096757921201 -65.827104335441902  3.2628855018984599 -28.816116793412299 -65.802399456391001  3.4751561801592201 -28.791296721653499 -65.775712905349195  3.6906698900245698 -28.764472749457902 -65.746867721311006  3.9083863932286498 -28.7357060164241 -65.715928706307594  4.1282476627831297 -28.7049491530659 -65.682843899025897  4.3493836208571999 -28.672280500364199 -65.647696498057101  4.5718433323148702 -28.637654084417299 -65.610435890186096  4.72024310728807 -28.613370843447701 -65.584300169173204  4.7945800500271201 -28.600909113905601 -65.570886364819202 
 0 4 0.039451565302015601 1 0.078500557438973398 1 0.117107742302232 1 0.154750372471889 1 0.19187154483958799 1 0.227499773694259 1 0.26214042504443702 1 0.29533712472569701 1 0.328062249826721 1 0.35899238654649801 1 0.38860424008023398 1 0.41603791584690403 1 0.44262559594067302 1 0.46707166181905602 1 0.49023530846090002 1 0.50163517136943003 1 0.51169764976685805 1 0.53274325364844199 1 0.55268643745820301 1 0.57194094252555905 1 0.59023467701467303 1 0.60825092335264097 1 0.62586363910569398 1 0.64334371712028504 1 0.660834586431295 1 0.67846304540661295 1 0.69669294183003505 1 0.71538289445425196 1 0.73483499120834195 1 0.75459815978973299 1 0.77511919354090397 1 0.79609323781794605 1 0.81766539730624499 1 0.83938462716891304 1 0.86153549664896201 1 0.88396729155609999 1 0.90681344809347297 1 0.92978257756414995 1 0.95303124457703203 1 0.97643780543368597 1 1 4
2 0 0 -65.570886563432694 0 0 1 -1 0 0 0 -1 0 29.000000000126398
7 0 0  1 2 2  28.999999999999901 0 -65.570886563432694  28.999999999999901 0 -78.500000000095895 
 12.070886563336792 2 24.999999999999993 2
2 0 0 -78.500000000095895 0 0 1 -1 0 0 0 -1 0 28.999999999999901
2 0 0 0 0 0 -1 1 0 0 0 -1 0 28.999999999999901
7 0 0  1 2 2  -28.999999999999901 1.4205550995781948e-14 -4.9999999999999103  -28.999999999999901 1.4205550995781948e-14 0 
 4.9999999999999991 2 9.9999999999999094 2
2 0 0 -4.9999999999999103 0 0 -1 1 0 0 0 -1 0 28.999999999999901
2 0 -66.5 -39.000000000000703 0 -1 0 -1 0 1.22464679914735e-16 -1.22464679914735e-16 -0 -1 20
7 0 0  1 2 2  20 -66.5 -39.000000000000703  20 -76.5 -39.000000000000703 
 -9.5000000000000995 2 0.49999999999990052 2
2 0 -76.5 -39.000000000000703 0 -1 0 -0.99989640967746762 -0 -0.014393398282199111 0.014393398282199111 0 -0.99989640967746762 20
7 0 0  3 6 3  -19.997941395125299 -76.500000072261599 -39.2878680379063  -19.998245746546001 -76.477022692160105 -39.264890657804798  -19.998550097966799 -76.454045312058696 -39.241913277703397  -19.999053197314101 -76.408089323509799 -39.195957289154499  -19.999251945240601 -76.385110715062396 -39.172978680706997  -19.999450693167098 -76.362132106614894 -39.150000072259601 
 0 4 0.50000000000001599 2 1 4
7 0 0  3 9 7  -19.9994575008343 -76.362132036499005 -39.150000002143699  -19.9995706847407 -76.347041273002304 -39.134909239078198  -19.999753424665201 -76.323161843586206 -39.102466067424302  -19.999965177936499 -76.303409176985198 -39.048818020020803  -20.0000203348893 -76.298028811637906 -38.996605438996802  -19.99994753495 -76.305046731553304 -38.944703783858998  -19.999732178535901 -76.325596714642998 -38.893800570992603  -19.999553622487198 -76.348547222885102 -38.863584811189497  -19.999451733526001 -76.362132035913604 -38.849999998443103 
 0 4 0.191809317099365 1 0.35906061922733301 1 0.510086767943709 1 0.66116593668312795 1 0.82724796788849297 1 1 4
7 0 0  3 6 3  -19.9994506931674 -76.362132106614894 -38.849999927741898  -19.999251945240999 -76.385110715062396 -38.827021319294403  -19.999053197314499 -76.408089323509898 -38.8040427108469  -19.9985500979673 -76.454045312058796 -38.758086722298003  -19.998245746546399 -76.477022692160205 -38.735109342196601  -19.997941395125601 -76.500000072261599 -38.712131962095199 
 0 4 0.50000000000006395 2 1 4
2 0 -76.5 -39.000000000000703 0 -1 0 1 0 0 -0 0 1 20
7 0 0  3 43 41  -25.137173830724699 -29.999999997140002 -29.144925581101202  -25.452682845317302 -29.6304186854404 -29.9496891585013  -25.953726860176101 -28.970198437253998 -31.433586134804301  -26.445004118257199 -28.151168434084699 -33.451532343760199  -26.720242437056299 -27.557017287453998 -35.0441382655181  -26.8661520791781 -27.1416461166388 -36.246519948444103  -26.951705883635 -26.805047222794201 -37.290805763507798  -27.000161276916501 -26.4869705051761 -38.350888412848903  -27.004558832147399 -26.160536438077798 -39.5498138069199  -26.951473195968301 -25.8710850522478 -40.761456764974  -26.855412546902802 -25.648831488277501 -41.845936865966401  -26.746445529723101 -25.4937257179262 -42.7191689753883  -26.6333373969048 -25.381750461008401 -43.452163890226302  -26.512527811578401 -25.293384972721299 -44.121891440011197  -26.3721782655896 -25.2172625048083 -44.803117224532002  -26.1961606582908 -25.150758687892399 -45.556702395614103  -25.972222541055 -25.0996711424004 -46.398140061412498  -25.6968243997222 -25.072089302295499 -47.305797471629198  -25.391241659348101 -25.0733449421523 -48.196540664689898  -25.066369164644499 -25.102735265463899 -49.046487855776398  -24.735388739587201 -25.152271412080601 -49.834943704491003  -24.3889582759044 -25.2209992863107 -50.593199567580001  -24.030800198150001 -25.3083753491408 -51.318088271326097  -23.665728296646598 -25.4087563141318 -52.004752667504398  -23.305800281765201 -25.515014848124999 -52.638324094182899  -22.944308426718202 -25.631280793035501 -53.237839912579098  -22.556628644729699 -25.761900618676901 -53.845267023863798  -22.1021854379388 -25.920332611949799 -54.515953596303802  -21.5742283833887 -26.112644881138799 -55.243680986017999  -20.982078451292299 -26.333357570599102 -56.001933310816298  -20.372648295397401 -26.563829673690201 -56.727089768947401  -19.727075137795801 -26.8098060538616 -57.443092149493999  -18.996694409384101 -27.087137928374599 -58.1975853494503  -18.087825137788599 -27.428059502674898 -59.061518295388503  -16.967632718564602 -27.836747418267901 -60.0226077600663  -15.722801530431701 -28.269303691710299 -60.9689947247129  -14.484336958659799 -28.6726565859814 -61.800399764558499  -13.3436425162937 -29.0181607531207 -62.483204218567799  -12.2001186711597 -29.339872504143798 -63.0981272310215  -11.1037737386836 -29.6216733405697 -63.6214462063284  -10.1507190002496 -29.844727200487 -64.024116108953294  -9.6235816356752295 -29.957538727835001 -64.227604766601004  -9.4239845298464893 -29.999999995796198 -64.301946873433707 
 0 4 0.0634227001338976 1 0.115307542749023 1 0.152295717833766 1 0.180789004893533 1 0.20229722472999501 1 0.22655855039940301 1 0.25552466806111401 1 0.28664134944369402 1 0.31153729923704399 1 0.33129573840610899 1 0.34748021935095103 1 0.362487243685088 1 0.37754327676228999 1 0.39455704068881098 1 0.415101533341941 1 0.43676421935868798 1 0.45912556668907001 1 0.47936112261605202 1 0.499017611018372 1 0.51758771060868403 1 0.536108546556474 1 0.553897472213567 1 0.57047670836931197 1 0.58599353359592199 1 0.60197080821787896 1 0.62011842585250498 1 0.64208474940155602 1 0.66447213989242304 1 0.687126074297432 1 0.708060671464814 1 0.73154044888514902 1 0.76052356140303601 1 0.79623508601311299 1 0.83577617908301205 1 0.87096085414020497 1 0.901082320643948 1 0.92849203733284802 1 0.96115185446544904 1 0.98537441112133795 1 1 4
7 0 0  3 75 73  -6.7397514962035299 -30.376550732053499 -65.533964647489  -6.9480196294036096 -30.330341958951099 -65.533964647988697  -7.3676233934658999 -30.2327039368591 -65.533964648455793  -7.9967274696695902 -30.0724776100386 -65.533964648261701  -8.4194864455044307 -29.9552942209266 -65.5339646483053  -8.8499709707192693 -29.831010857007101 -65.533964648305101  -9.28941530642091 -29.698851984932102 -65.533964648305201  -9.9464243635734793 -29.485406218561401 -65.533964648305201  -10.6091476303262 -29.253594757125299 -65.533964648305201  -11.2798906023725 -29.001675460391699 -65.533964648305201  -11.847987707099801 -28.773120863862001 -65.533964648305201  -12.298199561490399 -28.582487259186301 -65.533964648305201  -12.753238440449699 -28.383430877860601 -65.533964648305201  -13.3183595799791 -28.124245397315701 -65.533964648305201  -14.0091132222488 -27.786770775687302 -65.533964648305201  -14.7019377719767 -27.426610417424602 -65.533964648305201  -15.2986513760384 -27.0969640803436 -65.533964648305201  -15.757836084609 -26.831022563309201 -65.533964648305201  -16.218652955056498 -26.556148001322601 -65.533964648305201  -16.772161703525601 -26.212081009907401 -65.533964648305101  -17.450980910297901 -25.765166036078998 -65.533964648305201  -18.117933359136799 -25.300577021067799 -65.533964648305101  -18.6428018223849 -24.914245419831101 -65.533964648305201  -19.069137918426399 -24.588232437457901 -65.533964648305201  -19.486486165739201 -24.260485277960999 -65.533964648305201  -20.014068510199898 -23.828615453322101 -65.533964648305201  -20.6054790162909 -23.318962979638101 -65.533964648305201  -21.175093197668598 -22.8027915365174 -65.533964648305201  -21.6253995068931 -22.3742332635472 -65.533964648305201  -21.979025245892601 -22.025591952975699 -65.533964648305201  -22.3228356947184 -21.678517538823101 -65.533964648305201  -22.743827019960001 -21.2379223418428 -65.533964648305201  -23.221200014576802 -20.7146594716083 -65.533964648305201  -23.670930023610101 -20.198941675043201 -65.533964648305201  -24.0963594631056 -19.689237399421099 -65.533964648305201  -24.386478914210901 -19.3264685311586 -65.533964648305101  -24.644968469115199 -18.995298703900101 -65.5339646483053  -24.890417771418999 -18.674346099137999 -65.533964648305101  -25.225543874479602 -18.219363791289101 -65.5339646483053  -25.560349149688701 -17.746440785260901 -65.533964648304703  -25.878605578687299 -17.278946442193799 -65.533964648307105  -26.183924004684801 -16.812580587362199 -65.533964648298294  -26.476466515325601 -16.3479397036281 -65.533964648330596  -26.664946662786601 -16.036596632300999 -65.533964648251001  -26.849625557093098 -15.7254388562454 -65.533964648359401  -27.032644514956399 -15.4108578873133 -65.533964648279806  -27.300370737697701 -14.931526039301801 -65.533964648312093  -27.5634744695375 -14.440189221116499 -65.533964648303296  -27.8213901847475 -13.936924103655899 -65.533964648305698  -28.085480233729601 -13.397463555351999 -65.533964648305002  -28.323837733777999 -12.8850798494881 -65.533964648305201  -28.5133943895522 -12.457616812806 -65.533964648305201  -28.756258526130502 -11.891830605047 -65.533964648305201  -29.0676333534003 -11.119418768790499 -65.533964648305201  -29.446317767815 -10.0741190681516 -65.533964648305201  -29.7044090296645 -9.2731959736322196 -65.533964648305201  -29.883528653537301 -8.6708574740842899 -65.533964648305201  -30.016469219344899 -8.2027562335766593 -65.533964648305201  -30.167868961633701 -7.6289769934424196 -65.533964648305201  -30.318045079471499 -7.0071825610234502 -65.533964648305201  -30.4496261040264 -6.4111376920573599 -65.533964648305201  -30.568572871561301 -5.8174175063937001 -65.533964648305201  -30.658354190321401 -5.3194192680925196 -65.533964648305201  -30.723216704683399 -4.92671125525154 -65.533964648305201  -30.783957384387801 -4.5357821570632399 -65.533964648305101  -30.8520172047917 -4.0532008487384399 -65.533964648305201  -30.923209008781502 -3.4683203001587999 -65.533964648305201  -30.982975461429898 -2.8858257771810001 -65.533964648305201  -31.031563090685701 -2.3051450735522101 -65.533964648305201  -31.0617410546079 -1.8401412438262901 -65.533964648305201  -31.081671950401699 -1.4549252460217701 -65.533964648305201  -31.097963839615598 -1.0711043921669501 -65.533964648304902  -31.111720999292402 -0.57444868743961297 -65.533964648306707  -31.115255085664401 -0.19131272651618 -65.533964648301904  -31.1152548534339 3.0233682224434802e-10 -65.533964648296305 
 0 4 0.0152051515900691 1 0.030705689928633199 1 0.046273355199151101 1 0.046477007815658097 1 0.062647842399901302 1 0.078985745789831696 1 0.0957241935561393 1 0.112700304068082 1 0.130064394331524 1 0.139377504036238 1 0.147554292048276 1 0.16547138729278499 1 0.183695582609607 1 0.20235451169149599 1 0.22113139539594401 1 0.23229020047092999 1 0.240182324714625 1 0.25938299226751499 1 0.27874855042572499 1 0.298117436576884 1 0.317324132370506 1 0.32520597521195399 1 0.33637825079531503 1 0.35515352787912402 1 0.37380728061324803 1 0.39202969491871098 1 0.409948260709249 1 0.41811960374621499 1 0.42743016343579299 1 0.44477440394574902 1 0.46155935023169298 1 0.477920965868462 1 0.49355233451686498 1 0.50888704554832498 1 0.51103383340671005 1 0.52350144348277305 1 0.53769038870708696 1 0.55131627431963204 1 0.56480753508156101 1 0.57800585147841599 1 0.59105277939034995 1 0.60394850017483104 1 0.60395057436281996 1 0.61684781198093297 1 0.62989297286939405 1 0.643089050325237 1 0.65657889861934404 1 0.67020549558736797 1 0.68590561190801402 1 0.69686266404866504 1 0.70353969240749004 1 0.72979831246919602 1 0.75622365476551401 1 0.78278535178994102 1 0.78977769914853002 1 0.80102220984876105 1 0.81747486370757105 1 0.83207955453472104 1 0.84662165662225197 1 0.86098692426114898 1 0.87524388246374296 1 0.88269397528332205 1 0.88936178535702304 1 0.90344732125081595 1 0.91743656512276095 1 0.93136476768733301 1 0.94519048439893305 1 0.95897677065948295 1 0.96458317006065497 1 0.97268862248295096 1 0.98636280161447698 1 1 4
7 1 0  3 4 2  1.59161572810262e-12 39.377777306775101 -4.9999999999999103  1 -78.755554613551794 39.377777306778299 -4.9999999999999103  0.33333333333331999 -78.755554613553201 -39.3777773067753 -4.9999999999999103  0.33333333333331999 2.2737367544323201e-13 -39.377777306775002 -4.9999999999999103  1
 0 4 1 4
1 25.884070600966901 -43.300000000000097 -8.9000000000958099 -1 0 0 
1 19.434681566196801 -34.404155872192199 -8.9000000000958099 1 0 -5.3580278180472604e-16 
2 0 -34.404155872192199 -39.000000000095902 0 -1 0 0.72442641326159407 0 0.68935213916324511 -0.68935213916324511 0 0.72442641326159407 31.4041558736238
7 0 0  3 6 4  -4.7944869239559997 -28.600924717704299 -65.570886563563803  -4.80964610235793 -28.756347103632098 -65.568167242066707  -4.8396340582762098 -29.067225357279899 -65.562728766042497  -4.8842217682722504 -29.533586258514202 -65.554570808812997  -4.9136237694665299 -29.844529685946402 -65.549132062890607  -4.9281823905875202 -30.000016427136501 -65.546412733199503 
 0 4 0.33333333333333298 1 0.66666666666666696 1 1 4
1 -32.748734815782001 -76.5 -39.287867965644701 1 0 0 
1 -30 -76.500000000000099 -38.712132034356699 -1 0 0 
1 -30 -76.5 -36.5147186257621 5.1736663331971302e-14 2.5868331665985601e-14 -1 
1 -24.694974746829999 -76.5 -38.712132034356799 -0.92387953251129207 0 0.38268343236507707 
1 -19.997928193549601 -76.5 -38.712132034356699 -1 -9.0764619132487505e-15 7.5637182610406204e-15 
1 -24.6949747468298 -76.5 -39.287867965644701 1 0 0 
1 -30 -76.5 -41.4852813742393 0.92387953251129595 0 0.38268343236506802 
1 -30 -76.5 -39.2878679656448 0 0 -1 
1 -23.000000000250001 -76.5 -44.212535174962703 -3.7737928723997902e-14 0 1 
1 -24.532872857759902 -76.5 -44.212535174962703 1 0 0 
1 -24.532872857760001 -76.5 -41.199999999726103 0 0 -1 
1 -23.000000000249901 -76.5 -41.199999999726103 -1 3.7082931296175398e-14 0 
1 -23.676250588308001 -76.5 -23.2102204462612 0.30422900559468208 -3.8027557451855205e-14 0.95259892512792121 
7 0 0  3 4 2  -24.408099465800198 -76.5 -23.1935331726655  -24.213757712760302 -76.5 -23.1142820860304  -23.969808086930001 -76.5 -23.119844510561901  -23.676250588310001 -76.5 -23.2102204462605 
 0 4 1 4
7 0 0  3 8 4  -23.29802948827 -76.5 -25.701742105155802  -24.114183562410101 -76.5 -25.275640236534599  -24.609824514660001 -76.5 -24.900062781295802  -24.960701357620099 -76.5 -24.253557695878399  -24.981901700049999 -76.5 -23.943926807195901  -24.7513239561099 -76.5 -23.426040715066001  -24.603273629470099 -76.5 -23.2746538841822  -24.408099465800198 -76.5 -23.1935331726655 
 0 4 0.36502501184892999 2 0.72721291122751297 2 1 4
7 0 0  3 54 27  -18.4888417539294 -76.5 -24.520657526750998  -18.531124738921999 -76.5 -24.424834488029301  -18.573407723914599 -76.5 -24.3290114493077  -18.673540347271 -76.5 -24.149856740827101  -18.728774129287501 -76.5 -24.0647330601528  -18.8503879343743 -76.5 -23.900732943643401  -18.917725283211801 -76.5 -23.820806326762401  -19.062608930894999 -76.5 -23.6693212826852  -19.141736737883601 -76.5 -23.5965884054615  -19.313997116620701 -76.5 -23.4543200497484  -19.409798294421002 -76.5 -23.385944410232799  -19.618446948119601 -76.5 -23.251042728502  -19.735158750836799 -76.5 -23.186585435944  -19.9906084474529 -76.5 -23.0596358133681  -20.131840114775098 -76.5 -22.9987275323065  -20.411492405310401 -76.5 -22.902871694698302  -20.549993474177398 -76.5 -22.863438991455499  -20.805769002636701 -76.5 -22.813625509888901  -20.9245734261929 -76.5 -22.7970350143102  -21.147315613823999 -76.5 -22.783268468382499  -21.252846510614798 -76.5 -22.783048498880198  -21.460784072740399 -76.5 -22.796364685313002  -21.564976649133399 -76.5 -22.810130920350801  -21.764208219607902 -76.5 -22.848617953784  -21.861036886698798 -76.5 -22.8739664123027  -22.059628185160499 -76.5 -22.939674504195999  -22.1628455669346 -76.5 -22.9796683471398  -22.358167407686999 -76.5 -23.072517166995802  -22.452683994105001 -76.5 -23.125430518550299  -22.6189505416238 -76.5 -23.2317438399078  -22.691490790287599 -76.5 -23.2868732904439  -22.8278454286054 -76.5 -23.4026596909139  -22.891546517848798 -76.5 -23.4644982546411  -23.009696908374298 -76.5 -23.594288525170501  -23.065200678669999 -76.5 -23.663688803197498  -23.168307238488701 -76.5 -23.8107479387103  -23.217092268666999 -76.5 -23.889624531093201  -23.3051595702219 -76.5 -24.055210057721801  -23.345272266512499 -76.5 -24.142968476065501  -23.409637689042601 -76.5 -24.310215527046399  -23.434079892856399 -76.5 -24.3913944026271  -23.471407022948501 -76.5 -24.547754812363898  -23.483723205806299 -76.5 -24.624206774522499  -23.498762018070401 -76.5 -24.773129302128702  -23.500791361216699 -76.5 -24.847019325587901  -23.496551554326899 -76.5 -24.990158003602598  -23.489939199056199 -76.5 -25.060813224620201  -23.466151101092201 -76.5 -25.2088017377617  -23.449474513123501 -76.5 -25.287106473924201  -23.403040443134699 -76.5 -25.447076770288302  -23.370629539751 -76.5 -25.528728941211099  -23.327547109561198 -76.5 -25.641449635248801  -23.312788298915599 -76.5 -25.671595870202299  -23.29802948827 -76.5 -25.701742105155802 
 0 4 0.040713154205972303 2 0.080488212019128605 2 0.120712435636115 2 0.162370040566163 2 0.20806021814961201 2 0.25943958627120201 2 0.31980035243774901 2 0.37547753501341002 2 0.42164226426975099 2 0.46270812688581497 2 0.50297148689136895 2 0.54190343413148501 2 0.584787644162297 2 0.62634501208193005 2 0.66211015747082602 2 0.69666585655098001 2 0.73065650609555999 2 0.76663144300077801 2 0.80376450704925395 2 0.83647307541510996 2 0.86655355915116605 2 0.89482932717596997 2 0.92230598348256398 2 0.95327431332242596 2 0.98708672086815596 2 1 4
7 0 0  3 6 3  -20.233462526679901 -76.5 -27.9510692229893  -19.44909260287 -76.5 -27.7290325303976  -18.891469327689901 -76.5 -27.2514653055471  -18.256340018580001 -76.5 -25.8249415210881  -18.232009030210101 -76.5 -25.161462745825698  -18.48884175393 -76.5 -24.520657526750998 
 0 4 0.51769331585844802 2 1 4
7 0 0  3 10 5  -24.884755630610002 -76.5 -21.879115093406199  -25.357433433360001 -76.5 -22.1055117810292  -25.717385312979999 -76.5 -22.496349419718801  -26.3167209651001 -76.5 -23.842479334280601  -26.306488145760099 -76.5 -24.616573432372299  -25.565374572780001 -76.5 -26.134968287266101  -24.710526336900099 -76.5 -26.811282655617902  -22.063137504930001 -76.5 -27.989976104777  -21.0188696647499 -76.5 -28.170403880071898  -20.233462526679901 -76.5 -27.9510692229893 
 0 4 0.19114053488015201 2 0.46337099364885598 2 0.73509627440716896 2 1 4
7 0 0  3 12 6  -23.221490462929999 -76.5 -21.786279932175901  -23.384274819394701 -76.5 -21.749816375076701  -23.547059175859498 -76.5 -21.713352817977601  -23.834286043247399 -76.5 -21.686334903162301  -23.958971037002001 -76.5 -21.680862128978401  -24.181422869690198 -76.5 -21.6909940890991  -24.2818236575295 -76.5 -21.7017880533772  -24.4701464786034 -76.5 -21.734647953711502  -24.558984919794302 -76.5 -21.757295813088401  -24.7272396347844 -76.5 -21.810695153666099  -24.805997632697199 -76.5 -21.844905123536201  -24.884755630610002 -76.5 -21.879115093406199 
 0 4 0.29200617861760497 2 0.50891803557884197 2 0.68626053945556398 2 0.84912766707710796 2 1 4
1 -22.999999999870202 -76.5 -31.206753645898999 -1 0 -5.0911532696319602e-15 
1 -22.9999999998699 -76.5 -33.2860578157634 -1.7086070091573701e-15 0 1 
1 -20.898351408579899 -76.5 -33.2860578157634 -1 0 -3.3808826970633601e-15 
1 -20.898351408580101 -76.5 -34.720695830601002 -8.4197033558248105e-14 -3.9622133439175603e-14 1 
1 -22.9999999998699 -76.500000000000099 -34.720695830601002 1 2.7047061576515599e-14 3.3808826970644499e-15 
1 -22.9999999998699 -76.5 -36.800000000465403 -3.4172140183148001e-15 0 1 
1 -24.395642004990101 -76.500000000000099 -36.800000000465403 1 0 5.0911532696303099e-15 
1 -24.395642004989899 -76.500000000000099 -34.720695830601002 5.8092638311351005e-14 5.4675424293036302e-14 -1 
1 -26.4911514085798 -76.499999999999901 -34.720695830601002 1 -5.4252602029305698e-14 3.39078762683161e-15 
1 -26.491151408580102 -76.500000000000099 -33.286057815763499 8.1720650218300002e-14 0 -1 
1 -24.395642004989899 -76.5 -33.2860578157634 -1 -2.7126301014644001e-14 -3.3907876268305001e-15 
1 -24.395642004989899 -76.5 -31.206753645898999 -5.1258210274721297e-14 -2.7337712146518e-14 -1 
1 -18.554980656170098 -76.5 -22.389867373602801 0.91354545764258011 0 -0.40673664307584706 
1 -17.931505095842201 -76.5 -20.989518337481499 -0.40673664307725299 0 -0.91354545764195405 
1 -16.531156059719901 -76.5 -21.6129938978073 -0.91354545764257755 0 0.40673664307585283 
1 -17.154631620047802 -76.5 -23.013342933928602 0.40673664307718105 0 0.91354545764198614 
1 -2.0253890590663799 -43.300000000000203 -8.0000000000960103 0.069756473744116199 0.99756405025982497 0 
1 -2.0253890590663799 -43.300000000000203 -6.3126890192364398 0 0 -1 
1 -1.7742425801950401 -39.708438024112198 -8.0000000000960103 0 0 1 
1 -1.7742425801950501 -39.708438024111999 -8.0000000000960103 -1 -2.83524755746751e-14 0 
1 -3.7791263763588798 -39.708438024112098 -8.0000000000960103 -2.3201750076666101e-15 -3.7122800122665799e-14 1 
1 -4.0302728552292004 -43.300000000000203 -8.0000000000960103 0.069756473744145397 0.99756405025982298 0 
1 -4.0302728552291898 -43.300000000000097 -6.4989323143658702 -2.3667911264590402e-15 -3.78686580233447e-14 -1 
1 -4.0302728552292102 -43.299999999999997 -8.0000000000960103 1 -2.8352475574713701e-14 1.77202972341961e-15 
2 -30 -76.512132034356 -39.000000000000703 -1 0 0 0 1 0 0 0 -1 0.212132034355965
1 -30 -76.362132034355994 -39.150000000000702 0 -0.70710678118647508 -0.70710678118662007 
1 -30 -76.5 -41.4852813742393 0 1 0 
1 -30 -76.300000000000196 -41.4852813742393 0 0 1 
1 -29.999999999999801 -76.362132034355994 -39.150000000000702 -1 0 0 
1 -32.749656486747703 -76.362132034356094 -38.850000000000698 1 0 0 
1 -30 -76.362132034356094 -38.850000000000698 0 -0.70710678118640202 0.70710678118669301 
1 -30 -76.300000000000196 -39.000000000000703 4.5744050915139101e-14 0 1 
1 -30 -76.300000000000196 -36.5147186257621 0 -1 0 
2 -30 -76.512132034356 -39.000000000000703 -1 0 0 0 0.70710678118649706 0.70710678118659809 0 0.70710678118659809 -0.70710678118649706 0.212132034355965
7 1 0  3 4 2  -24 -76.299999999999997 -39.000000000000703  1 -24.137641169955401 -76.299999999999997 -38.942987160664302  0.94925302167468095 -24.264805029708299 -76.3218178690461 -38.890314165310897  0.94925302167468095 -24.362132034354602 -76.362132034355398 -38.850000000001302  1
 0 4 1 4
1 -24.362132034353898 -76.362132034356705 -38.850000000001103 -0.86285620946238473 -0.35740674433376296 0.35740674433612096 
1 -30 -76.300000000000196 -36.5147186257621 0.92387953251128674 0 -0.38268343236508989 
1 -24.362132034354499 -76.362132034355994 -38.850000000000698 1 0 0 
1 -19.999437492089601 -76.362132034355994 -39.150000000000702 -1 -6.5147145084462301e-15 -8.1433931355577793e-15 
1 -24.362132034352701 -76.362132034356904 -39.150000000000603 -0.86285620946352481 -0.35740674433234093 -0.35740674433479097 
1 -24 -76.300000000000196 -39.000000000000703 -0.92387953251128674 0 -0.38268343236508989 
7 1 0  3 4 2  -24.362132034353699 -76.362132034355099 -39.1499999999998  1 -24.2648050297075 -76.321817869045901 -39.109685834690197  0.94925302167497905 -24.137641169955 -76.299999999999997 -39.057012839336998  0.94925302167497905 -24 -76.299999999999997 -39.000000000000703  1
 0 4 1 4
1 -24.532872857759902 -76.400000000000006 -41.199999999726103 1 -3.7082931296175398e-14 0 
1 -23.0000000002502 -76.5 -41.199999999726003 1.13686837721719e-12 1 0 
1 -24.532872857759902 -76.400000000000105 -41.199999999726103 0 -1 0 
1 -23.0000000002501 -76.400000000000105 -44.212535174962703 -3.7737928723997902e-14 0 1 
1 -23.0000000002502 -76.5 -44.212535174962703 1.13686837721719e-12 1 0 
1 -24.532872857759902 -76.400000000000105 -44.212535174962703 1 0 0 
1 -24.532872857759902 -76.5 -44.212535174962703 0 1 0 
1 -24.532872857759902 -76.400000000000105 -41.199999999726103 0 0 -1 
7 0 0  3 14 7  -24.8847556306096 -76.400000000000105 -21.879115093406199  -24.809718909912199 -76.400000000000105 -21.846522048752099  -24.734682189214901 -76.400000000000105 -21.813929004098  -24.574882952556699 -76.400000000000105 -21.7622337792466  -24.490277428073899 -76.400000000000105 -21.740126838826999  -24.314670396956402 -76.400000000000105 -21.7068386084106  -24.2224367150258 -76.400000000000105 -21.694890273599899  -24.0335884056814 -76.400000000000105 -21.682922877921701  -23.936021012695299 -76.400000000000105 -21.682481343233  -23.7289969666123 -76.400000000000105 -21.6945053994509  -23.618696880653498 -76.400000000000105 -21.707785354579499  -23.412922704096101 -76.400000000000105 -21.7405029213657  -23.3172065835128 -76.400000000000105 -21.763391426770799  -23.221490462929498 -76.400000000000105 -21.786279932175901 
 0 4 0.14324964108726901 2 0.29628753299739602 2 0.45972026906489399 2 0.63236613234537897 2 0.82740438732345101 2 1 4
7 0 0  1 2 2  -23.221490462929999 -76.400000000000105 -21.786279932175901  -23.221490462929999 -76.5 -21.786279932175901 
 0 2 1 2
7 0 0  1 2 2  -24.884755630610002 -76.5 -21.879115093406199  -24.884755630610002 -76.400000000000105 -21.879115093406199 
 0 2 1 2
1 -23.221490462929999 -76.400000000000105 -21.786279932175901 -0.30422900559331501 0 -0.95259892512835798 
7 0 0  1 2 2  -23.676250588306001 -76.400000000000105 -23.2102204462619  -23.676250588306001 -76.5 -23.2102204462619 
 0 2 1 2
7 0 0  3 4 2  -23.676250588310001 -76.400000000000105 -23.2102204462605  -23.969808086930001 -76.400000000000105 -23.119844510561901  -24.213757712760302 -76.400000000000105 -23.1142820860304  -24.408099465800198 -76.400000000000105 -23.1935331726655 
 0 4 1 4
7 0 0  1 2 2  -24.408099465800198 -76.400000000000105 -23.1935331726655  -24.408099465800198 -76.5 -23.1935331726655 
 0 2 1 2
7 0 0  3 42 21  -24.408099465800198 -76.400000000000105 -23.1935331726655  -24.4389789368363 -76.400000000000105 -23.2075630721157  -24.469858407872302 -76.400000000000105 -23.221592971565901  -24.527353839657899 -76.400000000000105 -23.254668418894401  -24.5545744379932 -76.400000000000105 -23.272924431776399  -24.606001194049 -76.400000000000105 -23.312140197999799  -24.630474160991 -76.400000000000105 -23.333464623084701  -24.677306014226801 -76.400000000000105 -23.379748582993699  -24.700160876315401 -76.400000000000105 -23.4051173772942  -24.743861175332899 -76.400000000000105 -23.4604602007228  -24.765122740637601 -76.400000000000105 -23.490682015052101  -24.805410456942099 -76.400000000000105 -23.556263375283901  -24.825132178446999 -76.400000000000105 -23.5918003746506  -24.860519966771999 -76.400000000000105 -23.6687443277679  -24.877114196520399 -76.400000000000105 -23.710556764797701  -24.903622839000899 -76.400000000000105 -23.794055968776  -24.9138164895637 -76.400000000000105 -23.836468620005  -24.9282829996156 -76.400000000000105 -23.9165787213438  -24.932280842145101 -76.400000000000105 -23.954983067448602  -24.935701194494499 -76.400000000000105 -24.033491361978299  -24.935091503054402 -76.400000000000105 -24.074179072733902  -24.9281957155249 -76.400000000000105 -24.1566787851445  -24.9221013472057 -76.400000000000105 -24.199123214016801  -24.9040398095493 -76.400000000000105 -24.284032318350501  -24.892071725122399 -76.400000000000105 -24.3271138242037  -24.861562714976198 -76.400000000000105 -24.415315415092099  -24.843224754882399 -76.400000000000105 -24.461484810243999  -24.796803298743999 -76.400000000000105 -24.556116595663301  -24.768889112658901 -76.400000000000105 -24.605593481419401  -24.715110137821899 -76.400000000000105 -24.688892673992498  -24.688088363828001 -76.400000000000105 -24.722523910426201  -24.628656231256699 -76.400000000000105 -24.7926425998727  -24.5953499212902 -76.400000000000105 -24.829361760229499  -24.504482743351399 -76.400000000000105 -24.916711563057099  -24.4474811269145 -76.400000000000105 -24.969149252365  -24.302707400837701 -76.400000000000105 -25.085810183084401  -24.215153224769399 -76.400000000000105 -25.150773444427799  -23.9949153259283 -76.400000000000105 -25.304753488865799  -23.857780626215199 -76.400000000000105 -25.388285162762401  -23.581905594838901 -76.400000000000105 -25.551091336875299  -23.439967541554498 -76.400000000000105 -25.626416721015602  -23.29802948827 -76.400000000000105 -25.701742105155802 
 0 4 0.028821232302002901 2 0.056860247332502598 2 0.084256919942375996 2 0.113114778241963 2 0.144537524101054 2 0.178844215340102 2 0.21674885471646199 2 0.2536510486836 2 0.28649701264674199 2 0.32113269361644398 2 0.35757940224013601 2 0.39557349750875398 2 0.437384669677232 2 0.48587692649057301 2 0.52259049031231197 2 0.56466525074797402 2 0.63070131994857004 2 0.72483542075709095 2 0.86237283593285297 2 1 4
7 0 0  1 2 2  -23.29802948827 -76.400000000000006 -25.701742105155802  -23.29802948827 -76.500000000000199 -25.701742105155802 
 0 2 1 2
7 0 0  3 10 5  -23.29802948827 -76.400000000000105 -25.701742105155802  -23.553686174740101 -76.400000000000105 -25.1689919141998  -23.566225646010299 -76.400000000000105 -24.6436737726569  -23.075103375520001 -76.400000000000105 -23.540595092669101  -22.629531966359998 -76.400000000000105 -23.138592489195499  -21.368335382780099 -76.400000000000105 -22.7009672510179  -20.699260929000001 -76.400000000000105 -22.747951737713102  -19.248432021089901 -76.400000000000105 -23.393902384992401  -18.746506888270002 -76.400000000000105 -23.881721932557699  -18.48884175393 -76.400000000000105 -24.520657526750998 
 0 4 0.224113890275601 2 0.47735449553287002 2 0.73059510079013701 2 1 4
7 0 0  1 2 2  -18.48884175393 -76.399999999999906 -24.520657526750998  -18.48884175393 -76.500000000000099 -24.520657526750998 
 0 2 1 2
7 0 0  3 6 3  -18.48884175393 -76.400000000000105 -24.520657526750998  -18.232009030210101 -76.400000000000105 -25.161462745825698  -18.256340018580001 -76.400000000000105 -25.8249415210881  -18.891469327689901 -76.400000000000105 -27.2514653055471  -19.44909260287 -76.400000000000105 -27.7290325303976  -20.233462526679901 -76.400000000000105 -27.9510692229893 
 0 4 0.48230668414155198 2 1 4
7 0 0  1 2 2  -20.233462526679901 -76.400000000000105 -27.9510692229893  -20.233462526679901 -76.5 -27.9510692229893 
 0 2 1 2
7 0 0  3 10 5  -20.233462526679901 -76.400000000000105 -27.9510692229893  -21.0188696647499 -76.400000000000105 -28.170403880071898  -22.063137504930001 -76.400000000000105 -27.989976104777  -24.710526336900099 -76.400000000000105 -26.811282655617902  -25.565374572780001 -76.400000000000105 -26.134968287266101  -26.306488145760099 -76.400000000000105 -24.616573432372299  -26.3167209651001 -76.400000000000105 -23.842479334280601  -25.717385312979999 -76.400000000000105 -22.496349419718801  -25.357433433360001 -76.400000000000105 -22.1055117810292  -24.884755630610002 -76.400000000000105 -21.879115093406199 
 0 4 0.26490372559283099 2 0.53662900635114397 2 0.80885946511984796 2 1 4
1 -24.395642004989899 -76.400000000000105 -31.206753645898999 3.4172140183147401e-15 0 -1 
1 -24.395642004989998 -76.5 -31.206753645898999 1.13686837721719e-12 1 0 
1 -24.395642004989899 -76.400000000000105 -33.2860578157634 0 -1 0 
1 -22.9999999998699 -76.400000000000105 -31.206753645898999 -1 0 -1.01823065392623e-14 
1 -22.999999999870099 -76.5 -31.206753645898999 1.13686837721719e-12 1 0 
1 -22.9999999998699 -76.400000000000105 -33.2860578157634 -1.7086070091573701e-15 0 1 
1 -22.999999999870099 -76.5 -33.2860578157634 1.13686837721719e-12 1 0 
1 -20.898351408580101 -76.400000000000105 -33.2860578157634 -1 0 -6.7617653941281804e-15 
1 -20.898351408580101 -76.5 -33.2860578157634 0 1 0 
1 -20.898351408580101 -76.400000000000105 -34.720695830601002 -4.9527666798969401e-15 0 1 
1 -20.898351408580101 -76.5 -34.720695830601002 0 1 0 
1 -22.9999999998699 -76.400000000000105 -34.720695830601002 1 0 0 
1 -22.999999999870099 -76.5 -34.720695830601002 1.13686837721719e-12 1 0 
1 -22.9999999998699 -76.400000000000105 -36.800000000465403 -3.4172140183147898e-15 -2.73377121465183e-14 1 
1 -22.999999999870099 -76.5 -36.800000000465403 1.13686837721719e-12 1 0 
1 -24.395642004989899 -76.400000000000105 -36.800000000465403 1 0 5.0911532696303099e-15 
1 -24.395642004989998 -76.5 -36.800000000465403 1.13686837721719e-12 1 0 
1 -24.395642004989899 -76.400000000000105 -34.720695830601002 3.4172140183147598e-15 0 -1 
1 -24.395642004989998 -76.5 -34.720695830601002 1.13686837721719e-12 1 0 
1 -26.491151408579999 -76.400000000000105 -34.720695830601002 1 -2.7126301014646999e-14 6.7815752536617402e-15 
1 -26.491151408579999 -76.5 -34.720695830601002 0 1 -7.1054273576074604e-14 
1 -26.491151408579999 -76.400000000000105 -33.286057815763499 2.4763833399485e-15 0 -1 
1 -26.491151408579999 -76.5 -33.286057815763499 0 1 0 
1 -24.395642004989899 -76.400000000000105 -33.2860578157634 -1 -2.7126301014644001e-14 -6.7815752536610097e-15 
1 -16.531156059719901 -76.400000000000105 -21.6129938978073 -0.4067366430758389 0 -0.91354545764258377 
1 -17.154631620045802 -76.400000000000105 -23.0133429339296 0 -1 0 
1 -16.531156059719901 -76.5 -21.6129938978073 0 1 0 
1 -17.1546316200488 -76.400000000000105 -23.0133429339282 -0.91354545764259576 0 0.40673664307581187 
1 -18.554980656170098 -76.400000000000105 -22.389867373602801 -1.2079226507932699e-12 -1 1.7763568394018701e-13 
1 -18.554980656170098 -76.400000000000105 -22.389867373602701 0.40673664307578611 -3.7082931296163205e-14 0.91354545764260719 
1 -17.931505095844201 -76.400000000000105 -20.989518337480501 0 -1 0 
1 -17.931505095841199 -76.400000000000105 -20.989518337481901 0.91354545764259665 0 -0.40673664307580981 
7 0 0  3 6 3  -21.75959424282 -76.400000000000105 -24.2539910586713  -21.456569854660099 -76.400000000000105 -24.167122649515601  -21.0671990953301 -76.400000000000105 -24.228469782245199  -20.128647404900001 -76.400000000000105 -24.6463399174696  -19.836014689790101 -76.400000000000105 -24.8796793431559  -19.708807355500099 -76.400000000000105 -25.142417590684001 
 0 4 0.50597609561756596 2 1 4
7 0 0  3 6 3  -19.708807355500099 -76.400000000000105 -25.142417590684001  -19.584302056709902 -76.400000000000105 -25.406193052465401  -19.579069535330099 -76.400000000000105 -25.666150087727601  -19.814641743040099 -76.400000000000105 -26.195253929145601  -20.044585545579999 -76.400000000000105 -26.379626812512701  -20.384606020250001 -76.400000000000105 -26.479146596334601 
 0 4 0.49116607773859999 2 1 4
7 0 0  3 6 3  -20.384606020250001 -76.400000000000105 -26.479146596334601  -20.726496119789999 -76.400000000000105 -26.577833969528498  -21.124600592650001 -76.400000000000105 -26.526039764831101  -21.992106537590001 -76.400000000000105 -26.139801233468202  -22.260843736489999 -76.400000000000105 -25.9081398251639  -22.389702695920299 -76.400000000000105 -25.628984560954699 
 0 4 0.52370689655174496 2 1 4
7 0 0  3 6 3  -22.389702695920299 -76.400000000000105 -25.628984560954699  -22.517729244719899 -76.400000000000105 -25.347959671864299  -22.520874141459899 -76.400000000000105 -25.073250441176899  -22.276977827480099 -76.400000000000105 -24.525450350945501  -22.063451041610101 -76.400000000000105 -24.342729092708201  -21.75959424282 -76.400000000000105 -24.2539910586713 
 0 4 0.49146757679178399 2 1 4
7 0 0  1 2 2  -19.708807355500099 -76.400000000000105 -25.142417590684001  -19.708807355500099 -76.500000000000099 -25.142417590684001 
 0 2 1 2
7 0 0  3 30 15  -19.708807355500099 -76.5 -25.142417590684001  -19.688968648238799 -76.5 -25.1888507810216  -19.669129940977498 -76.5 -25.235283971359198  -19.641137779030402 -76.5 -25.321551882761302  -19.631903800685699 -76.5 -25.361272623709901  -19.618129324792399 -76.5 -25.4390723957241  -19.6140409260971 -76.5 -25.4780650343627  -19.610690830669501 -76.5 -25.5525231578  -19.611742258858001 -76.5 -25.588706791654801  -19.6177448239652 -76.5 -25.659609514164199  -19.622884034463699 -76.5 -25.6947053104766  -19.638708671208299 -76.5 -25.767948354390501  -19.649147966679401 -76.5 -25.806749557943998  -19.676105814967901 -76.5 -25.884035356577499  -19.692595084793499 -76.5 -25.923287234749498  -19.728348355977801 -76.5 -25.995759160070801  -19.747984146260599 -76.5 -26.0295807875214  -19.7911566255937 -76.5 -26.094067949111601  -19.8150468195402 -76.5 -26.1251992983359  -19.866990593188401 -76.5 -26.1844024884434  -19.895370153210401 -76.5 -26.212961868083099  -19.955755727481399 -76.5 -26.266121091276499  -19.988393058867899 -76.5 -26.2911726120916  -20.0564066241527 -76.5 -26.3374089873444  -20.092338035985701 -76.5 -26.3590622831377  -20.174337776287899 -76.5 -26.401108770341501  -20.220783048555401 -76.5 -26.4214202983548  -20.3058562806516 -76.5 -26.455116064136799  -20.3452311504508 -76.5 -26.467131330235699  -20.384606020250001 -76.5 -26.479146596334601 
 0 4 0.087593096141534196 2 0.15827449382988701 2 0.22524454570789801 2 0.28826204904408198 2 0.34974298702525503 2 0.419054502669088 2 0.49230472999043501 2 0.55984914319399404 2 0.62774541696014297 2 0.69725576094792796 2 0.767773958758592 2 0.84052286718913305 2 0.92879061902877402 2 1 4
7 0 0  1 2 2  -20.384606020250001 -76.500000000000099 -26.479146596334601  -20.384606020250001 -76.400000000000105 -26.479146596334601 
 0 2 1 2
7 0 0  1 2 2  -21.75959424282 -76.400000000000105 -24.2539910586713  -21.75959424282 -76.500000000000199 -24.2539910586713 
 0 2 1 2
7 0 0  3 26 13  -21.75959424282 -76.5 -24.2539910586713  -21.720831574907901 -76.5 -24.244171288748099  -21.682068906995902 -76.5 -24.234351518824901  -21.599268738052199 -76.5 -24.221764893219301  -21.555187911555301 -76.5 -24.2174363507918  -21.460033798199898 -76.5 -24.214829715249198  -21.408424653999301 -76.5 -24.2158783258337  -21.2945974442619 -76.5 -24.226389376637002  -21.231510109912801 -76.5 -24.235118827250599  -21.0950249394613 -76.5 -24.263047305399201  -21.020682968576502 -76.5 -24.281176704659501  -20.851018555307299 -76.5 -24.335328123460901  -20.754640187296399 -76.5 -24.370899257491502  -20.5310259321102 -76.5 -24.4645133950714  -20.403106910529701 -76.5 -24.5245246882759  -20.196922484165 -76.5 -24.6467346166807  -20.113213298985499 -76.5 -24.702060219031299  -19.977362409332098 -76.5 -24.8056026219957  -19.9246856294438 -76.5 -24.855520493443699  -19.8394295818145 -76.5 -24.942916578591898  -19.807952275651299 -76.5 -24.983291604352999  -19.754910674648901 -76.5 -25.0573134216312  -19.7361862176672 -76.5 -25.093881077310598  -19.7129685634516 -76.5 -25.1332039777527  -19.710887959475901 -76.5 -25.137810784218399  -19.708807355500099 -76.5 -25.142417590684001 
 0 4 0.0503802813622026 2 0.106601648658372 2 0.17198034063915499 2 0.25266477027849299 2 0.35017749221832301 2 0.48035033394459697 2 0.66010183044786797 2 0.78687633015929004 2 0.87814910405158397 2 0.94237973476494996 2 0.99366858036736605 2 1 4
7 0 0  1 2 2  -22.389702695920299 -76.399999999999906 -25.628984560954699  -22.389702695920299 -76.5 -25.628984560954699 
 0 2 1 2
7 0 0  3 6 3  -22.389702695920299 -76.5 -25.628984560954699  -22.517729244719899 -76.5 -25.347959671864299  -22.520874141459899 -76.5 -25.073250441176899  -22.276977827480099 -76.5 -24.525450350945501  -22.063451041610101 -76.5 -24.342729092708201  -21.75959424282 -76.5 -24.2539910586713 
 0 4 0.49146757679181002 2 1 4
7 0 0  3 26 13  -20.384606020250001 -76.5 -26.479146596334601  -20.433609954466601 -76.5 -26.4916504915393  -20.482613888683101 -76.5 -26.504154386743899  -20.5856185912446 -76.5 -26.520070069735301  -20.639654340704599 -76.5 -26.525353802126801  -20.753540258398001 -76.5 -26.528603387890001  -20.813974285415199 -76.5 -26.527148919204201  -20.942034001569699 -76.5 -26.515137533772901  -21.010781408299099 -76.5 -26.505090997516199  -21.154337771240002 -76.5 -26.474606237890502  -21.230177396563601 -76.5 -26.455050649115702  -21.401721884902901 -76.5 -26.397357771178498  -21.499046744658401 -76.5 -26.360338211344398  -21.6973339638201 -76.5 -26.269975843354398  -21.798984073075498 -76.5 -26.214731627526199  -21.9617701497368 -76.5 -26.115692287081298  -22.022376736366098 -76.5 -26.0692943211121  -22.129296246403499 -76.5 -25.980280833466502  -22.175287977079599 -76.5 -25.934666555304101  -22.2520060335229 -76.5 -25.850643982544  -22.282556023791699 -76.5 -25.810270785701501  -22.336173071651299 -76.5 -25.731560116258802  -22.356650955760301 -76.5 -25.691076717095001  -22.382903474157299 -76.5 -25.644539865550499  -22.386303085038801 -76.5 -25.636762213252599  -22.389702695920299 -76.5 -25.628984560954699 
 0 4 0.064715310929424202 2 0.134791077948617 2 0.21259869121038599 2 0.30154866384389001 2 0.403134960376546 2 0.53635268577381501 2 0.685997201283296 2 0.78439460239121395 2 0.866100594050636 2 0.93131761830279103 2 0.98927259402090595 2 1 4
Polygon3D 0
PolygonOnTriangulations 0
Surfaces 75
9 1 0 0 0 5 3 18 4 5 2 0 39.377777306775002 -4.9999999999999103  1 78.755554613549606 39.377777306774902 -4.9999999999999103  0.33333333333333298 78.755554613550004 -39.377777306775101 -4.9999999999999103  0.33333333333333298 0 -39.377777306775002 -4.9999999999999103  1 
0 39.388253537623001 -5.2999999999999101  1 78.776507075245803 39.3882535376231 -5.2999999999999101  0.33333333333333298 78.776507075245902 -39.3882535376231 -5.2999999999999101  0.33333333333333298 0 -39.3882535376231 -5.2999999999999101  1 
0 39.398729768469899 -5.5999999999999099  1 78.797459536939797 39.398729768469998 -5.5999999999999099  0.33333333333333298 78.797459536940096 -39.398729768469998 -5.5999999999999099  0.33333333333333298 0 -39.398729768469998 -5.5999999999999099  1 
0 39.409205999317898 -5.9000000000000101  1 78.818411998635696 39.409205999317798 -5.9000000000000199  0.33333333333333298 78.818411998635796 -39.409205999317898 -5.9000000000000199  0.33333333333333298 0 -39.409205999317898 -5.9000000000000101  1 
0 39.419682230165002 -6.2000000000000099  1 78.839364460330003 39.419682230165002 -6.2000000000000002  0.33333333333333298 78.839364460330103 -39.419682230165002 -6.2000000000000002  0.33333333333333298 0 -39.419682230165101 -6.2000000000000099  1 
0 39.444126768810001 -6.9000000000193102  1 78.888253537619804 39.444126768809802 -6.9000000000193102  0.33333333333333298 78.888253537619903 -39.444126768810001 -6.9000000000193102  0.33333333333333298 0 -39.444126768810101 -6.9000000000193102  1 
0 39.458095076607897 -7.30000000003841  1 78.916190153215695 39.458095076607897 -7.30000000003841  0.33333333333333298 78.916190153215993 -39.458095076608103 -7.30000000003841  0.33333333333333298 0 -39.458095076608103 -7.30000000003841  1 
0 39.472063384404898 -7.7000000000575097  1 78.944126768809596 39.472063384404898 -7.7000000000575097  0.33333333333333298 78.944126768809795 -39.472063384404898 -7.7000000000575097  0.33333333333333298 0 -39.472063384404997 -7.7000000000575097  1 
0 39.486031692201998 -8.1000000000768093  1 78.972063384403995 39.486031692201998 -8.1000000000768093  0.33333333333333298 78.972063384403995 -39.486031692201998 -8.1000000000768093  0.33333333333333298 0 -39.486031692202097 -8.1000000000768093  1 
0 39.852964281875998 -18.6075745757337  1 79.705928563751996 39.852964281876098 -18.6075745757337  0.33333333333333298 79.705928563752195 -39.852964281876098 -18.6075745757337  0.33333333333333298 0 -39.852964281876098 -18.6075745757337  1 
0 40.205928563752998 -28.715149151371499  1 80.411857127505897 40.205928563752899 -28.715149151371499  0.33333333333333298 80.411857127505996 -40.205928563752998 -28.715149151371499  0.33333333333333298 0 -40.205928563752998 -28.715149151371499  1 
0 38.243477180553 -38.931076753942598  1 76.486954361106001 38.243477180553 -38.931076753942598  0.33333333333333298 76.4869543611061 -38.243477180553 -38.931076753942598  0.33333333333333298 0 -38.2434771805531 -38.931076753942598  1 
0 35.621738590276003 -48.7155383770193  1 71.243477180551807 35.621738590275903 -48.7155383770193  0.33333333333333298 71.243477180552006 -35.621738590276003 -48.7155383770193  0.33333333333333298 0 -35.621738590276102 -48.7155383770193  1 
0 32.6230509656504 -59.906792948152201  1 65.246101931300601 32.623050965650201 -59.906792948152201  0.33333333333333298 65.2461019313007 -32.6230509656504 -59.906792948152201  0.33333333333333298 0 -32.623050965650499 -59.906792948152201  1 
0 32.246101931300799 -61.313585896208501  1 64.4922038626015 32.246101931300799 -61.313585896208501  0.33333333333333298 64.492203862601897 -32.246101931300899 -61.313585896208501  0.33333333333333298 0 -32.246101931300899 -61.313585896208501  1 
0 31.869152896951299 -62.720378844264701  1 63.738305793902597 31.869152896951299 -62.720378844264701  0.33333333333333298 63.738305793902697 -31.869152896951299 -62.720378844264701  0.33333333333333298 0 -31.869152896951402 -62.720378844264701  1 
0 31.492203862601901 -64.127171792320993  1 62.984407725203702 31.492203862601901 -64.127171792320993  0.33333333333333298 62.984407725203802 -31.492203862601901 -64.127171792320993  0.33333333333333298 0 -31.492203862602 -64.127171792320993  1 
0 31.115254828252301 -65.533964740377201  1 62.230509656504502 31.115254828252201 -65.533964740377201  0.33333333333333298 62.230509656504601 -31.115254828252301 -65.533964740377201  0.33333333333333298 0 -31.1152548282524 -65.533964740377201  1 

0 6
0.0244681701622128 4
0.057092397046726501 4
0.88147191252657897 4
0.999999771654143 6

0 4
1 4

9 1 0 0 0 5 3 18 4 5 2 2.2737367544323201e-13 -39.377777306775002 -4.9999999999999103  1 -78.755554613553201 -39.3777773067753 -4.9999999999999103  0.33333333333331999 -78.755554613551794 39.377777306778299 -4.9999999999999103  0.33333333333331999 1.59161572810262e-12 39.377777306775101 -4.9999999999999103  1 
2.2737367544323201e-13 -39.3882535376231 -5.2999999999999101  1 -78.7765070752491 -39.388253537623498 -5.2999999999999101  0.33333333333331999 -78.776507075247807 39.388253537626298 -5.2999999999999101  0.33333333333331999 1.59161572810262e-12 39.3882535376231 -5.2999999999999101  1 
2.2737367544323201e-13 -39.398729768469998 -5.5999999999999099  1 -78.797459536943094 -39.398729768470503 -5.5999999999999099  0.33333333333331999 -78.797459536941702 39.398729768473203 -5.5999999999999099  0.33333333333331999 1.59161572810262e-12 39.398729768469998 -5.5999999999999099  1 
2.2737367544323201e-13 -39.409205999317898 -5.9000000000000101  1 -78.818411998638993 -39.409205999318502 -5.9000000000000101  0.33333333333331999 -78.8184119986377 39.409205999321102 -5.9000000000000101  0.33333333333331999 1.59161572810262e-12 39.409205999317898 -5.9000000000000101  1 
2.2737367544323201e-13 -39.419682230165101 -6.2000000000000099  1 -78.839364460333201 -39.419682230165598 -6.2000000000000002  0.33333333333331999 -78.839364460331794 39.419682230168199 -6.2000000000000002  0.33333333333331999 1.59161572810262e-12 39.419682230165101 -6.2000000000000099  1 
2.2737367544323201e-13 -39.444126768810101 -6.9000000000193102  1 -78.8882535376231 -39.444126768810499 -6.9000000000193102  0.33333333333331999 -78.888253537621694 39.444126768813099 -6.9000000000193102  0.33333333333331999 1.59161572810262e-12 39.444126768810101 -6.9000000000193102  1 
2.2737367544323201e-13 -39.458095076608103 -7.30000000003841  1 -78.916190153219105 -39.458095076608402 -7.30000000003841  0.33333333333331999 -78.916190153217698 39.458095076611201 -7.30000000003841  0.33333333333331999 1.59161572810262e-12 39.458095076608103 -7.30000000003841  1 
2.2737367544323201e-13 -39.472063384404997 -7.7000000000575097  1 -78.944126768812794 -39.472063384405502 -7.7000000000575097  0.33333333333331999 -78.944126768811401 39.472063384408102 -7.7000000000575097  0.33333333333331999 1.59161572810262e-12 39.472063384404997 -7.7000000000575097  1 
2.2737367544323201e-13 -39.486031692202097 -8.1000000000768093  1 -78.972063384406994 -39.486031692202602 -8.1000000000768093  0.33333333333331999 -78.972063384405601 39.486031692205202 -8.1000000000768093  0.33333333333331999 1.59161572810262e-12 39.486031692202097 -8.1000000000768093  1 
2.2737367544323201e-13 -39.852964281876098 -18.6075745757337  1 -79.705928563755407 -39.852964281876702 -18.6075745757337  0.33333333333331999 -79.705928563754 39.852964281879302 -18.6075745757337  0.33333333333331999 1.59161572810262e-12 39.852964281876098 -18.6075745757337  1 
2.2737367544323201e-13 -40.205928563752998 -28.715149151371499  1 -80.411857127509194 -40.205928563753602 -28.715149151371499  0.33333333333331999 -80.411857127507801 40.205928563756203 -28.715149151371499  0.33333333333331999 1.59161572810262e-12 40.205928563753098 -28.715149151371499  1 
2.2737367544323201e-13 -38.2434771805531 -38.931076753942598  1 -76.486954361109198 -38.243477180553597 -38.931076753942598  0.33333333333331999 -76.486954361107806 38.243477180556198 -38.931076753942598  0.33333333333331999 1.59161572810262e-12 38.2434771805531 -38.931076753942598  1 
2.2737367544323201e-13 -35.621738590276102 -48.7155383770193  1 -71.243477180554905 -35.6217385902765 -48.7155383770193  0.33333333333331999 -71.243477180553796 35.621738590278802 -48.7155383770193  0.33333333333331999 1.3642420526593899e-12 35.621738590276102 -48.7155383770193  1 
2.2737367544323201e-13 -32.623050970615601 -59.906792929621901  1 -65.246101941234002 -32.623050970616099 -59.906792929621901  0.33333333333331999 -65.246101941232794 32.623050970618401 -59.906792929621901  0.33333333333331999 1.3642420526593899e-12 32.623050970615701 -59.906792929621901  1 
2.2737367544323201e-13 -32.246101941231402 -61.313585859147999  1 -64.492203882465205 -32.2461019412318 -61.313585859147999  0.33333333333331999 -64.492203882464096 32.246101941234102 -61.313585859147999  0.33333333333331999 1.3642420526593899e-12 32.246101941231402 -61.313585859147999  1 
2.2737367544323201e-13 -31.869152911847099 -62.720378788673898  1 -63.738305823696699 -31.8691529118476 -62.720378788673898  0.33333333333331999 -63.738305823696003 31.869152911849302 -62.720378788673898  0.33333333333331999 1.1368683772161601e-12 31.869152911847099 -62.720378788673898  1 
2.2737367544323201e-13 -31.492203882462501 -64.127171718199904  1 -62.984407764927496 -31.492203882463102 -64.127171718199904  0.33333333333331999 -62.984407764926601 31.492203882464899 -64.127171718199904  0.33333333333331999 1.1368683772161601e-12 31.492203882462601 -64.127171718199904  1 
2.2737367544323201e-13 -31.115254853078302 -65.533964647725796  1 -62.230509706158998 -31.115254853078699 -65.533964647725796  0.33333333333331999 -62.230509706158003 31.115254853080401 -65.533964647725796  0.33333333333331999 1.1368683772161601e-12 31.115254853078302 -65.533964647725796  1 

0 6
0.0244681701622128 4
0.057092397046726501 4
0.88147191252657897 4
0.99999977009289398 6

0 4
1 4

3 0 0 -65.552425604368594 0 0 1 -1 0 0 0 -1 0 30.057627528996701
1.5533430324999999
3 0 0 -65.552425605103494 0 0 1 -1 0 0 0 -1 0 30.0576274868952
1.5533430324999999
3 0 -32.874999993625401 -39.000000000095902 0 -1 0 1 0 0 -0 0 1 29.874999999234198
0.78539816249998295
2 0 -20 -39.000000000095902 0 -1 0 1 0 0 -0 0 1 26.999999999999901
3 0 -32.874999997227697 -39.000000000095902 0 -1 0 1 0 0 -0 0 1 29.8750000028366
0.78539816249998295
1 0 -34.404155872192199 -6.5000000000958096 0 1 0 -1 0 0 0 -0 1 
1 23.434232408410001 -39.001112181945999 -8.9000000000958099 0 0 -1 1 0 0 0 -1 0 
10 0 6.2831853071795862 -31.199999999999903 9.5500000002237968
2 0 -45.300000000000097 -39.000000000095902 0 1 0 1 -0 1.22464679914735e-16 1.22464679914735e-16 0 -1 32.750000000000099
1 0 0 -4.9999999999999103 0 0 1 -1 0 0 0 -1 0 
2 0 -20 -39.000000000095902 0 -1 0 1 0 0 -0 0 1 26.999999999999901
3 0 0 -65.552425604434205 0 0 1 -1 0 0 0 -1 0 30.057627525241902
1.5533430324999999
2 0 -20 -39.000000000095902 0 -1 0 1 0 0 -0 0 1 26.999999999999901
10 0 6.2831853071795862 12.0708863647233 24.999999999999993
2 0 0 -53.500000000095902 0 0 -1 1 0 0 0 -1 0 28.999999999999901
2 22.75 -39.404155872192099 -6.5000000000958096 0 0 -1 1 0 0 0 -1 0 4.9999999999998899
1 0 -43.300000000000097 -39.000000000000703 0 1 0 -1 0 0 0 -0 1 
1 0 -76.5 -39.000000000000703 0 1 0 -1 0 0 0 -0 1 
1 -35 -76.362132034355994 -39.150000000000702 1.94289029309402e-16 -0.70710678118654702 0.70710678118654802 0 0.70710678118654802 0.70710678118654702 -1 -1.3738309013482995e-16 1.3738309013483015e-16 
2 -35 -76.512132034356 -39.000000000000703 1 0 -4.9960036108132005e-16 4.9960036108132005e-16 0 1 0 -1 0 0.212132034355965
1 -35 -77.796447034217096 -37.415685000139703 -1.94289029309402e-16 -0.70710678118654702 -0.70710678118654802 0 -0.70710678118654802 0.70710678118654702 -1 1.3738309013482995e-16 1.3738309013483015e-16 
1 -15.5 -39.708438024112098 -10.000000000095801 0 1 0 -1 0 0 0 -0 1 
1 -2.4902596369399799 -49.947958986735102 -8.0000000000960103 0.99756405025982431 -0.069756473744124026 0 0.069756473744124026 0.99756405025982431 0 -0 0 1 
1 1 -43.300000000000097 -6.5000537807380097 0 -1 0 1 0 0 -0 0 1 
1 -4.4853877374600897 -49.808446039247201 -8.0000000000960103 0.99756405025982431 -0.069756473744124026 0 0.069756473744124026 0.99756405025982431 0 -0 0 1 
1 0 0 -78.500000000095895 0 0 -1 1 0 0 0 -1 0 
10 3.1415926535897931 9.4247779607693793 4.9999999999999991 9.9999999999999094
2 0 0 -9.9999999999999094 0 0 1 1 -1.22464679914735e-16 0 1.22464679914735e-16 1 -0 28.999999999999901
1 0 0 0 0 0 1 -1 0 0 0 -1 0 
10 0 6.2831853071795862 -9.5000000000000995 0.50000007226149989
2 0 -76.000000000000099 -39.000000000000703 0 -1 0 1 0 0 -0 0 1 20
1 0 -66.5 -39.000000000000703 0 -1 0 1 0 0 -0 0 1 
1 -35 -76.362132034355994 -39.150000000000702 1.94289029309402e-16 -0.70710678118654702 0.70710678118654802 0 0.70710678118654802 0.70710678118654702 -1 -1.3738309013482995e-16 1.3738309013483015e-16 
2 -35 -76.512132034356 -39.000000000000703 1 0 -4.9960036108132005e-16 4.9960036108132005e-16 0 1 0 -1 0 0.212132034355965
1 -35 -77.796447034217096 -37.415685000139703 -1.94289029309402e-16 -0.70710678118654702 -0.70710678118654802 0 -0.70710678118654802 0.70710678118654702 -1 1.3738309013482995e-16 1.3738309013483015e-16 
1 -30 -74.520000000000095 -41.4852813742393 1 0 0 -0 1 0 0 -0 1 
1 -30 -74.520000000000095 -36.5147186257621 -0.38268343236508989 0 -0.92387953251128674 0.92387953251128674 0 -0.38268343236508989 0 -1 -0 
1 -24 -74.520000000000095 -39.000000000000703 -0.38268343236508989 0 0.92387953251128674 -0.92387953251128674 0 -0.38268343236508989 -0 -1 0 
1 -30 -74.520000000000095 -41.4852813742393 1 0 0 -0 1 0 0 -0 1 
1 -23.0000000002501 -76.400000000000105 -44.212535174962703 1 0 1.4432899320127e-15 -1.4432899320127e-15 0 1 0 -1 0 
1 -24.532872857759902 -76.400000000000105 -44.212535174962703 2.2759572004815701e-15 0 -1 1 0 2.2759572004815701e-15 0 -1 0 
1 -24.532872857759902 -76.400000000000105 -41.199999999726103 -1 0 -4.4408920985006301e-16 4.4408920985006301e-16 0 -1 0 -1 -0 
1 -23.0000000002501 -76.400000000000105 -41.199999999726103 -9.4368957093138306e-16 0 1 -1 0 -9.4368957093138306e-16 -0 -1 0 
1 -23.221490462929999 -76.400000000000105 -21.786279932175901 -0.95259892512835853 0 0.3042290055933129 -0.3042290055933129 0 -0.95259892512835853 -0 -1 0 
9 0 0 0 0 3 1 4 2 2 2 -23.676250588310001 -76.400000000000105 -23.2102204462605  -23.676250588310001 -76.5 -23.2102204462605  
-23.969808086930001 -76.400000000000105 -23.119844510561901  -23.969808086930001 -76.5 -23.119844510561901  
-24.213757712760302 -76.400000000000105 -23.1142820860304  -24.213757712760302 -76.5 -23.1142820860304  
-24.408099465800198 -76.400000000000105 -23.1935331726655  -24.408099465800198 -76.5 -23.1935331726655  

0 4
1 4

0 2
1 2

9 0 0 0 0 3 1 8 2 4 2 -24.408099465800198 -76.400000000000006 -23.1935331726655  -24.408099465800198 -76.500000000000199 -23.1935331726655  
-24.603273629470099 -76.400000000000006 -23.2746538841822  -24.603273629470099 -76.500000000000199 -23.2746538841822  
-24.7513239561099 -76.400000000000006 -23.426040715066001  -24.7513239561099 -76.500000000000199 -23.426040715066001  
-24.981901700049999 -76.400000000000006 -23.943926807195901  -24.981901700049999 -76.500000000000199 -23.943926807195901  
-24.960701357620099 -76.400000000000006 -24.253557695878399  -24.960701357620099 -76.500000000000199 -24.253557695878399  
-24.609824514660001 -76.400000000000006 -24.900062781295802  -24.609824514660001 -76.500000000000199 -24.900062781295802  
-24.114183562410101 -76.400000000000006 -25.275640236534599  -24.114183562410101 -76.500000000000199 -25.275640236534599  
-23.29802948827 -76.400000000000006 -25.701742105155802  -23.29802948827 -76.500000000000199 -25.701742105155802  

0 4
0.27278708877248697 2
0.63497498815107001 2
1 4

0 2
1 2

9 0 0 0 0 3 1 10 2 5 2 -23.29802948827 -76.399999999999906 -25.701742105155802  -23.29802948827 -76.500000000000099 -25.701742105155802  
-23.553686174740101 -76.399999999999906 -25.1689919141998  -23.553686174740101 -76.500000000000099 -25.1689919141998  
-23.566225646010299 -76.399999999999906 -24.6436737726569  -23.566225646010299 -76.500000000000099 -24.6436737726569  
-23.075103375520001 -76.399999999999906 -23.540595092669101  -23.075103375520001 -76.500000000000099 -23.540595092669101  
-22.629531966359998 -76.399999999999906 -23.138592489195499  -22.629531966359998 -76.500000000000099 -23.138592489195499  
-21.368335382780099 -76.399999999999906 -22.7009672510179  -21.368335382780099 -76.500000000000099 -22.7009672510179  
-20.699260929000001 -76.399999999999906 -22.747951737713102  -20.699260929000001 -76.500000000000099 -22.747951737713102  
-19.248432021089901 -76.399999999999906 -23.393902384992401  -19.248432021089901 -76.500000000000099 -23.393902384992401  
-18.746506888270002 -76.399999999999906 -23.881721932557699  -18.746506888270002 -76.500000000000099 -23.881721932557699  
-18.48884175393 -76.399999999999906 -24.520657526750998  -18.48884175393 -76.500000000000099 -24.520657526750998  

0 4
0.224113890275601 2
0.47735449553287002 2
0.73059510079013701 2
1 4

0 2
1 2

9 0 0 0 0 3 1 6 2 3 2 -18.48884175393 -76.400000000000105 -24.520657526750998  -18.48884175393 -76.5 -24.520657526750998  
-18.232009030210101 -76.400000000000105 -25.161462745825698  -18.232009030210101 -76.5 -25.161462745825698  
-18.256340018580001 -76.400000000000105 -25.8249415210881  -18.256340018580001 -76.5 -25.8249415210881  
-18.891469327689901 -76.400000000000105 -27.2514653055471  -18.891469327689901 -76.5 -27.2514653055471  
-19.44909260287 -76.400000000000105 -27.7290325303976  -19.44909260287 -76.5 -27.7290325303976  
-20.233462526679901 -76.400000000000105 -27.9510692229893  -20.233462526679901 -76.5 -27.9510692229893  

0 4
0.48230668414155198 2
1 4

0 2
1 2

9 0 0 0 0 3 1 10 2 5 2 -20.233462526679901 -76.400000000000105 -27.9510692229893  -20.233462526679901 -76.5 -27.9510692229893  
-21.0188696647499 -76.400000000000105 -28.170403880071898  -21.0188696647499 -76.5 -28.170403880071898  
-22.063137504930001 -76.400000000000105 -27.989976104777  -22.063137504930001 -76.5 -27.989976104777  
-24.710526336900099 -76.400000000000105 -26.811282655617902  -24.710526336900099 -76.5 -26.811282655617902  
-25.565374572780001 -76.400000000000105 -26.134968287266101  -25.565374572780001 -76.5 -26.134968287266101  
-26.306488145760099 -76.400000000000105 -24.616573432372299  -26.306488145760099 -76.5 -24.616573432372299  
-26.3167209651001 -76.400000000000105 -23.842479334280601  -26.3167209651001 -76.5 -23.842479334280601  
-25.717385312979999 -76.400000000000105 -22.496349419718801  -25.717385312979999 -76.5 -22.496349419718801  
-25.357433433360001 -76.400000000000105 -22.1055117810292  -25.357433433360001 -76.5 -22.1055117810292  
-24.884755630610002 -76.400000000000105 -21.879115093406199  -24.884755630610002 -76.5 -21.879115093406199  

0 4
0.26490372559283099 2
0.53662900635114397 2
0.80885946511984796 2
1 4

0 2
1 2

9 0 0 0 0 3 1 4 2 2 2 -24.884755630610002 -76.400000000000105 -21.879115093406199  -24.884755630610002 -76.5 -21.879115093406199  
-24.411040613610101 -76.400000000000105 -21.655420441292801  -24.411040613610101 -76.5 -21.655420441292801  
-23.857242099340102 -76.400000000000105 -21.624197917339998  -23.857242099340102 -76.5 -21.624197917339998  
-23.221490462929999 -76.400000000000105 -21.786279932175901  -23.221490462929999 -76.5 -21.786279932175901  

0 4
1 4

0 2
1 2

1 -22.9999999998699 -76.400000000000105 -31.206753645898999 -9.0483176506950305e-15 0 1 -1 0 -9.0483176506950305e-15 -0 -1 0 
1 -22.9999999998699 -76.400000000000105 -33.2860578157634 1 0 4.1633363423443402e-15 -4.1633363423443402e-15 0 1 0 -1 0 
1 -20.898351408580101 -76.400000000000105 -33.2860578157634 -7.2164496600635207e-15 0 1 -1 0 -7.2164496600635207e-15 -0 -1 0 
1 -20.898351408580101 -76.400000000000105 -34.720695830601002 1 0 6.8278716014447104e-15 -6.8278716014447104e-15 0 1 0 -1 0 
1 -22.9999999998699 -76.400000000000105 -34.720695830601002 4.9404924595819498e-15 0 -1 1 0 4.9404924595819498e-15 0 -1 0 
1 -22.9999999998699 -76.400000000000105 -36.800000000465403 1 0 6.3282712403633899e-15 -6.3282712403633899e-15 0 1 0 -1 0 
1 -24.395642004989899 -76.400000000000105 -36.800000000465403 5.8841820305133297e-15 0 -1 1 0 5.8841820305133297e-15 0 -1 0 
1 -24.395642004989899 -76.400000000000105 -34.720695830601002 -1 0 -5.4400928206632702e-15 5.4400928206632702e-15 0 -1 0 -1 -0 
1 -26.491151408579999 -76.400000000000105 -34.720695830601002 6.8278716014447104e-15 0 -1 1 0 6.8278716014447104e-15 0 -1 0 
1 -26.491151408579999 -76.400000000000105 -33.286057815763499 -1 0 -5.8841820305133297e-15 5.8841820305133297e-15 0 -1 0 -1 -0 
1 -24.395642004989899 -76.400000000000105 -33.2860578157634 -5.8841820305133297e-15 0 1 -1 0 -5.8841820305133297e-15 -0 -1 0 
1 -24.395642004989899 -76.400000000000105 -31.206753645898999 -1 0 -5.8841820305133297e-15 5.8841820305133297e-15 0 -1 0 -1 -0 
1 -17.154631620049901 -76.400000000000105 -23.013342933927699 0.40673664307580898 0 0.91354545764259698 -0.91354545764259698 0 0.40673664307580898 0 -1 0 
1 -18.554980656170098 -76.400000000000105 -22.389867373602701 0.91354545764259698 0 -0.40673664307580898 0.40673664307580898 0 0.91354545764259698 0 -1 0 
1 -17.931505095840102 -76.400000000000105 -20.989518337482401 -0.40673664307580898 0 -0.91354545764259698 0.91354545764259698 0 -0.40673664307580898 0 -1 -0 
1 -16.531156059719901 -76.400000000000105 -21.6129938978073 -0.91354545764259698 0 0.40673664307580898 -0.40673664307580898 0 -0.91354545764259698 -0 -1 0 
1 -15.5 -51.708438024112098 -8.0000000000960103 0 6.9388939039072205e-16 -1 0 -1 -6.9388939039072205e-16 -1 0 -0 
1 -50.000000000000199 -76.300000000000196 -35.715736326081597 -6.1629758220391504e-32 -1 -1.8156617557915001e-16 0 -1.8156617557915001e-16 1 -1 6.1629758220391504e-32 1.1189879501944168e-47 
1 -23.0000000002501 -76.400000000000105 -42.706267587344399 0 1 0 -1 0 0 0 -0 1 
1 -24.113886779050102 -76.400000000000105 -21.688031262685101 0 -1 0 1 0 0 -0 0 1 
1 -23.697821002429901 -76.400000000000105 -31.206753645899099 0 1 0 -1 0 0 0 -0 1 
1 -16.842893839879899 -76.400000000000105 -22.313168415867601 0 -1 0 1 0 0 -0 0 1 
9 0 0 0 0 3 1 6 2 3 2 -19.708807355500099 -76.400000000000105 -25.142417590684001  -19.708807355500099 -76.500000000000199 -25.142417590684001  
-19.836014689790101 -76.400000000000105 -24.8796793431559  -19.836014689790101 -76.500000000000199 -24.8796793431559  
-20.128647404900001 -76.400000000000105 -24.6463399174696  -20.128647404900001 -76.500000000000199 -24.6463399174696  
-21.0671990953301 -76.400000000000105 -24.228469782245199  -21.0671990953301 -76.500000000000199 -24.228469782245199  
-21.456569854660099 -76.400000000000105 -24.167122649515601  -21.456569854660099 -76.500000000000199 -24.167122649515601  
-21.75959424282 -76.400000000000105 -24.2539910586713  -21.75959424282 -76.500000000000199 -24.2539910586713  

0 4
0.49402390438246901 2
1 4

0 2
1 2

9 0 0 0 0 3 1 6 2 3 2 -20.384606020250001 -76.400000000000105 -26.479146596334601  -20.384606020250001 -76.500000000000099 -26.479146596334601  
-20.044585545579999 -76.400000000000105 -26.379626812512701  -20.044585545579999 -76.500000000000099 -26.379626812512701  
-19.814641743040099 -76.400000000000105 -26.195253929145601  -19.814641743040099 -76.500000000000099 -26.195253929145601  
-19.579069535330099 -76.400000000000105 -25.666150087727601  -19.579069535330099 -76.500000000000099 -25.666150087727601  
-19.584302056709902 -76.400000000000105 -25.406193052465401  -19.584302056709902 -76.500000000000099 -25.406193052465401  
-19.708807355500099 -76.400000000000105 -25.142417590684001  -19.708807355500099 -76.500000000000099 -25.142417590684001  

0 4
0.50883392226148205 2
1 4

0 2
1 2

9 0 0 0 0 3 1 6 2 3 2 -22.389702695920299 -76.400000000000105 -25.628984560954699  -22.389702695920299 -76.5 -25.628984560954699  
-22.260843736489999 -76.400000000000105 -25.9081398251639  -22.260843736489999 -76.5 -25.9081398251639  
-21.992106537590001 -76.400000000000105 -26.139801233468202  -21.992106537590001 -76.5 -26.139801233468202  
-21.124600592650001 -76.400000000000105 -26.526039764831101  -21.124600592650001 -76.5 -26.526039764831101  
-20.726496119789999 -76.400000000000105 -26.577833969528498  -20.726496119789999 -76.5 -26.577833969528498  
-20.384606020250001 -76.400000000000105 -26.479146596334601  -20.384606020250001 -76.5 -26.479146596334601  

0 4
0.47629310344827602 2
1 4

0 2
1 2

9 0 0 0 0 3 1 6 2 3 2 -21.75959424282 -76.399999999999906 -24.2539910586713  -21.75959424282 -76.5 -24.2539910586713  
-22.063451041610101 -76.399999999999906 -24.342729092708201  -22.063451041610101 -76.5 -24.342729092708201  
-22.276977827480099 -76.399999999999906 -24.525450350945501  -22.276977827480099 -76.5 -24.525450350945501  
-22.520874141459899 -76.399999999999906 -25.073250441176899  -22.520874141459899 -76.5 -25.073250441176899  
-22.517729244719899 -76.399999999999906 -25.347959671864299  -22.517729244719899 -76.5 -25.347959671864299  
-22.389702695920299 -76.399999999999906 -25.628984560954699  -22.389702695920299 -76.5 -25.628984560954699  

0 4
0.50853242320819003 2
1 4

0 2
1 2

1 0 -76.5 -39.000000000000703 0 1 0 -1 0 0 0 -0 1 
Triangulations 0

TShapes 484
Ve
1e-07
0 39.377777306775 -4.99999999999991
0 0

0101101
*
Ve
5.17544116946362e-07
0 31.1152548537269 -65.5339646453045
0 0

0101101
*
Ed
 1e-07 1 1 0
1  1 0 0 1
2  1 1 0 0 1
2  2 2 0 0 1
4 G2 1 0 2 0
0

0101000
+484 0 -483 0 *
Ve
2.48518670907808e-07
31.1152550578665 0 -65.5339646453045
0 0

0101101
*
Ed
 1.1305530313103e-07 1 1 0
1  2 0 0 1
2  3 1 0 0 1
2  4 3 0 0 1
4 C0 1 0 3 0
0

0101000
+483 0 -481 0 *
Ve
0.00138942312611601
6.73975112124481 -30.3765506998478 -65.5339647169955
0 0

0101101
*
Ed
 1.38892504859051e-07 1 1 0
1  3 0 8.57596572201009e-15 1
2  5 1 0 8.57596572201009e-15 1
2  6 4 0 8.57596572201009e-15 1
4 C0 1 0 4 0
0

0101000
+481 0 -479 0 *
Ve
0.00138942312611601
9.42398453066039 -29.9999999972677 -64.3019468760037
0 0

0101101
*
Ed
 0.00138942312611601 1 1 0
1  4 0 2.26306251374106e-10 1
2  7 1 0 2.26306251374106e-10 1
2  8 5 0 2.26306251374106e-10 1
4 C0 1 0 5 0
0

0101000
+479 0 -477 0 *
Ve
0.00224986009977902
25.1371738360026 -29.9999999949896 -29.1449255787858
0 0

0101101
*
Ed
 0.000248969360009322 1 1 0
1  5 0 0 1
2  9 1 0 0 1
2  10 6 0 0 1
4 C0 1 0 6 0
0

0101000
+477 0 -475 0 *
Ve
0.00224986009977902
19.7625771877842 -34.4041558714761 -14.5938214996573
0 0

0101101
*
Ed
 0.00224986009977902 1 1 0
1  6 0 0 1
2  11 1 0 0 1
2  12 7 0 0 1
4 C0 1 0 7 0
0

0101000
+475 0 -473 0 *
Ve
0.00220749165298499
19.4346815661968 -34.4041558721922 -8.90000000009581
0 0

0101101
*
Ed
 0.00220749165298499 1 1 0
1  7 0 0 1
2  13 1 0 0 1
4 C0 1 0 8 0
0

0101000
+473 0 -471 0 *
Ve
0.00149896621528085
12.9055220739003 -37.3470251674412 -8.90000000009537
0 0

0101101
*
Ed
 1e-07 1 1 0
1  8 0 0 1
2  14 1 0 0 1
4 C0 1 0 9 0
0

0101000
+471 0 -469 0 *
Ve
0.00926155898719875
2.27373675443232e-13 -39.4214282686432 -6.25000000009591
0 0

0101101
*
Ed
 0.00149896621528085 1 1 0
1  9 0 0 1
2  15 1 0 0 1
2  16 10 0 0 1
4 C0 1 0 10 0
0

0101000
+469 0 -467 0 *
Ve
1e-07
0 -39.377777306775 -4.99999999999991
0 0

0101101
*
Ed
 1e-07 1 1 0
1  10 0 0 1
2  17 1 0 0 1
2  18 2 0 0 1
4 G2 1 0 2 0
0

0101000
+465 0 -467 0 *
Ed
 1e-07 1 1 0
1  11 0 0 1
2  19 1 0 0 1
4 C0 1 0 11 0
0

0101000
+465 0 -484 0 *
Wi

0101100
+482 0 +480 0 +478 0 +476 0 +474 0 +472 0 +470 0 +468 0 +466 0 -464 0 
+463 0 *
Fa
0  1e-07 1 0

0101000
+462 0 *
Ve
0.00193562516148466
-25.1371738332309 -29.99999999714 -29.1449255801186
0 0

0101101
*
Ve
0.00138961996156991
-9.42398453213809 -29.9999999957962 -64.3019468795863
0 0

0101101
*
Ed
 1.18673550902358e-05 1 1 0
1  12 0 0 1
2  20 5 0 0 1
2  21 12 0 0 1
4 C0 5 0 12 0
0

0101000
+460 0 -459 0 *
Ve
0.00138961996156991
-6.73975149560056 -30.3765507293461 -65.5339646471359
0 0

0101101
*
Ed
 0.00138961996156991 1 1 0
1  13 0 0 1
2  22 5 0 0 1
2  23 2 0 0 1
4 C0 5 0 2 0
0

0101000
+459 0 -457 0 *
Ve
0.000101475319061833
-4.92828276639625 -29.999999945874 -65.5464127330632
0 0

0101101
*
Ed
 1e-07 1 1 0
1  14 0 0 1
2  24 5 0 0 1
2  25 13 0 0 1
4 C0 5 0 13 0
0

0101000
+457 0 -455 0 *
Ve
9.7160256251558e-05
4.92828279296987 -29.9999999971624 -65.5464127305932
0 0

0101101
*
Ed
 1.73747035205942e-05 1 1 0
1  15 0 0 0.367116087734134
2  26 5 0 0 0.367116087734134
2  27 14 0 0 0.367116087734134
4 C0 5 0 14 0
0

0101000
-453 0 +455 0 *
Ed
 1e-07 1 1 0
1  16 0 0 1
2  28 5 0 0 1
2  29 4 0 0 1
4 C0 5 0 4 0
0

0101000
+453 0 -479 0 *
Ve
1e-07
27.0000000053847 -29.9999999946156 -39.0000000000959
0 0

0101101
*
Ed
 1e-07 1 1 0
1  17 0 0 1.2142536206243
2  30 5 0 0 1.2142536206243
2  31 6 0 0 1.2142536206243
4 C0 5 0 6 0
0

0101000
+477 0 -450 0 *
Ve
1e-05
32.7500000001123 -35.7499999997764 -39.0000000000959
0 0

0101101
*
Ed
 1e-07 1 1 0
1  18 0 7.0340142212161e-14 8.13172798356646
2  32 5 0 7.0340142212161e-14 8.13172798356646
2  33 7 0 7.0340142212161e-14 8.13172798356646
4 CN 5 0 7 0
0

0101000
+450 0 -448 0 *
Ve
0.00926155898719875
-16.9968807426828 -35.7499999998279 -11.0059194644341
0 0

0101101
*
Ed
 5.71365284758481e-06 1 1 0
1  19 0 0 1
2  34 5 0 0 1
2  35 10 0 0 1
4 C0 5 0 10 0
0

0101000
-446 0 +448 0 *
Ed
 0.00193562516148466 1 1 0
1  20 0 0 1
2  36 5 0 0 1
2  37 2 0 0 1
4 C0 5 0 2 0
0

0101000
+446 0 -460 0 *
Wi

0101100
+458 0 +456 0 +454 0 +452 0 +451 0 +476 0 +449 0 +447 0 +445 0 +444 0 
*
Fa
0  1e-07 5 0

0101000
+443 0 *
Ed
 1e-07 1 1 0
1  21 0 0 0.373635763597631
2  38 6 0 0 0.373635763597631
2  39 7 0 0 0.373635763597631
4 C0 6 0 7 0
0

0101000
+450 0 -475 0 *
Wi

0101100
-441 0 -449 0 +474 0 *
Fa
0  1e-07 6 0

0111000
+440 0 *
Ve
1e-05
29.0000000000632 0 -65.5708865634327
0 0

0101101
*
Ve
9.77743532471848e-05
4.79458003706122 -28.6009090353213 -65.5708863659704
0 0

0101101
*
Ed
 1e-07 1 1 0
1  22 0 0 1.40470336873857
2  40 4 0 0 1.40470336873857
2  41 15 0 0 1.40470336873857
4 C0 4 0 15 0
0

0101000
-438 0 +437 0 *
Ed
 1e-07 1 1 0
1  23 0 -6.33920719195947e-11 2.11557727047075
2  42 4 0 -6.33920719195947e-11 2.11557727047075
2  43 3 0 -6.33920719195947e-11 2.11557727047075
4 CN 4 0 3 0
0

0101000
+438 0 -481 0 *
Ed
 2.07737953161489e-05 1 1 0
1  24 0 4.80248474484873e-06 1
2  44 4 0 4.80248474484873e-06 1
2  45 14 0 4.80248474484873e-06 1
4 C0 4 0 14 0
0

0101000
-437 0 +453 0 *
Wi

0101100
+436 0 +435 0 +478 0 -451 0 +434 0 *
Fa
0  1e-07 4 0

0101000
+433 0 *
Ve
1e-07
-29.0000000001266 0 -65.5708865634327
0 0

0101101
*
Ed
 1e-07 1 1 0
1  25 0 0 3.14159265358979
2  46 3 0 0 3.14159265358979
2  47 15 0 0 3.14159265358979
4 C0 3 0 15 0
0

0101000
-431 0 +438 0 *
Ve
5.17544116946362e-07
-31.1152550578668 0 -65.5339646453045
0 0

0101101
*
Ed
 1e-07 1 1 0
1  26 0 -4.9730416164649e-13 2.11557727047056
2  48 3 0 -4.9730416164649e-13 2.11557727047056
2  49 13 0 -4.9730416164649e-13 2.11557727047056
4 CN 3 0 13 0
0

0101000
+431 0 -429 0 *
Ed
 5.17544116946362e-07 1 1 0
1  27 0 8.24446288676214e-15 1
2  50 3 0 8.24446288676214e-15 1
2  51 2 0 8.24446288676214e-15 1
4 C0 3 0 2 0
0

0101000
+429 0 -483 0 *
Wi

0101100
-435 0 +430 0 +428 0 +427 0 +480 0 *
Fa
0  1e-07 3 0

0101000
+426 0 *
Ve
1.22586459233163e-07
26.1627913591858 -35.7499999999466 -19.3004860896557
0 0

0101101
*
Ed
 1e-07 1 1 0
1  28 0 0 0.645392295045516
2  52 10 0 0 0.645392295045516
2  53 7 0 0 0.645392295045516
4 C0 10 0 7 0
0

0101000
-448 0 +424 0 *
Ve
1.22586459233163e-07
25.8840706009587 -43.3000000000064 -18.9356687347739
0 0

0101101
*
Ed
 1.22586459233163e-07 1 1 0
1  29 0 0 1
2  54 10 0 0 1
2  55 16 0 0 1
4 C0 10 0 16 0
0

0101000
+424 0 -422 0 *
Ve
1e-07
12.9055220739012 -43.3000000000001 -8.90000000009581
0 0

0101101
*
Ed
 1e-07 1 1 0
1  30 0 0 0.506338692193417
2  56 10 0 0 0.506338692193417
4 C0 10 0 17 0
0

0101000
+422 0 -420 0 *
Ed
 1e-07 1 1 0
1  31 0 1.06581410364015e-13 5.952974832559
2  57 10 0 1.06581410364015e-13 5.952974832559
4 C0 10 0 9 0
0

0101000
+420 0 -469 0 *
Ed
 0.00926155898719875 1 1 0
1  32 0 0 1
2  58 10 0 0 1
2  59 2 0 0 1
4 C0 10 0 2 0
0

0101000
+467 0 -446 0 *
Ve
1e-05
32.75 -76.4999999999999 -39.0000000000959
0 0

0101101
*
Ed
 1e-05 1 1 0
1  33 0 -31.1999999999999 9.55000000022375
3  60 61CN 10 0 -31.1999999999999 9.55000000022375
0

0101000
-448 0 +416 0 *
Ve
4.87893161415218e-07
-32.748734815782 -76.5 -39.2878679656447
0 0

0101101
*
Ed
 1e-07 1 1 0
1  34 0 0 3.13280267885583
2  62 10 0 0 3.13280267885583
4 C0 10 0 18 0
0

0101000
+416 0 -414 0 *
Ve
0.000364250436446689
-32.7496564867486 -76.362132034356 -39.1500000000007
0 0

0101101
*
Ed
 4.87893161415218e-07 1 1 0
1  35 0 0 1
2  63 10 0 0 1
4 C0 10 0 19 0
0

0101000
-414 0 +412 0 *
Ve
0.000364250436446689
-32.7496564867477 -76.362132034356 -38.8500000000007
0 0

0101101
*
Ed
 0.000364250436446689 1 1 0
1  36 0 0 1
2  64 10 0 0 1
2  65 20 0 0 1
4 C0 10 0 20 0
0

0101000
+412 0 -410 0 *
Ve
4.87893104739185e-07
-32.7487348157804 -76.5 -38.7121320343567
0 0

0101101
*
Ed
 4.87893104739185e-07 1 1 0
1  37 0 0 1
2  66 10 0 0 1
4 C0 10 0 21 0
0

0101000
-410 0 +408 0 *
Ed
 1e-07 1 1 0
1  38 0 0 3.13280267885001
2  67 10 0 0 3.13280267885001
4 C0 10 0 18 0
0

0101000
+408 0 -416 0 *
Wi

0101100
-423 0 +421 0 +419 0 +418 0 +466 0 +417 0 -445 0 -415 0 +413 0 -411 0 
+409 0 -407 0 +406 0 +415 0 *
Ve
1e-07
-3.77912637635882 -39.7084380241121 -6.46877340423097
0 0

0101101
*
Ve
1e-07
-1.77424258019482 -39.7084380241123 -6.29809541845687
0 0

0101101
*
Ed
 1e-07 1 1 0
1  39 0 0 0.0614489249596906
2  68 10 0 0 0.0614489249596906
4 C0 10 0 22 0
0

0101000
+404 0 -403 0 *
Ve
1e-07
-2.02538905906636 -43.3000000000002 -6.31268901923644
0 0

0101101
*
Ed
 1e-07 1 1 0
1  40 0 0 1
2  69 10 0 0 1
4 C0 10 0 23 0
0

0101000
+403 0 -401 0 *
Ve
1e-07
-4.03027285522921 -43.3000000000002 -6.49893231436587
0 0

0101101
*
Ed
 1e-07 1 1 0
1  41 0 0 0.0614910837253413
2  70 10 0 0 0.0614910837253413
4 C0 10 0 24 0
0

0101000
+401 0 -399 0 *
Ed
 1e-07 1 1 0
1  42 0 0 1
2  71 10 0 0 1
4 C0 10 0 25 0
0

0101000
+399 0 -404 0 *
Wi

0101100
+402 0 +400 0 +398 0 +397 0 *
Fa
0  1e-07 10 0

0111000
+405 0 +396 0 *
Ve
1e-07
25.8840706009669 -43.3000000000001 -8.90000000009581
0 0

0101101
*
Ed
 1e-07 1 1 0
1  43 0 -0 10.0356687346781
2  72 16 0 -0 10.0356687346781
4 C0 16 0 17 0
0

0101000
+394 0 -422 0 *
Ve
1e-07
22.7500000010375 -34.4041558721921 -17.3514779699972
0 0

0101101
*
Ed
 1e-07 1 1 0
1  44 0 0 1
2  73 16 0 0 1
2  74 7 0 0 1
4 C0 16 0 7 0
0

0101000
+392 0 -424 0 *
Ve
1e-07
22.75 -34.4041558721922 -8.90000000009581
0 0

0101101
*
Ed
 1e-07 1 1 0
1  45 0 1.06581410364015e-14 8.4514779699014
2  75 16 0 1.06581410364015e-14 8.4514779699014
4 G1 16 0 8 0
0

0101000
+390 0 -392 0 *
Ed
 1e-07 1 1 0
1  46 0 0 2.46413501878416
2  76 16 0 0 2.46413501878416
4 C0 16 0 9 0
0

0101000
+390 0 -394 0 *
Wi

0101100
+393 0 -421 0 -391 0 -389 0 +388 0 *
Fa
0  1e-07 16 0

0111000
+387 0 *
Ve
9.33424979082079e-05
-4.79457898306146 -28.6009092928679 -65.5708865598194
0 0

0101101
*
Ed
 1e-07 1 1 0
1  47 0 0 1
2  77 15 0 0 1
2  78 14 0 0 1
4 C0 15 0 14 0
0

0101000
-437 0 +385 0 *
Ed
 1e-07 1 1 0
1  48 0 0 1.4047034060515
2  79 15 0 0 1.4047034060515
2  80 13 0 0 1.4047034060515
4 C0 15 0 13 0
0

0101000
-385 0 +431 0 *
Ve
1e-05
29 1.13686837721616e-13 -78.5000000000959
0 0

0101101
*
Ed
 1e-05 1 1 0
1  49 0 12.0708865633368 25
3  81 82CN 15 0 12.0708865633368 25
0

0101000
+438 0 -382 0 *
Ed
 1e-07 1 1 0
1  50 0 3.14159265358979 9.42477796076938
2  83 15 0 3.14159265358979 9.42477796076938
4 C0 15 0 26 0
0

0101000
+382 0 -382 0 *
Wi

0101100
-436 0 -384 0 -383 0 -430 0 +381 0 +380 0 -381 0 *
Fa
0  1e-07 15 0

0101000
+379 0 *
Ve
1e-05
-29 1.13686837721616e-13 0
0 0

0101101
*
Ed
 1e-07 1 1 0
1  51 0 3.14159265358979 9.42477796076938
2  84 27 0 3.14159265358979 9.42477796076938
4 C0 27 0 28 0
0

0101000
+377 0 -377 0 *
Ve
1e-05
-29 1.13686837721616e-13 -4.99999999999991
0 0

0101101
*
Ed
 1e-05 1 1 0
1  52 0 5 9.99999999999991
3  85 86CN 27 0 5 9.99999999999991
0

0101000
-377 0 +375 0 *
Ed
 1e-07 1 1 0
1  53 0 3.14159265358979 9.42477796076938
2  87 27 0 3.14159265358979 9.42477796076938
4 C0 27 0 11 0
0

0101000
-375 0 +375 0 *
Wi

0101100
+376 0 -374 0 -373 0 +374 0 *
Fa
0  1e-07 27 0

0111000
+372 0 *
Ve
1e-05
20 -66.4999999999999 -39.0000000000007
0 0

0101101
*
Ed
 1e-07 1 1 0
1  54 0 3.14159265358979 9.42477796076938
2  88 29 0 3.14159265358979 9.42477796076938
4 C0 29 0 30 0
0

0101000
+370 0 -370 0 *
Ve
1e-05
20 -76.4999999999999 -39.0000000000007
0 0

0101101
*
Ed
 1e-05 1 1 0
1  55 0 -9.5000000000001 0.499999999999901
3  89 90CN 29 0 -9.5000000000001 0.499999999999901
0

0101000
+370 0 -368 0 *
Ve
1.32019844326064e-05
-19.9979281935496 -76.5 -39.2878679656447
0 0

0101101
*
Ed
 1e-07 1 1 0
1  56 0 0 3.12719875828141
2  91 29 0 0 3.12719875828141
4 C0 29 0 18 0
0

0101000
-368 0 +366 0 *
Ve
2.00087649366977e-05
-19.9994374920896 -76.362132034356 -39.1500000000007
0 0

0101101
*
Ed
 1.3201380493703e-05 1 1 0
1  57 0 0 1
2  92 29 0 0 1
4 C0 29 0 31 0
0

0101000
+366 0 -364 0 *
Ve
2.00083980799783e-05
-19.9994374920896 -76.362132034356 -38.8500000000007
0 0

0101101
*
Ed
 2.00083980799783e-05 1 1 0
1  58 0 0 1
2  93 29 0 0 1
2  94 32 0 0 1
4 C0 29 0 32 0
0

0101000
+364 0 -362 0 *
Ve
1.32019847340338e-05
-19.9979281935496 -76.5 -38.7121320343567
0 0

0101101
*
Ed
 1.32013807956554e-05 1 1 0
1  59 0 0 1
2  95 29 0 0 1
4 C0 29 0 33 0
0

0101000
+362 0 -360 0 *
Ed
 1e-07 1 1 0
1  60 0 0 3.12719875828141
2  96 29 0 0 3.12719875828141
4 C0 29 0 18 0
0

0101000
-360 0 +368 0 *
Wi

0101100
+369 0 +367 0 -365 0 +363 0 +361 0 +359 0 -358 0 -367 0 *
Fa
0  1e-07 29 0

0111000
+357 0 *
Ed
 0.000462908765343256 1 1 0
1  61 0 0 1
2  97 2 0 0 1
2  98 12 0 0 1
4 C0 2 0 12 0
0

0101000
+460 0 -459 0 *
Ed
 1.55601629860817e-07 1 1 0
1  62 0 0 0.99999999999281
2  99 2 0 0 0.99999999999281
2  100 13 0 0 0.99999999999281
4 C0 2 0 13 0
0

0101000
+457 0 -429 0 *
Ed
 1e-07 1 1 0
1  63 0 0 1
2  101 2 0 0 1
4 C0 2 0 11 0
0

0101000
+484 0 -465 0 *
Wi

0101100
+417 0 +444 0 +355 0 +456 0 +354 0 +427 0 -482 0 +353 0 +464 0 *
Fa
0  1e-07 2 0

0111000
+352 0 *
Ed
 1e-07 1 1 0
1  64 0 0 12.9785485270657
4 C0 9 0 17 0
0

0101000
+394 0 -420 0 *
Ed
 1e-07 1 1 0
1  65 0 0 3.3153184338032
4 C0 9 0 8 0
0

0101000
+471 0 -390 0 *
Wi

0101100
-350 0 -388 0 -349 0 +468 0 -418 0 *
Fa
0  1e-07 9 0

0111000
-348 0 *
Ed
 1e-07 1 1 0
1  66 0 0 0.129552174210402
2  102 7 0 0 0.129552174210402
4 C0 8 0 7 0
0

0101000
+392 0 -473 0 *
Wi

0101100
+389 0 +346 0 +470 0 +349 0 *
Fa
0  1e-07 8 0

0111000
+345 0 *
Wi

0101100
-447 0 +441 0 +472 0 -346 0 +391 0 +423 0 *
Fa
0  1e-07 7 0

0111000
+343 0 *
Ed
 2.1667884922089e-05 1 1 0
1  67 0 0 0.999994984117043
2  103 13 0 0 0.999994984117043
2  104 14 0 0 0.999994984117043
4 C0 13 0 14 0
0

0101000
-455 0 +385 0 *
Wi

0101100
-428 0 +383 0 +341 0 -454 0 +354 0 *
Fa
0  1e-07 13 0

0101000
+340 0 *
Wi

0101100
+353 0 +463 0 *
Wi

0101100
+373 0 *
Fa
0  1e-07 11 0

0111000
+338 0 +337 0 *
Wi

0101100
+355 0 -458 0 *
Fa
0  1e-07 12 0

0111000
+335 0 *
Wi

0101100
-393 0 +350 0 -419 0 *
Fa
0  1e-07 17 0

0111000
-333 0 *
Wi

0101100
-341 0 +384 0 -434 0 -452 0 *
Fa
0  1e-07 14 0

0111000
+331 0 *
Ve
1e-07
-30 -76.5 -39.2878679656448
0 0

0101101
*
Ed
 1e-07 1 1 0
1  68 0 0 2.748734815782
4 C0 18 0 19 0
0

0101000
+414 0 -329 0 *
Ve
1e-07
-30 -76.5 -38.7121320343567
0 0

0101101
*
Ed
 1e-07 1 1 0
1  69 0 0 2.7487348157804
4 C0 18 0 21 0
0

0101000
+327 0 -408 0 *
Ve
1e-07
-30 -76.5 -36.5147186257621
0 0

0101101
*
Ed
 1e-07 1 1 0
1  70 0 0 2.1974134085946
4 C0 18 0 34 0
0

0101000
+325 0 -327 0 *
Ve
1e-07
-24.69497474683 -76.5 -38.7121320343568
0 0

0101101
*
Ed
 1e-07 1 1 0
1  71 0 0 5.74211795638536
4 C0 18 0 35 0
0

0101000
+323 0 -325 0 *
Ed
 1e-07 1 1 0
1  72 0 0 4.6970465532804
4 C0 18 0 33 0
0

0101000
+360 0 -323 0 *
Ve
1e-07
-24.69497474683 -76.5 -39.2878679656447
0 0

0101101
*
Ed
 1e-07 1 1 0
1  73 0 -1.98951966012828e-13 4.6970465532802
4 C0 18 0 31 0
0

0101000
+320 0 -366 0 *
Ve
1e-07
-30 -76.5 -41.4852813742393
0 0

0101101
*
Ed
 1e-07 1 1 0
1  74 0 0 5.74211795638533
4 C0 18 0 36 0
0

0101000
+318 0 -320 0 *
Ed
 1e-07 1 1 0
1  75 0 0 2.1974134085945
4 C0 18 0 37 0
0

0101000
+329 0 -318 0 *
Wi

0101100
-328 0 -413 0 -406 0 -326 0 -324 0 -322 0 -321 0 -358 0 -365 0 -319 0 
-317 0 -316 0 *
Ve
1e-07
-23.0000000002501 -76.5 -44.2125351749627
0 0

0101101
*
Ve
1e-07
-23.0000000002501 -76.5 -41.1999999997261
0 0

0101101
*
Ed
 1e-07 1 1 0
1  76 0 3.75401755644568e-27 3.0125351752366
4 C0 18 0 38 0
0

0101000
+314 0 -313 0 *
Ve
1e-07
-24.5328728577599 -76.5 -44.2125351749627
0 0

0101101
*
Ed
 1e-07 1 1 0
1  77 0 0 1.5328728575098
4 C0 18 0 39 0
0

0101000
+311 0 -314 0 *
Ve
1e-07
-24.5328728577599 -76.5 -41.1999999997261
0 0

0101101
*
Ed
 1e-07 1 1 0
1  78 0 0 3.0125351752366
4 C0 18 0 40 0
0

0101000
+309 0 -311 0 *
Ed
 1e-07 1 1 0
1  79 0 1.98951966012828e-13 1.53287285751
4 C0 18 0 41 0
0

0101000
+313 0 -309 0 *
Wi

0101100
-312 0 -310 0 -308 0 -307 0 *
Ve
1e-07
-23.676250588308 -76.5 -23.2102204462611
0 0

0101101
*
Ve
0.00195175242394805
-23.22149046293 -76.5 -21.7862799321759
0 0

0101101
*
Ed
 1e-07 1 1 0
1  80 0 9.47607144879534e-14 1.49479542389162
4 C0 18 0 42 0
0

0101000
+305 0 -304 0 *
Ve
1e-07
-24.4080994658002 -76.5 -23.1935331726655
0 0

0101101
*
Ed
 1e-07 1 1 0
1  81 0 0 1
2  105 43 0 0 1
4 C0 18 0 43 0
0

0101000
+302 0 -305 0 *
Ve
0.000671858013483969
-23.29802948827 -76.5 -25.7017421051558
0 0

0101101
*
Ed
 1e-07 1 1 0
1  82 0 0 1
2  106 44 0 0 1
4 C0 18 0 44 0
0

0101000
+300 0 -302 0 *
Ve
0.000671858013483969
-18.48884175393 -76.5 -24.520657526751
0 0

0101101
*
Ed
 0.000671858013483969 1 1 0
1  83 0 0 1
2  107 45 0 0 1
4 C0 18 0 45 0
0

0101000
+298 0 -300 0 *
Ve
1e-07
-20.2334625266799 -76.5 -27.9510692229893
0 0

0101101
*
Ed
 1e-07 1 1 0
1  84 0 0 1
2  108 46 0 0 1
4 C0 18 0 46 0
0

0101000
+296 0 -298 0 *
Ve
0.00195175242394805
-24.88475563061 -76.5 -21.8791150934062
0 0

0101101
*
Ed
 1e-07 1 1 0
1  85 0 0 1
2  109 47 0 0 1
4 C0 18 0 47 0
0

0101000
+294 0 -296 0 *
Ed
 0.00195175242394805 1 1 0
1  86 0 0 1
2  110 48 0 0 1
4 C0 18 0 48 0
0

0101000
+304 0 -294 0 *
Wi

0101100
-303 0 -301 0 -299 0 -297 0 -295 0 -293 0 -292 0 *
Ve
1e-07
-22.9999999998699 -76.5 -31.206753645899
0 0

0101101
*
Ve
1e-07
-24.3956420049899 -76.5 -31.206753645899
0 0

0101101
*
Ed
 1e-07 1 1 0
1  87 0 -3.01980662698043e-13 1.3956420051197
4 C0 18 0 49 0
0

0101000
+290 0 -289 0 *
Ve
1e-07
-22.9999999998699 -76.5 -33.2860578157634
0 0

0101101
*
Ed
 1e-07 1 1 0
1  88 0 0 2.0793041698644
4 C0 18 0 50 0
0

0101000
+287 0 -290 0 *
Ve
1e-07
-20.8983514085801 -76.5 -33.2860578157634
0 0

0101101
*
Ed
 1e-07 1 1 0
1  89 0 2.02504679691629e-13 2.10164859129
4 C0 18 0 51 0
0

0101000
+285 0 -287 0 *
Ve
1e-07
-20.8983514085801 -76.5 -34.720695830601
0 0

0101101
*
Ed
 1e-07 1 1 0
1  90 0 0 1.4346380148376
4 C0 18 0 52 0
0

0101000
+283 0 -285 0 *
Ve
1e-07
-22.9999999998699 -76.5 -34.720695830601
0 0

0101101
*
Ed
 1e-07 1 1 0
1  91 0 2.6905330377589e-27 2.1016485912898
4 C0 18 0 53 0
0

0101000
+281 0 -283 0 *
Ve
1e-07
-22.9999999998699 -76.5 -36.8000000004654
0 0

0101101
*
Ed
 1e-07 1 1 0
1  92 0 0 2.0793041698644
4 C0 18 0 54 0
0

0101000
+279 0 -281 0 *
Ve
1e-07
-24.3956420049899 -76.5 -36.8000000004654
0 0

0101101
*
Ed
 1e-07 1 1 0
1  93 0 2.02504679691629e-13 1.3956420051202
4 C0 18 0 55 0
0

0101000
+277 0 -279 0 *
Ve
1e-07
-24.3956420049899 -76.5 -34.720695830601
0 0

0101101
*
Ed
 1e-07 1 1 0
1  94 0 5.43889157784256e-27 2.0793041698644
4 C0 18 0 56 0
0

0101000
+275 0 -277 0 *
Ve
1e-07
-26.49115140858 -76.5 -34.720695830601
0 0

0101101
*
Ed
 1e-07 1 1 0
1  95 0 -1.98951966012823e-13 2.0955094035899
4 C0 18 0 57 0
0

0101000
+273 0 -275 0 *
Ve
1e-07
-26.49115140858 -76.5 -33.2860578157635
0 0

0101101
*
Ed
 1e-07 1 1 0
1  96 0 8.41957208425974e-27 1.4346380148375
4 C0 18 0 58 0
0

0101000
+271 0 -273 0 *
Ve
1e-07
-24.3956420049899 -76.5 -33.2860578157634
0 0

0101101
*
Ed
 1e-07 1 1 0
1  97 0 -0 2.0955094035901
4 C0 18 0 59 0
0

0101000
+269 0 -271 0 *
Ed
 1e-07 1 1 0
1  98 0 -0 2.0793041698644
4 C0 18 0 60 0
0

0101000
+289 0 -269 0 *
Wi

0101100
-288 0 -286 0 -284 0 -282 0 -280 0 -278 0 -276 0 -274 0 -272 0 -270 0 
-268 0 -267 0 *
Ve
1e-07
-18.5549806561701 -76.5 -22.3898673736028
0 0

0101101
*
Ve
1e-07
-17.1546316200488 -76.5 -23.0133429339282
0 0

0101101
*
Ed
 1e-07 1 1 0
1  99 0 0 1.53287285750936
4 C0 18 0 61 0
0

0101000
+265 0 -264 0 *
Ve
1e-07
-17.9315050958412 -76.5 -20.9895183374819
0 0

0101101
*
Ed
 1e-07 1 1 0
1  100 0 -4.07464164959654e-14 1.53287285751038
4 C0 18 0 62 0
0

0101000
+262 0 -265 0 *
Ve
1e-07
-16.5311560597199 -76.5 -21.6129938978073
0 0

0101101
*
Ed
 1e-07 1 1 0
1  101 0 0 1.53287285750936
4 C0 18 0 63 0
0

0101000
+260 0 -262 0 *
Ed
 1e-07 1 1 0
1  102 0 -3.93013976603507e-14 1.53287285751038
4 C0 18 0 64 0
0

0101000
+264 0 -260 0 *
Wi

0101100
-263 0 -261 0 -259 0 -258 0 *
Fa
0  1e-07 18 0

0111000
-315 0 -306 0 -291 0 -266 0 -257 0 *
Ve
1e-07
-2.02538905906772 -43.3000000000002 -8.00000000009601
0 0

0101101
*
Ve
1e-07
-1.77424258019505 -39.7084380241124 -8.00000000009601
0 0

0101101
*
Ed
 1e-07 1 1 0
1  103 0 -9.34918976723787e-14 3.60033220418514
4 C0 23 0 65 0
0

0101000
+255 0 -254 0 *
Ed
 1e-07 1 1 0
1  104 0 0 1.68731098085957
4 C0 23 0 24 0
0

0101000
+401 0 -255 0 *
Ed
 1e-07 1 1 0
1  105 0 0 1.70190458163914
4 C0 23 0 22 0
0

0101000
+254 0 -403 0 *
Wi

0101100
-253 0 -252 0 -400 0 -251 0 *
Fa
0  1e-07 23 0

0111000
-250 0 *
Ve
1e-07
-3.77912637635927 -39.7084380241121 -8.00000000009601
0 0

0101101
*
Ed
 1e-07 1 1 0
1  106 0 1.12815615138246e-26 2.00488379616422
4 C0 22 0 65 0
0

0101000
+254 0 -248 0 *
Ed
 1e-07 1 1 0
1  107 0 9.05690558878436e-28 1.53122659586504
4 C0 22 0 25 0
0

0101000
+248 0 -404 0 *
Wi

0101100
-247 0 +251 0 -402 0 -246 0 *
Fa
0  1e-07 22 0

0111000
-245 0 *
Ve
1e-07
-4.03027285522944 -43.3000000000002 -8.00000000009601
0 0

0101101
*
Ed
 1e-07 1 1 0
1  108 0 -1.67281725457606e-14 3.60033220418534
4 C0 25 0 65 0
0

0101000
+243 0 -248 0 *
Ed
 1e-07 1 1 0
1  109 0 4.0844440351772e-27 1.50106768573014
4 C0 25 0 24 0
0

0101000
+399 0 -243 0 *
Wi

0101100
+242 0 +246 0 -397 0 +241 0 *
Fa
0  1e-07 25 0

0111000
+240 0 *
Ed
 1e-07 1 1 0
1  110 0 -2.30038210702327e-13 2.00488379616149
4 C0 24 0 65 0
0

0101000
+243 0 -255 0 *
Wi

0101100
-238 0 -241 0 -398 0 +252 0 *
Fa
0  1e-07 24 0

0111000
-237 0 *
Wi

0101100
-380 0 *
Fa
0  1e-07 26 0

0111000
+235 0 *
Wi

0101100
-376 0 *
Fa
0  1e-07 28 0

0111000
+233 0 *
Ve
1e-07
-30 -76.3000000000002 -39.0000000000007
0 0

0101101
*
Ve
1e-07
-30 -76.362132034356 -39.1500000000007
0 0

0101101
*
Ed
 1e-07 1 1 0
1  111 0 0 0.785398163397425
2  111 20 0 0 0.785398163397425
4 C0 37 0 20 0
0

0101000
+231 0 -230 0 *
Ed
 1e-07 1 1 0
1  112 0 0 0.194974746830606
4 C0 37 0 19 0
0

0101000
+230 0 -329 0 *
Ve
1e-07
-30 -76.3000000000002 -41.4852813742393
0 0

0101101
*
Ed
 1e-07 1 1 0
1  113 0 0 0.199999999999804
4 C0 37 0 36 0
0

0101000
+318 0 -227 0 *
Ed
 1e-07 1 1 0
1  114 0 0 2.4852813742386
4 C0 37 0 66 0
0

0101000
+227 0 -231 0 *
Wi

0101100
+229 0 +228 0 +316 0 +226 0 +225 0 *
Fa
0  1e-07 37 0

0111000
+224 0 *
Ed
 1e-07 1 1 0
1  115 0 1.98951966012828e-13 2.7496564867488
2  112 20 0 1.98951966012828e-13 2.7496564867488
4 G1 19 0 20 0
0

0101000
+230 0 -412 0 *
Wi

0101100
+222 0 +411 0 +328 0 -228 0 *
Fa
0  1e-07 19 0

0111000
+221 0 *
Ve
1e-07
-30 -76.362132034356 -38.8500000000007
0 0

0101101
*
Ed
 1e-07 1 1 0
1  116 0 0 2.7496564867477
2  113 20 0 0 2.7496564867477
4 G1 21 0 20 0
0

0101000
+410 0 -219 0 *
Ed
 1e-07 1 1 0
1  117 0 -7.03401421490186e-14 0.194974746830465
4 C0 21 0 34 0
0

0101000
+219 0 -327 0 *
Wi

0101100
+326 0 +407 0 +218 0 +217 0 *
Fa
0  1e-07 21 0

0111000
+216 0 *
Ve
1e-07
-30 -76.3000000000002 -36.5147186257621
0 0

0101101
*
Ed
 1e-07 1 1 0
1  118 0 0 2.4852813742386
4 C0 34 0 66 0
0

0101000
+231 0 -214 0 *
Ed
 1e-07 1 1 0
1  119 0 0 0.199999999999804
4 C0 34 0 35 0
0

0101000
+214 0 -325 0 *
Ed
 1e-07 1 1 0
1  120 0 0 0.78539816339752
2  114 20 0 0 0.78539816339752
4 C0 34 0 20 0
0

0101000
+219 0 -231 0 *
Wi

0101100
+213 0 +212 0 +324 0 -217 0 +211 0 *
Fa
0  1e-07 34 0

0111000
+210 0 *
Ve
1e-07
-24 -76.3000000000002 -39.0000000000007
0 0

0101101
*
Ve
1e-07
-24.3621320343545 -76.3621320343555 -38.8500000000013
0 0

0101101
*
Ed
 1e-07 1 1 0
1  121 0 0 1
2  115 32 0 0 1
4 C0 35 0 32 0
0

0101000
+208 0 -207 0 *
Ed
 1e-07 1 1 0
1  122 0 1.5239822356395e-14 0.385745282731971
4 C0 35 0 33 0
0

0101000
+207 0 -323 0 *
Ed
 1e-07 1 1 0
1  123 0 0 6.49435320175438
4 C0 35 0 66 0
0

0101000
+214 0 -208 0 *
Wi

0101100
+206 0 +205 0 +322 0 -212 0 +204 0 *
Fa
0  1e-07 35 0

0111000
+203 0 *
Ed
 1e-07 1 1 0
1  124 0 0 4.3626945422649
2  116 32 0 0 4.3626945422649
4 G1 33 0 32 0
0

0101000
+207 0 -362 0 *
Wi

0101100
+201 0 +359 0 +321 0 -205 0 *
Fa
0  1e-07 33 0

0111000
+200 0 *
Ve
1e-07
-24.362132034353 -76.362132034356 -39.1500000000007
0 0

0101101
*
Ed
 1e-07 1 1 0
1  125 0 -0 4.3626945422634
2  117 32 0 -0 4.3626945422634
4 G1 31 0 32 0
0

0101000
+364 0 -198 0 *
Ed
 1e-07 1 1 0
1  126 0 -3.20057442336329e-14 0.385745282732859
4 C0 31 0 36 0
0

0101000
+198 0 -320 0 *
Wi

0101100
+319 0 +363 0 +197 0 +196 0 *
Fa
0  1e-07 31 0

0111000
+195 0 *
Ed
 1e-07 1 1 0
1  127 0 0 6.49435320175437
4 C0 36 0 66 0
0

0101000
+208 0 -227 0 *
Ed
 1e-07 1 1 0
1  128 0 0 1
2  118 32 0 0 1
4 C0 36 0 32 0
0

0101000
+198 0 -208 0 *
Wi

0101100
+193 0 -226 0 +317 0 -196 0 +192 0 *
Fa
0  1e-07 36 0

0111000
+191 0 *
Ve
1e-07
-24.5328728577599 -76.4000000000001 -41.1999999997261
0 0

0101101
*
Ve
1e-07
-23.0000000002501 -76.4000000000001 -41.1999999997261
0 0

0101101
*
Ed
 1e-07 1 1 0
1  129 0 3.68886104344636e-27 1.5328728575098
4 C0 41 0 67 0
0

0101000
+189 0 -188 0 *
Ed
 1e-07 1 1 0
1  130 0 1.13091099372587e-25 0.0999999999998948
4 C0 41 0 38 0
0

0101000
+313 0 -188 0 *
Ed
 1e-07 1 1 0
1  131 0 0 0.0999999999998948
4 C0 41 0 40 0
0

0101000
+189 0 -309 0 *
Wi

0101100
+187 0 -186 0 +307 0 -185 0 *
Fa
0  1e-07 41 0

0111000
-184 0 *
Ve
1e-07
-23.0000000002501 -76.4000000000001 -44.2125351749627
0 0

0101101
*
Ed
 1e-07 1 1 0
1  132 0 0 3.0125351752366
4 C0 38 0 67 0
0

0101000
+182 0 -188 0 *
Ed
 1e-07 1 1 0
1  133 0 1.13091099372587e-25 0.0999999999998948
4 C0 38 0 39 0
0

0101000
+314 0 -182 0 *
Wi

0101100
-181 0 -180 0 +312 0 +186 0 *
Fa
0  1e-07 38 0

0111000
-179 0 *
Ve
1e-07
-24.5328728577599 -76.4000000000001 -44.2125351749627
0 0

0101101
*
Ed
 1e-07 1 1 0
1  134 0 0 1.5328728575098
4 C0 39 0 67 0
0

0101000
+177 0 -182 0 *
Ed
 1e-07 1 1 0
1  135 0 0 0.0999999999998948
4 C0 39 0 40 0
0

0101000
+311 0 -177 0 *
Wi

0101100
-176 0 -175 0 +310 0 +180 0 *
Fa
0  1e-07 39 0

0111000
-174 0 *
Ed
 1e-07 1 1 0
1  136 0 0 3.0125351752366
4 C0 40 0 67 0
0

0101000
+189 0 -177 0 *
Wi

0101100
-172 0 +185 0 +308 0 +175 0 *
Fa
0  1e-07 40 0

0111000
-171 0 *
Ve
0.00116000074903509
-24.88475563061 -76.4000000000001 -21.8791150934062
0 0

0101101
*
Ve
0.00116000074903509
-23.22149046293 -76.4000000000001 -21.7862799321759
0 0

0101101
*
Ed
 0.00116000074903509 1 1 0
1  137 0 0 1
2  119 48 0 0 1
4 C0 48 0 68 0
0

0101000
+169 0 -168 0 *
Ed
 1e-07 1 1 0
1  138 0 0 1
2  120 48 0 0 1
4 C0 48 0 42 0
0

0101000
+168 0 -304 0 *
Ed
 1e-07 1 1 0
1  139 0 0 1
2  121 48 0 0 1
2  122 47 0 0 1
4 G1 48 0 47 0
0

0101000
+294 0 -169 0 *
Wi

0101100
+167 0 +166 0 +292 0 +165 0 *
Fa
0  1e-07 48 0

0111000
+164 0 *
Ve
1e-07
-23.676250588308 -76.4000000000001 -23.2102204462611
0 0

0101101
*
Ed
 1e-07 1 1 0
1  140 0 0 1.49479542389152
4 C0 42 0 68 0
0

0101000
+168 0 -162 0 *
Ed
 1e-07 1 1 0
1  141 0 0 1
2  123 43 0 0 1
4 C0 42 0 43 0
0

0101000
+162 0 -305 0 *
Wi

0101100
+161 0 +160 0 +303 0 -166 0 *
Fa
0  1e-07 42 0

0111000
+159 0 *
Ve
0.000701429215495981
-24.4080994658002 -76.4000000000001 -23.1935331726655
0 0

0101101
*
Ed
 1e-07 1 1 0
1  142 0 0 1
2  124 43 0 0 1
4 C0 43 0 68 0
0

0101000
+162 0 -157 0 *
Ed
 1e-07 1 1 0
1  143 0 0 1
2  125 43 0 0 1
2  126 44 0 0 1
4 G1 43 0 44 0
0

0101000
+157 0 -302 0 *
Wi

0101100
+156 0 +155 0 +301 0 -160 0 *
Fa
0  1e-07 43 0

0111000
+154 0 *
Ve
0.000701429215495981
-23.29802948827 -76.4000000000001 -25.7017421051558
0 0

0101101
*
Ed
 0.000701429215495981 1 1 0
1  144 0 0 1
2  127 44 0 0 1
4 C0 44 0 68 0
0

0101000
+157 0 -152 0 *
Ed
 1e-07 1 1 0
1  145 0 0 1
2  128 44 0 0 1
2  129 45 0 0 1
4 C0 44 0 45 0
0

0101000
+152 0 -300 0 *
Wi

0101100
+151 0 +150 0 +299 0 -155 0 *
Fa
0  1e-07 44 0

0111000
+149 0 *
Ve
1e-07
-18.48884175393 -76.4000000000001 -24.520657526751
0 0

0101101
*
Ed
 1e-07 1 1 0
1  146 0 0 1
2  130 45 0 0 1
4 C0 45 0 68 0
0

0101000
+152 0 -147 0 *
Ed
 1e-07 1 1 0
1  147 0 0 1
2  131 45 0 0 1
2  132 46 0 0 1
4 G1 45 0 46 0
0

0101000
+147 0 -298 0 *
Wi

0101100
+146 0 +145 0 +297 0 -150 0 *
Fa
0  1e-07 45 0

0111000
+144 0 *
Ve
1e-07
-20.2334625266799 -76.4000000000001 -27.9510692229893
0 0

0101101
*
Ed
 1e-07 1 1 0
1  148 0 0 1
2  133 46 0 0 1
4 C0 46 0 68 0
0

0101000
+147 0 -142 0 *
Ed
 1e-07 1 1 0
1  149 0 0 1
2  134 46 0 0 1
2  135 47 0 0 1
4 G1 46 0 47 0
0

0101000
+142 0 -296 0 *
Wi

0101100
+141 0 +140 0 +295 0 -145 0 *
Fa
0  1e-07 46 0

0111000
+139 0 *
Ed
 1e-07 1 1 0
1  150 0 0 1
2  136 47 0 0 1
4 C0 47 0 68 0
0

0101000
+142 0 -169 0 *
Wi

0101100
+137 0 -165 0 +293 0 -140 0 *
Fa
0  1e-07 47 0

0111000
+136 0 *
Ve
1e-07
-24.3956420049899 -76.4000000000001 -31.206753645899
0 0

0101101
*
Ve
1e-07
-24.3956420049899 -76.4000000000001 -33.2860578157635
0 0

0101101
*
Ed
 1e-07 1 1 0
1  151 0 0 2.0793041698645
4 C0 60 0 69 0
0

0101000
+134 0 -133 0 *
Ed
 1e-07 1 1 0
1  152 0 1.13091099372587e-25 0.0999999999998948
4 C0 60 0 49 0
0

0101000
+289 0 -134 0 *
Ed
 1e-07 1 1 0
1  153 0 0 0.0999999999998948
4 C0 60 0 59 0
0

0101000
+133 0 -269 0 *
Wi

0101100
-132 0 -131 0 +267 0 -130 0 *
Fa
0  1e-07 60 0

0111000
-129 0 *
Ve
1e-07
-22.9999999998699 -76.4000000000001 -31.206753645899
0 0

0101101
*
Ed
 1e-07 1 1 0
1  154 0 0 1.39564200512
4 C0 49 0 69 0
0

0101000
+127 0 -134 0 *
Ed
 1e-07 1 1 0
1  155 0 2.26182198745173e-25 0.0999999999998948
4 C0 49 0 50 0
0

0101000
+290 0 -127 0 *
Wi

0101100
-126 0 -125 0 +288 0 +131 0 *
Fa
0  1e-07 49 0

0111000
-124 0 *
Ve
1e-07
-22.9999999998699 -76.4000000000001 -33.2860578157634
0 0

0101101
*
Ed
 1e-07 1 1 0
1  156 0 0 2.0793041698644
4 C0 50 0 69 0
0

0101000
+122 0 -127 0 *
Ed
 1e-07 1 1 0
1  157 0 2.26182198745173e-25 0.0999999999998948
4 C0 50 0 51 0
0

0101000
+287 0 -122 0 *
Wi

0101100
-121 0 -120 0 +286 0 +125 0 *
Fa
0  1e-07 50 0

0111000
-119 0 *
Ve
1e-07
-20.8983514085801 -76.4000000000001 -33.2860578157634
0 0

0101101
*
Ed
 1e-07 1 1 0
1  158 0 0 2.1016485912898
4 C0 51 0 69 0
0

0101000
+117 0 -122 0 *
Ed
 1e-07 1 1 0
1  159 0 0 0.0999999999998948
4 C0 51 0 52 0
0

0101000
+285 0 -117 0 *
Wi

0101100
-116 0 -115 0 +284 0 +120 0 *
Fa
0  1e-07 51 0

0111000
-114 0 *
Ve
1e-07
-20.8983514085801 -76.4000000000001 -34.720695830601
0 0

0101101
*
Ed
 1e-07 1 1 0
1  160 0 0 1.4346380148376
4 C0 52 0 69 0
0

0101000
+112 0 -117 0 *
Ed
 1e-07 1 1 0
1  161 0 0 0.0999999999998948
4 C0 52 0 53 0
0

0101000
+283 0 -112 0 *
Wi

0101100
-111 0 -110 0 +282 0 +115 0 *
Fa
0  1e-07 52 0

0111000
-109 0 *
Ve
1e-07
-22.9999999998699 -76.4000000000001 -34.720695830601
0 0

0101101
*
Ed
 1e-07 1 1 0
1  162 0 0 2.1016485912898
4 C0 53 0 69 0
0

0101000
+107 0 -112 0 *
Ed
 1e-07 1 1 0
1  163 0 2.26182198745173e-25 0.0999999999998948
4 C0 53 0 54 0
0

0101000
+281 0 -107 0 *
Wi

0101100
-106 0 -105 0 +280 0 +110 0 *
Fa
0  1e-07 53 0

0111000
-104 0 *
Ve
1e-07
-22.9999999998699 -76.4000000000001 -36.8000000004654
0 0

0101101
*
Ed
 1e-07 1 1 0
1  164 0 0 2.0793041698644
4 C0 54 0 69 0
0

0101000
+102 0 -107 0 *
Ed
 1e-07 1 1 0
1  165 0 2.26182198745173e-25 0.0999999999998948
4 C0 54 0 55 0
0

0101000
+279 0 -102 0 *
Wi

0101100
-101 0 -100 0 +278 0 +105 0 *
Fa
0  1e-07 54 0

0111000
-99 0 *
Ve
1e-07
-24.3956420049899 -76.4000000000001 -36.8000000004654
0 0

0101101
*
Ed
 1e-07 1 1 0
1  166 0 0 1.39564200512
4 C0 55 0 69 0
0

0101000
+97 0 -102 0 *
Ed
 1e-07 1 1 0
1  167 0 1.13091099372587e-25 0.0999999999998948
4 C0 55 0 56 0
0

0101000
+277 0 -97 0 *
Wi

0101100
-96 0 -95 0 +276 0 +100 0 *
Fa
0  1e-07 55 0

0111000
-94 0 *
Ve
1e-07
-24.3956420049899 -76.4000000000001 -34.720695830601
0 0

0101101
*
Ed
 1e-07 1 1 0
1  168 0 0 2.0793041698644
4 C0 56 0 69 0
0

0101000
+92 0 -97 0 *
Ed
 1e-07 1 1 0
1  169 0 1.13091099372587e-25 0.0999999999998948
4 C0 56 0 57 0
0

0101000
+275 0 -92 0 *
Wi

0101100
-91 0 -90 0 +274 0 +95 0 *
Fa
0  1e-07 56 0

0111000
-89 0 *
Ve
1e-07
-26.49115140858 -76.4000000000001 -34.720695830601
0 0

0101101
*
Ed
 1e-07 1 1 0
1  170 0 0 2.0955094035901
4 C0 57 0 69 0
0

0101000
+87 0 -92 0 *
Ed
 1e-07 1 1 0
1  171 0 0 0.0999999999998948
4 C0 57 0 58 0
0

0101000
+273 0 -87 0 *
Wi

0101100
-86 0 -85 0 +272 0 +90 0 *
Fa
0  1e-07 57 0

0111000
-84 0 *
Ve
1e-07
-26.49115140858 -76.4000000000001 -33.2860578157635
0 0

0101101
*
Ed
 1e-07 1 1 0
1  172 0 0 1.4346380148375
4 C0 58 0 69 0
0

0101000
+82 0 -87 0 *
Ed
 1e-07 1 1 0
1  173 0 0 0.0999999999998948
4 C0 58 0 59 0
0

0101000
+271 0 -82 0 *
Wi

0101100
-81 0 -80 0 +270 0 +85 0 *
Fa
0  1e-07 58 0

0111000
-79 0 *
Ed
 1e-07 1 1 0
1  174 0 6.746038646899e-28 2.0955094035901
4 C0 59 0 69 0
0

0101000
+133 0 -82 0 *
Wi

0101100
-77 0 +130 0 +268 0 +80 0 *
Fa
0  1e-07 59 0

0111000
-76 0 *
Ve
1e-07
-16.5311560597199 -76.4000000000001 -21.6129938978073
0 0

0101101
*
Ve
1e-07
-17.1546316200488 -76.4000000000001 -23.0133429339282
0 0

0101101
*
Ed
 1e-07 1 1 0
1  175 0 0 1.53287285751042
4 C0 64 0 70 0
0

0101000
+74 0 -73 0 *
Ed
 1e-07 1 1 0
1  176 0 0 0.0999999999998948
4 C0 64 0 61 0
0

0101000
+73 0 -264 0 *
Ed
 1e-07 1 1 0
1  177 0 0 0.0999999999998948
4 C0 64 0 63 0
0

0101000
+260 0 -74 0 *
Wi

0101100
+72 0 +71 0 +258 0 +70 0 *
Fa
0  1e-07 64 0

0111000
+69 0 *
Ve
1e-07
-18.5549806561701 -76.4000000000001 -22.3898673736028
0 0

0101101
*
Ed
 1e-07 1 1 0
1  178 0 0 1.53287285750936
4 C0 61 0 70 0
0

0101000
+73 0 -67 0 *
Ed
 1e-07 1 1 0
1  179 0 0 0.0999999999998948
4 C0 61 0 62 0
0

0101000
+67 0 -265 0 *
Wi

0101100
+66 0 +65 0 +263 0 -71 0 *
Fa
0  1e-07 61 0

0111000
+64 0 *
Ve
1e-07
-17.9315050958412 -76.4000000000001 -20.9895183374819
0 0

0101101
*
Ed
 1e-07 1 1 0
1  180 0 -9.08758324200427e-14 1.53287285751033
4 C0 62 0 70 0
0

0101000
+67 0 -62 0 *
Ed
 1e-07 1 1 0
1  181 0 0 0.0999999999998948
4 C0 62 0 63 0
0

0101000
+62 0 -262 0 *
Wi

0101100
+61 0 +60 0 +261 0 -65 0 *
Fa
0  1e-07 62 0

0111000
+59 0 *
Ed
 1e-07 1 1 0
1  182 0 0 1.53287285750936
4 C0 63 0 70 0
0

0101000
+62 0 -74 0 *
Wi

0101100
+57 0 -70 0 +259 0 -60 0 *
Fa
0  1e-07 63 0

0111000
+56 0 *
Wi

0101100
-242 0 +238 0 +253 0 +247 0 *
Fa
0  1e-07 65 0

0111000
-54 0 *
Wi

0101100
-193 0 -204 0 -213 0 -225 0 *
Fa
0  1e-07 66 0

0111000
+52 0 *
Wi

0101100
+229 0 +222 0 +409 0 +218 0 +211 0 *
Fa
0  1e-07 20 0

0111000
+50 0 *
Wi

0101100
+206 0 +201 0 -361 0 +197 0 +192 0 *
Fa
0  1e-07 32 0

0111000
+48 0 *
Wi

0101100
+369 0 *
Fa
0  1e-07 30 0

0111000
+46 0 *
Wi

0101100
-187 0 +172 0 +176 0 +181 0 *
Fa
0  1e-07 67 0

0111000
-44 0 *
Wi

0101100
-156 0 -161 0 -167 0 -137 0 -141 0 -146 0 -151 0 *
Ve
1e-07
-21.75959424282 -76.4000000000001 -24.2539910586713
0 0

0101101
*
Ve
1e-07
-19.7088073555001 -76.4000000000001 -25.142417590684
0 0

0101101
*
Ed
 1e-07 1 1 0
1  183 0 0 1
2  137 71 0 0 1
4 C0 68 0 71 0
0

0101000
+41 0 -40 0 *
Ve
1e-07
-20.38460602025 -76.4000000000001 -26.4791465963346
0 0

0101101
*
Ed
 1e-07 1 1 0
1  184 0 0 1
2  138 72 0 0 1
4 C0 68 0 72 0
0

0101000
+40 0 -38 0 *
Ve
1e-07
-22.3897026959203 -76.4000000000001 -25.6289845609547
0 0

0101101
*
Ed
 1e-07 1 1 0
1  185 0 0 1
2  139 73 0 0 1
4 C0 68 0 73 0
0

0101000
+38 0 -36 0 *
Ed
 1e-07 1 1 0
1  186 0 0 1
2  140 74 0 0 1
4 C0 68 0 74 0
0

0101000
+36 0 -41 0 *
Wi

0101100
+39 0 +37 0 +35 0 +34 0 *
Fa
0  1e-07 68 0

0111000
+42 0 +33 0 *
Wi

0101100
+132 0 +77 0 +81 0 +86 0 +91 0 +96 0 +101 0 +106 0 +111 0 +116 0 
+121 0 +126 0 *
Fa
0  1e-07 69 0

0111000
-31 0 *
Wi

0101100
-61 0 -66 0 -72 0 -57 0 *
Fa
0  1e-07 70 0

0111000
+29 0 *
Ve
0.00109163951900481
-19.7088073555001 -76.5 -25.142417590684
0 0

0101101
*
Ed
 1e-07 1 1 0
1  187 0 0 1
2  141 72 0 0 1
2  142 71 0 0 1
4 G1 72 0 71 0
0

0101000
+40 0 -27 0 *
Ve
0.00102013347151305
-20.38460602025 -76.5 -26.4791465963346
0 0

0101101
*
Ed
 0.000897578756132411 1 1 0
1  188 0 0 1
2  143 72 0 0 1
4 C0 72 0 75 0
0

0101000
+27 0 -25 0 *
Ed
 1e-07 1 1 0
1  189 0 0 1
2  144 72 0 0 1
2  145 73 0 0 1
4 G1 72 0 73 0
0

0101000
+25 0 -38 0 *
Wi

0101100
-37 0 +26 0 +24 0 +23 0 *
Fa
0  1e-07 72 0

0111000
+22 0 *
Ve
0.00109163951900481
-21.75959424282 -76.5 -24.2539910586713
0 0

0101101
*
Ed
 1e-07 1 1 0
1  190 0 0 1
2  146 71 0 0 1
2  147 74 0 0 1
4 G1 71 0 74 0
0

0101000
+41 0 -20 0 *
Ed
 0.00109163951900481 1 1 0
1  191 0 0 1
2  148 71 0 0 1
4 C0 71 0 75 0
0

0101000
+20 0 -27 0 *
Wi

0101100
-39 0 +19 0 +18 0 -26 0 *
Fa
0  1e-07 71 0

0111000
+17 0 *
Ve
0.00102013347151305
-22.3897026959203 -76.5 -25.6289845609547
0 0

0101101
*
Ed
 1e-07 1 1 0
1  192 0 0 1
2  149 74 0 0 1
2  150 73 0 0 1
4 G1 74 0 73 0
0

0101000
+36 0 -15 0 *
Ed
 1e-07 1 1 0
1  193 0 0 1
2  151 74 0 0 1
4 C0 74 0 75 0
0

0101000
+15 0 -20 0 *
Wi

0101100
-34 0 +14 0 +13 0 -19 0 *
Fa
0  1e-07 74 0

0111000
+12 0 *
Ed
 0.00102013347151305 1 1 0
1  194 0 0 1
2  152 73 0 0 1
4 C0 73 0 75 0
0

0101000
+25 0 -15 0 *
Wi

0101100
-35 0 -23 0 +10 0 -14 0 *
Fa
0  1e-07 73 0

0111000
+9 0 *
Wi

0101100
-24 0 -18 0 -13 0 -10 0 *
Fa
0  1e-07 75 0

0111000
-7 0 *
Sh

0101100
-461 0 +442 0 +439 0 +432 0 +425 0 +395 0 +386 0 +378 0 +371 0 -356 0 
-351 0 -347 0 +344 0 +342 0 +339 0 +336 0 +334 0 -332 0 +330 0 -256 0 
-249 0 -244 0 +239 0 -236 0 +234 0 +232 0 +223 0 +220 0 +215 0 +209 0 
+202 0 +199 0 +194 0 +190 0 -183 0 -178 0 -173 0 -170 0 +163 0 +158 0 
+153 0 +148 0 +143 0 +138 0 +135 0 -128 0 -123 0 -118 0 -113 0 -108 0 
-103 0 -98 0 -93 0 -88 0 -83 0 -78 0 -75 0 +68 0 +63 0 +58 0 
+55 0 -53 0 +51 0 -49 0 -47 0 +45 0 -43 0 +32 0 -30 0 +28 0 
+21 0 +16 0 +11 0 +8 0 -6 0 *
So

0100000
+5 0 *
Ve
1e-07
0 0 0
0 0

0101101
*
Co

0100000
+3 0 *
Co

1100000
+4 0 +2 0 *

+1 0 